<?xml version="1.0" encoding="UTF-8"?>
<COLLADA xmlns="http://www.collada.org/2005/11/COLLADASchema" version="1.4.1">
    <asset>
        <contributor>
            <author>VCGLab</author>
            <authoring_tool>VCGLib | MeshLab</authoring_tool>
        </contributor>
        <created>Sun May 11 22:16:33 2025 GMT</created>
        <modified>Sun May 11 22:16:33 2025 GMT</modified>
        <up_axis>Y_UP</up_axis>
    </asset>
    <library_geometries>
        <geometry id="shape0-lib" name="shape0">
            <mesh>
                <source id="shape0-lib-positions" name="position">
                    <float_array id="shape0-lib-positions-array" count="8205">13.9077 16.025 2.91308 13.7935 15.7801 2.91308 13.8 17.4 2.91308 11 -7.4 2.91308 11 7.4 2.91308 13.8 7.4 2.91308 -4 -15 2.91308 -4 -18 2.91308 -11 -15 2.91308 -16 -18 2.91308 -14.7199 -13.7935 2.91308 -14.9808 -13.7235 2.91308 -16 -12.9176 2.91308 -15.25 -13.7 2.91308 -16 -17.5824 2.91308 -15.5192 -16.7765 2.91308 -15.25 -16.8 2.91308 -14.9808 -16.7765 2.91308 -16.025 -13.9077 2.91308 -16.3793 -13.0758 2.91308 -15.7801 -13.7935 2.91308 -15.5192 -13.7235 2.91308 -16.4374 -16.2463 2.91308 -16.2463 -16.4374 2.91308 -16.3793 -17.4242 2.91308 -16.025 -16.5923 2.91308 -15.7801 -16.7065 2.91308 -14.7199 -16.7065 2.91308 -14.475 -16.5923 2.91308 -14.2537 -16.4374 2.91308 -14.0626 -16.2463 2.91308 -13.7235 -15.5192 2.91308 -13.7 -15.25 2.91308 -13.9077 -16.025 2.91308 -13.7935 -15.7801 2.91308 -13.9077 -14.475 2.91308 -11 -7.4 2.91308 -13.7935 -14.7199 2.91308 -13.7235 -14.9808 2.91308 -14.0626 -14.2537 2.91308 -14.2537 -14.0626 2.91308 -14.475 -13.9077 2.91308 -16.2287 -1.21783 2.91308 -16.1 0 2.91308 -16 -1.4117 2.91308 -16.0833 -0.191013 2.91308 -16.4536 0.938087 2.91308 -16.0833 0.191013 2.91308 -16 7.4 2.91308 -14.6238 1.03366 2.91308 -16 1.4117 2.91308 -14.809 1.08329 2.91308 -11 7.4 2.91308 -14.2929 0.842648 2.91308 -14.45 0.952629 2.91308 -15 1.1 2.91308 -15.191 1.08329 2.91308 -15.3762 1.03366 2.91308 -13.9663 0.376221 2.91308 -14.0474 0.549999 2.91308 -14.1574 0.707066 2.91308 -15.55 0.952629 2.91308 -15.7071 0.842648 2.91308 -16.2287 1.21782 2.91308 -15.8426 0.707066 2.91308 -16.4206 0.987362 2.91308 -15.9526 0.549999 2.91308 -16.0337 0.376221 2.91308 -13.9663 -0.376221 2.91308 -13.9167 -0.191013 2.91308 -13.9 0 2.91308 -13.9167 0.191013 2.91308 -14.809 -1.08329 2.91308 -16 -7.4 2.91308 -15 -1.1 2.91308 -15.191 -1.08329 2.91308 -16.0337 -0.376221 2.91308 -15.9526 -0.549999 2.91308 -15.8426 -0.707066 2.91308 -14.6238 -1.03366 2.91308 -14.45 -0.952629 2.91308 -14.2929 -0.842648 2.91308 -15.7071 -0.842648 2.91308 -15.55 -0.952629 2.91308 -15.3762 -1.03366 2.91308 -14.1574 -0.707066 2.91308 -14.0474 -0.549999 2.91308 -16.2463 16.4374 2.91308 -16.4374 16.2463 2.91308 -16.3793 17.4242 2.91308 -15.25 16.8 2.91308 -15.5192 16.7765 2.91308 -11 15 2.91308 -16 12.9176 2.91308 -15.7801 16.7065 2.91308 -16.025 16.5923 2.91308 -14.9808 13.7235 2.91308 -15.25 13.7 2.91308 -15.5192 13.7235 2.91308 -14.9808 16.7765 2.91308 0 17.4 2.91308 -14.7199 16.7065 2.91308 -14.475 16.5923 2.91308 -14.2537 16.4374 2.91308 -16.4374 14.2537 2.91308 -16.2463 14.0626 2.91308 -16.3793 13.0758 2.91308 -16.025 13.9077 2.91308 -15.7801 13.7935 2.91308 -14.7199 13.7935 2.91308 -14.475 13.9077 2.91308 -14.2537 14.0626 2.91308 -14.0626 14.2537 2.91308 -13.9077 14.475 2.91308 -13.7935 14.7199 2.91308 -13.7235 14.9808 2.91308 -13.7 15.25 2.91308 -13.7235 15.5192 2.91308 -13.7935 15.7801 2.91308 -13.9077 16.025 2.91308 -14.0626 16.2463 2.91308 11 15 2.91308 0 15 2.91308 13.7 15.25 2.91308 13.7235 14.9808 2.91308 13.7935 14.7199 2.91308 13.7235 15.5192 2.91308 4 -18 2.91308 4 -15 2.91308 13.8 -18 2.91308 11 -15 2.91308 16.2463 -16.4374 2.91308 16.4374 -16.2463 2.91308 16.3793 -17.4242 2.91308 14.475 -16.5923 2.91308 14.7199 -16.7065 2.91308 16 -17.5824 2.91308 14.9808 -16.7765 2.91308 15.25 -16.8 2.91308 13.7 -15.25 2.91308 13.7235 -15.5192 2.91308 13.7935 -15.7801 2.91308 13.9077 -16.025 2.91308 14.0626 -16.2463 2.91308 16 -18 2.91308 14.2537 -16.4374 2.91308 15.5192 -16.7765 2.91308 15.7801 -16.7065 2.91308 16.025 -16.5923 2.91308 16.5923 -16.025 2.91308 17.0329 -16.9304 2.91308 16.7269 -17.2048 2.91308 16.8 -15.25 2.91308 17.6914 -15.4555 2.91308 16.7765 -15.5192 2.91308 17.6227 -15.8607 2.91308 16.7065 -15.7801 2.91308 17.4872 -16.2488 2.91308 17.2887 -16.6087 2.91308 16.3793 -13.0758 2.91308 16.7269 -13.2952 2.91308 16.4374 -14.2537 2.91308 17.0329 -13.5696 2.91308 16.5923 -14.475 2.91308 17.2887 -13.8913 2.91308 16.7065 -14.7199 2.91308 17.4872 -14.2512 2.91308 16.7765 -14.9808 2.91308 17.6227 -14.6393 2.91308 17.6914 -15.0445 2.91308 14.475 -13.9077 2.91308 14.2537 -14.0626 2.91308 13.8 -7.4 2.91308 14.0626 -14.2537 2.91308 13.9077 -14.475 2.91308 13.7935 -14.7199 2.91308 15.25 -13.7 2.91308 14.9808 -13.7235 2.91308 14.7199 -13.7935 2.91308 16.2463 -14.0626 2.91308 16.025 -13.9077 2.91308 16 -12.9176 2.91308 15.7801 -13.7935 2.91308 15.5192 -13.7235 2.91308 16 1.4117 2.91308 16.2287 1.21782 2.91308 16.4206 0.987362 2.91308 14.0474 -0.549999 2.91308 14.1573 -0.707066 2.91308 13.9 0 2.91308 13.9167 -0.191013 2.91308 13.9663 -0.376221 2.91308 16.0833 -0.191013 2.91308 16.1 0 2.91308 16.4536 -0.938087 2.91308 14.2929 -0.842648 2.91308 14.45 -0.952629 2.91308 14.6238 -1.03366 2.91308 15.191 1.08329 2.91308 15 1.1 2.91308 13.9663 0.376221 2.91308 13.9167 0.191013 2.91308 14.0474 0.549999 2.91308 13.7235 -14.9808 2.91308 15.3762 1.03366 2.91308 14.809 1.08329 2.91308 14.6238 1.03366 2.91308 14.45 0.952629 2.91308 14.2929 0.842648 2.91308 14.1573 0.707066 2.91308 15.191 -1.08329 2.91308 15.3762 -1.03366 2.91308 16.2287 -1.21783 2.91308 15.55 -0.952629 2.91308 16.0833 0.191013 2.91308 16.0337 0.376221 2.91308 16.4536 0.938087 2.91308 15.9526 0.549999 2.91308 15.8426 0.707066 2.91308 15.7071 0.842648 2.91308 15.55 0.952629 2.91308 16 -7.4 2.91308 16 -1.4117 2.91308 14.809 -1.08329 2.91308 15 -1.1 2.91308 15.7071 -0.842648 2.91308 15.8426 -0.707066 2.91308 16.4206 -0.987366 2.91308 15.9526 -0.549999 2.91308 16.0337 -0.376221 2.91308 16.6717 0.445271 2.91308 16.5697 -0.727242 2.91308 16.5697 0.727242 2.91308 16.7235 0.149925 2.91308 16.7235 -0.149925 2.91308 16.6717 -0.445271 2.91308 13.9077 14.475 2.91308 14.0626 14.2537 2.91308 14.2537 14.0626 2.91308 14.475 13.9077 2.91308 16 12.9176 2.91308 14.9808 13.7235 2.91308 15.25 13.7 2.91308 15.5192 13.7235 2.91308 15.7801 13.7935 2.91308 16.3793 13.0758 2.91308 16.025 13.9077 2.91308 16 7.4 2.91308 14.7199 13.7935 2.91308 16.2463 14.0626 2.91308 16.4374 14.2537 2.91308 16.7269 13.2952 2.91308 17.0329 13.5696 2.91308 16.5923 14.475 2.91308 17.2887 13.8913 2.91308 17.4872 14.2512 2.91308 16.7065 14.7199 2.91308 17.6227 14.6393 2.91308 16.7765 14.9808 2.91308 17.6914 15.0445 2.91308 16.8 15.25 2.91308 17.6914 15.4555 2.91308 16.7765 15.5192 2.91308 17.6227 15.8607 2.91308 16.3793 17.4242 2.91308 15.7801 16.7065 2.91308 15.5192 16.7765 2.91308 15.25 16.8 2.91308 14.9808 16.7765 2.91308 14.7199 16.7065 2.91308 14.475 16.5923 2.91308 14.2537 16.4374 2.91308 14.0626 16.2463 2.91308 17.4872 16.2488 2.91308 16.7065 15.7801 2.91308 17.2887 16.6087 2.91308 16.5923 16.025 2.91308 17.0329 16.9304 2.91308 16.4374 16.2463 2.91308 16.7269 17.2048 2.91308 16.2463 16.4374 2.91308 16.025 16.5923 2.91308 16 17.5824 2.91308 16 18 2.91308 -16 17.5824 2.91308 -16.5923 16.025 2.91308 -17.0329 16.9304 2.91308 -16.7269 17.2048 2.91308 -16.7765 14.9808 2.91308 -17.6914 15.0445 2.91308 -16.8 15.25 2.91308 -17.6914 15.4555 2.91308 -16.7765 15.5192 2.91308 -17.6227 15.8607 2.91308 -16.7065 15.7801 2.91308 -17.4872 16.2488 2.91308 -17.2887 16.6087 2.91308 -16.7269 13.2952 2.91308 -17.0329 13.5696 2.91308 -16.5923 14.475 2.91308 -17.2887 13.8913 2.91308 -16.7065 14.7199 2.91308 -17.4872 14.2512 2.91308 -17.6227 14.6393 2.91308 -16.4206 -0.987366 2.91308 -16.4536 -0.938087 2.91308 -16.5697 -0.727242 2.91308 -16.5697 0.727242 2.91308 -16.6717 -0.445271 2.91308 -16.7235 -0.149925 2.91308 -16.7235 0.149925 2.91308 -16.6717 0.445271 2.91308 -16.2463 -14.0626 2.91308 -16.4374 -14.2537 2.91308 -16.7269 -13.2952 2.91308 -16.8 -15.25 2.91308 -17.6914 -15.0445 2.91308 -16.7765 -14.9808 2.91308 -17.6227 -14.6393 2.91308 -16.7065 -14.7199 2.91308 -17.4872 -14.2512 2.91308 -16.5923 -14.475 2.91308 -17.2887 -13.8913 2.91308 -17.0329 -13.5696 2.91308 -16.7269 -17.2048 2.91308 -17.0329 -16.9304 2.91308 -16.5923 -16.025 2.91308 -17.2887 -16.6087 2.91308 -16.7065 -15.7801 2.91308 -17.4872 -16.2488 2.91308 -16.7765 -15.5192 2.91308 -17.6227 -15.8607 2.91308 -17.6914 -15.4555 2.91308 13.8 18 2.91308 0 18 2.91308 -16 18 2.91308 16.4206 -0.987366 3.81308 16.4536 -0.938087 3.81308 16.1 0 3.81308 16 17.5824 3.81308 16 18 3.81308 13.8 18 3.81308 -14.475 13.9077 3.81308 -16 12.9176 3.81308 -16 7.4 3.81308 -15.5192 -13.7235 3.81308 -15.25 -13.7 3.81308 -16 -12.9176 3.81308 -4.63 -18 3.81308 0 -18 3.81308 -4.63 -13.03 3.81308 0 -7.4 3.81308 -12.43 -13.03 3.81308 -16 -7.4 3.81308 -15.25 -16.8 3.81308 -16 -17.5824 3.81308 -14.9808 -16.7765 3.81308 -14.7199 -16.7065 3.81308 -12.43 -18 3.81308 -14.2537 -16.4374 3.81308 -14.475 -16.5923 3.81308 -16 -18 3.81308 -16.4374 -14.2537 3.81308 -16.2463 -14.0626 3.81308 -16.3793 -13.0758 3.81308 -16.025 -13.9077 3.81308 -15.7801 -13.7935 3.81308 -15.5192 -16.7765 3.81308 -15.7801 -16.7065 3.81308 -16.3793 -17.4242 3.81308 -16.025 -16.5923 3.81308 -14.2537 -14.0626 3.81308 -14.0626 -14.2537 3.81308 -13.9077 -14.475 3.81308 -13.7935 -14.7199 3.81308 -13.7235 -14.9808 3.81308 -13.7 -15.25 3.81308 -13.7235 -15.5192 3.81308 -13.7935 -15.7801 3.81308 -13.9077 -16.025 3.81308 -14.0626 -16.2463 3.81308 -14.9808 -13.7235 3.81308 -14.7199 -13.7935 3.81308 -14.475 -13.9077 3.81308 -16.2463 -16.4374 3.81308 -16.4374 -16.2463 3.81308 -16.7269 -17.2048 3.81308 -16.7269 -13.2952 3.81308 -17.0329 -13.5696 3.81308 -16.5923 -14.475 3.81308 -17.2887 -13.8913 3.81308 -16.7065 -14.7199 3.81308 -17.4872 -14.2512 3.81308 -16.7765 -14.9808 3.81308 -17.6227 -14.6393 3.81308 -17.6914 -15.0445 3.81308 -16.8 -15.25 3.81308 -17.6914 -15.4555 3.81308 -16.7765 -15.5192 3.81308 -17.6227 -15.8607 3.81308 -16.7065 -15.7801 3.81308 -17.4872 -16.2488 3.81308 -16.5923 -16.025 3.81308 -17.2887 -16.6087 3.81308 -17.0329 -16.9304 3.81308 -13.9167 0.191013 3.81308 -13.9 0 3.81308 -13.9167 -0.191013 3.81308 -16.1 0 3.81308 -16.0833 0.191013 3.81308 -16.4536 0.938087 3.81308 -15 1.1 3.81308 -15.191 1.08329 3.81308 -16 1.4117 3.81308 -15.3762 1.03366 3.81308 -15.55 0.952629 3.81308 -14.2929 0.842648 3.81308 -14.1574 0.707066 3.81308 0 7.4 3.81308 -14.0474 0.549999 3.81308 -13.9663 0.376221 3.81308 -16.0337 0.376221 3.81308 -15.9526 0.549999 3.81308 -16.4206 0.987362 3.81308 -15.8426 0.707066 3.81308 -16.2287 1.21782 3.81308 -15.7071 0.842648 3.81308 -14.809 1.08329 3.81308 -14.6238 1.03366 3.81308 -14.45 0.952629 3.81308 -15 -1.1 3.81308 -15.191 -1.08329 3.81308 -16 -1.4117 3.81308 -15.3762 -1.03366 3.81308 -13.9663 -0.376221 3.81308 -14.0474 -0.549999 3.81308 -14.1574 -0.707066 3.81308 -14.2929 -0.842648 3.81308 -14.45 -0.952629 3.81308 -14.6238 -1.03366 3.81308 -14.809 -1.08329 3.81308 -15.55 -0.952629 3.81308 -15.7071 -0.842648 3.81308 -16.2287 -1.21783 3.81308 -15.8426 -0.707066 3.81308 -16.4206 -0.987366 3.81308 -15.9526 -0.549999 3.81308 -16.4536 -0.938087 3.81308 -16.0337 -0.376221 3.81308 -16.0833 -0.191013 3.81308 -16.5697 -0.727242 3.81308 -16.5697 0.727242 3.81308 -16.6717 0.445271 3.81308 -16.7235 0.149925 3.81308 -16.7235 -0.149925 3.81308 -16.6717 -0.445271 3.81308 -16.3793 17.4242 3.81308 -16.4374 16.2463 3.81308 -16.2463 16.4374 3.81308 -14.7199 13.7935 3.81308 -14.9808 13.7235 3.81308 -15.25 13.7 3.81308 -16.025 16.5923 3.81308 -15.7801 16.7065 3.81308 -15.5192 16.7765 3.81308 -15.25 16.8 3.81308 -14.9808 16.7765 3.81308 -12.43 17.4 3.81308 -15.5192 13.7235 3.81308 -15.7801 13.7935 3.81308 -16.3793 13.0758 3.81308 -16.025 13.9077 3.81308 -14.7199 16.7065 3.81308 -14.475 16.5923 3.81308 -14.2537 16.4374 3.81308 -13.7935 14.7199 3.81308 -13.9077 14.475 3.81308 -12.43 13.03 3.81308 -14.0626 14.2537 3.81308 -14.2537 14.0626 3.81308 -14.0626 16.2463 3.81308 -13.9077 16.025 3.81308 -13.7935 15.7801 3.81308 -13.7235 15.5192 3.81308 -13.7 15.25 3.81308 -13.7235 14.9808 3.81308 -16.2463 14.0626 3.81308 -16.4374 14.2537 3.81308 -16.7269 13.2952 3.81308 -16.7269 17.2048 3.81308 -17.0329 16.9304 3.81308 -16.5923 16.025 3.81308 -17.2887 16.6087 3.81308 -16.7065 15.7801 3.81308 -17.4872 16.2488 3.81308 -16.7765 15.5192 3.81308 -17.6227 15.8607 3.81308 -17.6914 15.4555 3.81308 -16.8 15.25 3.81308 -17.6914 15.0445 3.81308 -16.7765 14.9808 3.81308 -17.6227 14.6393 3.81308 -16.7065 14.7199 3.81308 -17.4872 14.2512 3.81308 -16.5923 14.475 3.81308 -17.2887 13.8913 3.81308 -17.0329 13.5696 3.81308 -12.43 18 3.81308 -16 18 3.81308 -16 17.5824 3.81308 0 18 3.81308 -4.63 18 3.81308 -4.63 17.4 3.81308 -4.63 13.03 3.81308 0 17.4 3.81308 4.63 18 3.81308 13.7 15.25 3.81308 12.43 17.4 3.81308 13.7235 14.9808 3.81308 12.43 13.03 3.81308 13.7935 14.7199 3.81308 16.3793 17.4242 3.81308 13.8 17.4 3.81308 12.43 18 3.81308 13.7235 15.5192 3.81308 13.7935 15.7801 3.81308 13.9077 16.025 3.81308 14.0626 16.2463 3.81308 14.2537 16.4374 3.81308 14.475 16.5923 3.81308 14.7199 16.7065 3.81308 14.9808 16.7765 3.81308 15.25 16.8 3.81308 15.5192 16.7765 3.81308 15.7801 16.7065 3.81308 16.025 16.5923 3.81308 16.7269 17.2048 3.81308 16.2463 16.4374 3.81308 16.4374 16.2463 3.81308 17.0329 16.9304 3.81308 16.5923 16.025 3.81308 16.7765 14.9808 3.81308 17.6914 15.0445 3.81308 16.8 15.25 3.81308 17.6914 15.4555 3.81308 16.7765 15.5192 3.81308 17.6227 15.8607 3.81308 16.7065 15.7801 3.81308 17.4872 16.2488 3.81308 17.2887 16.6087 3.81308 16.3793 13.0758 3.81308 16.7269 13.2952 3.81308 16.4374 14.2537 3.81308 17.0329 13.5696 3.81308 16.5923 14.475 3.81308 17.2887 13.8913 3.81308 16.7065 14.7199 3.81308 17.4872 14.2512 3.81308 17.6227 14.6393 3.81308 13.9077 14.475 3.81308 13.8 7.4 3.81308 4.63 13.03 3.81308 4.63 17.4 3.81308 15.25 13.7 3.81308 14.9808 13.7235 3.81308 14.7199 13.7935 3.81308 14.475 13.9077 3.81308 14.2537 14.0626 3.81308 14.0626 14.2537 3.81308 16.2463 14.0626 3.81308 16.025 13.9077 3.81308 16 12.9176 3.81308 15.7801 13.7935 3.81308 15.5192 13.7235 3.81308 16.0833 -0.191013 3.81308 16 -1.4117 3.81308 16.2287 -1.21783 3.81308 16.0337 -0.376221 3.81308 15.9526 -0.549999 3.81308 15.8426 -0.707066 3.81308 15.3762 1.03366 3.81308 16 1.4117 3.81308 15.191 1.08329 3.81308 15 1.1 3.81308 14.2929 0.842648 3.81308 14.45 0.952629 3.81308 14.6238 1.03366 3.81308 13.9167 -0.191013 3.81308 13.8 -7.4 3.81308 13.9663 -0.376221 3.81308 14.0474 -0.549999 3.81308 16 7.4 3.81308 14.809 1.08329 3.81308 15.55 0.952629 3.81308 15.7071 0.842648 3.81308 16.2287 1.21782 3.81308 15.8426 0.707066 3.81308 16.4206 0.987362 3.81308 15.9526 0.549999 3.81308 16.4536 0.938087 3.81308 16.0337 0.376221 3.81308 16.0833 0.191013 3.81308 13.9 0 3.81308 13.9167 0.191013 3.81308 13.9663 0.376221 3.81308 15.3762 -1.03366 3.81308 16 -7.4 3.81308 15.55 -0.952629 3.81308 15.7071 -0.842648 3.81308 14.6238 -1.03366 3.81308 14.45 -0.952629 3.81308 14.0474 0.549999 3.81308 14.1573 0.707066 3.81308 14.2929 -0.842648 3.81308 14.1573 -0.707066 3.81308 15.191 -1.08329 3.81308 15 -1.1 3.81308 14.809 -1.08329 3.81308 16.5697 0.727242 3.81308 16.5697 -0.727242 3.81308 16.6717 -0.445271 3.81308 16.7235 -0.149925 3.81308 16.7235 0.149925 3.81308 16.6717 0.445271 3.81308 16.2463 -14.0626 3.81308 16.4374 -14.2537 3.81308 16.3793 -13.0758 3.81308 14.0626 -14.2537 3.81308 13.9077 -14.475 3.81308 13.7935 -14.7199 3.81308 16 -12.9176 3.81308 14.475 -13.9077 3.81308 14.2537 -14.0626 3.81308 14.7199 -13.7935 3.81308 14.9808 -13.7235 3.81308 15.25 -13.7 3.81308 15.5192 -13.7235 3.81308 15.7801 -13.7935 3.81308 16.025 -13.9077 3.81308 16.5923 -14.475 3.81308 17.0329 -13.5696 3.81308 16.7269 -13.2952 3.81308 16.7765 -15.5192 3.81308 17.6914 -15.4555 3.81308 16.8 -15.25 3.81308 17.6914 -15.0445 3.81308 16.7765 -14.9808 3.81308 17.6227 -14.6393 3.81308 16.7065 -14.7199 3.81308 17.4872 -14.2512 3.81308 17.2887 -13.8913 3.81308 16.3793 -17.4242 3.81308 16.7269 -17.2048 3.81308 16.4374 -16.2463 3.81308 17.0329 -16.9304 3.81308 16.5923 -16.025 3.81308 17.2887 -16.6087 3.81308 16.7065 -15.7801 3.81308 17.4872 -16.2488 3.81308 17.6227 -15.8607 3.81308 13.8 -18 3.81308 16 -18 3.81308 16 -17.5824 3.81308 15.7801 -16.7065 3.81308 16.025 -16.5923 3.81308 16.2463 -16.4374 3.81308 14.7199 -16.7065 3.81308 14.475 -16.5923 3.81308 14.2537 -16.4374 3.81308 14.0626 -16.2463 3.81308 15.5192 -16.7765 3.81308 15.25 -16.8 3.81308 14.9808 -16.7765 3.81308 4.63 -18 3.81308 4.63 -13.03 3.81308 12.43 -13.03 3.81308 13.7235 -14.9808 3.81308 13.9077 -16.025 3.81308 13.7935 -15.7801 3.81308 12.43 -18 3.81308 13.7235 -15.5192 3.81308 13.7 -15.25 3.81308 -12.43 20.73 3.81308 -4.63 20.73 3.81308 -4.63 13.03 8.65308 -4.63 20.73 8.65308 -12.43 13.03 8.65308 -12.43 20.73 8.65308 12.43 -20.73 3.81308 4.63 -20.73 3.81308 12.43 -20.73 8.65308 12.43 -13.03 8.65308 4.63 -20.73 8.65308 4.63 -13.03 8.65308 4.63 20.73 3.81308 12.43 20.73 3.81308 12.43 13.03 8.65308 12.43 20.73 8.65308 4.63 13.03 8.65308 4.63 20.73 8.65308 -4.63 -20.73 3.81308 -12.43 -20.73 3.81308 -4.63 -20.73 8.65308 -4.63 -13.03 8.65308 -12.43 -20.73 8.65308 -12.43 -13.03 8.65308 -4 -20 2.91308 4 -20 2.91308 -4 -15 0.113082 -11 -15 0.113082 -11 15 0.113082 11 15 0.113082 11 -15 0.113082 4 -15 0.113082 4 -20 0.113082 -4 -20 0.113082 29.466 30.3177 42.3066 29.45 30.5 42.3066 28.7102 30.5 42.3066 31.534 30.6823 42.3066 31.55 30.5 42.3066 32.2898 30.5 42.3066 30.3177 29.466 42.3066 30.1409 29.5133 42.3066 29.6051 28.95 42.3066 29.975 29.5907 42.3066 29.8251 29.6957 42.3066 30.6823 31.534 42.3066 30.8591 31.4867 42.3066 31.3949 32.05 42.3066 31.025 31.4093 42.3066 31.1749 31.3043 42.3066 31.3043 31.1749 42.3066 31.4093 31.025 42.3066 31.4867 30.8591 42.3066 31.4093 29.975 42.3066 31.3949 28.95 42.3066 31.4867 30.1409 42.3066 31.534 30.3177 42.3066 29.6957 29.8251 42.3066 29.5907 29.975 42.3066 29.5133 30.1409 42.3066 29.6051 32.05 42.3066 29.5907 31.025 42.3066 29.6957 31.1749 42.3066 29.8251 31.3043 42.3066 29.975 31.4093 42.3066 31.3043 29.8251 42.3066 31.1749 29.6957 42.3066 31.025 29.5907 42.3066 29.466 30.6823 42.3066 29.5133 30.8591 42.3066 30.8591 29.5133 42.3066 30.6823 29.466 42.3066 30.5 29.45 42.3066 30.1409 31.4867 42.3066 30.3177 31.534 42.3066 30.5 31.55 42.3066 31.3949 32.05 32.3066 29.6051 32.05 32.3066 32.2898 30.5 32.3066 31.3949 28.95 32.3066 29.6051 28.95 32.3066 28.7102 30.5 32.3066 29.45 30.5 32.3066 29.466 30.6823 32.3066 29.5133 30.8591 32.3066 29.5907 31.025 32.3066 29.6957 31.1749 32.3066 29.8251 31.3043 32.3066 29.975 31.4093 32.3066 30.1409 31.4867 32.3066 30.3177 31.534 32.3066 30.5 31.55 32.3066 30.6823 31.534 32.3066 30.8591 31.4867 32.3066 31.025 31.4093 32.3066 31.1749 31.3043 32.3066 31.3043 31.1749 32.3066 31.4093 31.025 32.3066 31.4867 30.8591 32.3066 31.534 30.6823 32.3066 31.55 30.5 32.3066 31.534 30.3177 32.3066 31.4867 30.1409 32.3066 31.4093 29.975 32.3066 31.3043 29.8251 32.3066 31.1749 29.6957 32.3066 31.025 29.5907 32.3066 30.8591 29.5133 32.3066 30.6823 29.466 32.3066 30.5 29.45 32.3066 30.3177 29.466 32.3066 30.1409 29.5133 32.3066 29.975 29.5907 32.3066 29.8251 29.6957 32.3066 29.6957 29.8251 32.3066 29.5907 29.975 32.3066 29.5133 30.1409 32.3066 29.466 30.3177 32.3066 31.3043 -31.1749 42.3066 31.1749 -31.3043 42.3066 31.3986 -32.0479 42.3066 31.025 -31.4093 42.3066 30.5 -31.55 42.3066 29.6088 -32.0521 42.3066 30.6823 -31.534 42.3066 30.8591 -31.4867 42.3066 29.45 -30.5 42.3066 28.7102 -30.5042 42.3066 29.466 -30.6823 42.3066 29.5133 -30.8591 42.3066 31.55 -30.5 42.3066 32.2898 -30.4958 42.3066 31.534 -30.3177 42.3066 31.4867 -30.1409 42.3066 31.534 -30.6823 42.3066 31.4867 -30.8591 42.3066 31.4093 -31.025 42.3066 30.3177 -31.534 42.3066 30.1409 -31.4867 42.3066 29.975 -31.4093 42.3066 29.8251 -31.3043 42.3066 29.6957 -31.1749 42.3066 29.5907 -31.025 42.3066 29.5907 -29.975 42.3066 29.6014 -28.9521 42.3066 29.5133 -30.1409 42.3066 29.466 -30.3177 42.3066 30.6823 -29.466 42.3066 30.8591 -29.5133 42.3066 31.3912 -28.9479 42.3066 31.3043 -29.8251 42.3066 31.4093 -29.975 42.3066 29.6957 -29.8251 42.3066 29.8251 -29.6957 42.3066 29.975 -29.5907 42.3066 31.025 -29.5907 42.3066 31.1749 -29.6957 42.3066 30.1409 -29.5133 42.3066 30.3177 -29.466 42.3066 30.5 -29.45 42.3066 31.3912 -28.9479 32.3066 29.6014 -28.9521 32.3066 32.2898 -30.4958 32.3066 31.3986 -32.0479 32.3066 29.6088 -32.0521 32.3066 28.7102 -30.5042 32.3066 29.45 -30.5 32.3066 29.466 -30.3177 32.3066 29.5133 -30.1409 32.3066 29.5907 -29.975 32.3066 29.6957 -29.8251 32.3066 29.8251 -29.6957 32.3066 29.975 -29.5907 32.3066 30.1409 -29.5133 32.3066 30.3177 -29.466 32.3066 30.5 -29.45 32.3066 30.6823 -29.466 32.3066 30.8591 -29.5133 32.3066 31.025 -29.5907 32.3066 31.1749 -29.6957 32.3066 31.3043 -29.8251 32.3066 31.4093 -29.975 32.3066 31.4867 -30.1409 32.3066 31.534 -30.3177 32.3066 31.55 -30.5 32.3066 31.534 -30.6823 32.3066 31.4867 -30.8591 32.3066 31.4093 -31.025 32.3066 31.3043 -31.1749 32.3066 31.1749 -31.3043 32.3066 31.025 -31.4093 32.3066 30.8591 -31.4867 32.3066 30.6823 -31.534 32.3066 30.5 -31.55 32.3066 30.3177 -31.534 32.3066 30.1409 -31.4867 32.3066 29.975 -31.4093 32.3066 29.8251 -31.3043 32.3066 29.6957 -31.1749 32.3066 29.5907 -31.025 32.3066 29.5133 -30.8591 32.3066 29.466 -30.6823 32.3066 -31.55 30.5 42.3066 -31.55 30.5 32.3066 -31.534 30.6823 42.3066 -31.534 30.6823 32.3066 -31.4867 30.8591 42.3066 -31.4867 30.8591 32.3066 -31.4093 31.025 42.3066 -31.4093 31.025 32.3066 -31.3043 31.1749 42.3066 -31.3043 31.1749 32.3066 -31.1749 31.3043 42.3066 -31.1749 31.3043 32.3066 -31.025 31.4093 42.3066 -31.025 31.4093 32.3066 -30.8591 31.4867 42.3066 -30.8591 31.4867 32.3066 -30.6823 31.534 42.3066 -30.6823 31.534 32.3066 -30.5 31.55 42.3066 -30.5 31.55 32.3066 -30.3177 31.534 42.3066 -30.3177 31.534 32.3066 -30.1409 31.4867 42.3066 -30.1409 31.4867 32.3066 -29.975 31.4093 42.3066 -29.975 31.4093 32.3066 -29.8251 31.3043 42.3066 -29.8251 31.3043 32.3066 -29.6957 31.1749 42.3066 -29.6957 31.1749 32.3066 -29.5907 31.025 42.3066 -29.5907 31.025 32.3066 -29.5133 30.8591 42.3066 -29.5133 30.8591 32.3066 -29.466 30.6823 42.3066 -29.466 30.6823 32.3066 -29.45 30.5 42.3066 -29.45 30.5 32.3066 -29.466 30.3177 42.3066 -29.466 30.3177 32.3066 -29.5133 30.1409 42.3066 -29.5133 30.1409 32.3066 -29.5907 29.975 42.3066 -29.5907 29.975 32.3066 -29.6957 29.8251 42.3066 -29.6957 29.8251 32.3066 -29.8251 29.6957 42.3066 -29.8251 29.6957 32.3066 -29.975 29.5907 42.3066 -29.975 29.5907 32.3066 -30.1409 29.5133 42.3066 -30.1409 29.5133 32.3066 -30.3177 29.466 42.3066 -30.3177 29.466 32.3066 -30.5 29.45 42.3066 -30.5 29.45 32.3066 -30.6823 29.466 42.3066 -30.6823 29.466 32.3066 -30.8591 29.5133 42.3066 -30.8591 29.5133 32.3066 -31.025 29.5907 42.3066 -31.025 29.5907 32.3066 -31.1749 29.6957 42.3066 -31.1749 29.6957 32.3066 -31.3043 29.8251 42.3066 -31.3043 29.8251 32.3066 -31.4093 29.975 42.3066 -31.4093 29.975 32.3066 -31.4867 30.1409 42.3066 -31.4867 30.1409 32.3066 -31.534 30.3177 42.3066 -31.534 30.3177 32.3066 -31.3949 32.05 32.3066 -32.2898 30.5 32.3066 -31.3949 32.05 42.3066 -32.2898 30.5 42.3066 -31.3949 28.95 32.3066 -31.3949 28.95 42.3066 -29.6051 28.95 32.3066 -29.6051 28.95 42.3066 -28.7102 30.5 32.3066 -28.7102 30.5 42.3066 -29.6051 32.05 32.3066 -29.6051 32.05 42.3066 -31.55 -30.5 42.3066 -31.55 -30.5 32.3066 -31.534 -30.3177 42.3066 -31.534 -30.3177 32.3066 -31.4867 -30.1409 42.3066 -31.4867 -30.1409 32.3066 -31.4093 -29.975 42.3066 -31.4093 -29.975 32.3066 -31.3043 -29.8251 42.3066 -31.3043 -29.8251 32.3066 -31.1749 -29.6957 42.3066 -31.1749 -29.6957 32.3066 -31.025 -29.5907 42.3066 -31.025 -29.5907 32.3066 -30.8591 -29.5133 42.3066 -30.8591 -29.5133 32.3066 -30.6823 -29.466 42.3066 -30.6823 -29.466 32.3066 -30.5 -29.45 42.3066 -30.5 -29.45 32.3066 -30.3177 -29.466 42.3066 -30.3177 -29.466 32.3066 -30.1409 -29.5133 42.3066 -30.1409 -29.5133 32.3066 -29.975 -29.5907 42.3066 -29.975 -29.5907 32.3066 -29.8251 -29.6957 42.3066 -29.8251 -29.6957 32.3066 -29.6957 -29.8251 42.3066 -29.6957 -29.8251 32.3066 -29.5907 -29.975 42.3066 -29.5907 -29.975 32.3066 -29.5133 -30.1409 42.3066 -29.5133 -30.1409 32.3066 -29.466 -30.3177 42.3066 -29.466 -30.3177 32.3066 -29.45 -30.5 42.3066 -29.45 -30.5 32.3066 -29.466 -30.6823 42.3066 -29.466 -30.6823 32.3066 -29.5133 -30.8591 42.3066 -29.5133 -30.8591 32.3066 -29.5907 -31.025 42.3066 -29.5907 -31.025 32.3066 -29.6957 -31.1749 42.3066 -29.6957 -31.1749 32.3066 -29.8251 -31.3043 42.3066 -29.8251 -31.3043 32.3066 -29.975 -31.4093 42.3066 -29.975 -31.4093 32.3066 -30.1409 -31.4867 42.3066 -30.1409 -31.4867 32.3066 -30.3177 -31.534 42.3066 -30.3177 -31.534 32.3066 -30.5 -31.55 42.3066 -30.5 -31.55 32.3066 -30.6823 -31.534 42.3066 -30.6823 -31.534 32.3066 -30.8591 -31.4867 42.3066 -30.8591 -31.4867 32.3066 -31.025 -31.4093 42.3066 -31.025 -31.4093 32.3066 -31.1749 -31.3043 42.3066 -31.1749 -31.3043 32.3066 -31.3043 -31.1749 42.3066 -31.3043 -31.1749 32.3066 -31.4093 -31.025 42.3066 -31.4093 -31.025 32.3066 -31.4867 -30.8591 42.3066 -31.4867 -30.8591 32.3066 -31.534 -30.6823 42.3066 -31.534 -30.6823 32.3066 -31.3976 -28.9515 32.3066 -32.2898 -30.5031 32.3066 -31.3976 -28.9515 42.3066 -32.2898 -30.5031 42.3066 -31.3922 -32.0515 32.3066 -31.3922 -32.0515 42.3066 -29.6024 -32.0485 32.3066 -29.6024 -32.0485 42.3066 -28.7102 -30.4969 32.3066 -28.7102 -30.4969 42.3066 -29.6078 -28.9485 32.3066 -29.6078 -28.9485 42.3066 33.5 30.5 32.3066 33.5 30.5 30.7066 33.4544 31.0209 30.7066 33.4544 31.0209 32.3066 33.3191 31.5261 30.7066 33.3191 31.5261 32.3066 33.0981 32 30.7066 33.0981 32 32.3066 32.7981 32.4284 30.7066 32.7981 32.4284 32.3066 32.4284 32.7981 30.7066 32.4284 32.7981 32.3066 32 33.0981 30.7066 32 33.0981 32.3066 31.5261 33.3191 30.7066 31.5261 33.3191 32.3066 31.0209 33.4544 30.7066 31.0209 33.4544 32.3066 30.5 33.5 30.7066 30.5 33.5 32.3066 33.5 -30.5 30.7066 33.5 -30.5 32.3066 30.5 -33.5 32.3066 30.5 -33.5 30.7066 30.9693 -33.4631 30.7066 30.9693 -33.4631 32.3066 31.427 -33.3532 30.7066 31.427 -33.3532 32.3066 31.862 -33.173 30.7066 31.862 -33.173 32.3066 32.2634 -32.9271 30.7066 32.2634 -32.9271 32.3066 32.6213 -32.6213 30.7066 32.6213 -32.6213 32.3066 32.927 -32.2634 30.7066 32.927 -32.2634 32.3066 33.173 -31.862 30.7066 33.173 -31.862 32.3066 33.3532 -31.4271 30.7066 33.3532 -31.4271 32.3066 33.4631 -30.9693 30.7066 33.4631 -30.9693 32.3066 -30.5 -33.5 30.7066 -30.5 -33.5 32.3066 -33.5 -30.5 32.3066 -33.5 -30.5 30.7066 -33.4544 -31.0209 30.7066 -33.4544 -31.0209 32.3066 -33.3191 -31.5261 30.7066 -33.3191 -31.5261 32.3066 -33.0981 -32 30.7066 -33.0981 -32 32.3066 -32.7981 -32.4284 30.7066 -32.7981 -32.4284 32.3066 -32.4284 -32.7981 30.7066 -32.4284 -32.7981 32.3066 -32 -33.0981 30.7066 -32 -33.0981 32.3066 -31.5261 -33.3191 30.7066 -31.5261 -33.3191 32.3066 -31.0209 -33.4544 30.7066 -31.0209 -33.4544 32.3066 -33.5 30.5 30.7066 -33.5 30.5 32.3066 -30.5 33.5 32.3066 -30.5 33.5 30.7066 -31.0209 33.4544 30.7066 -31.0209 33.4544 32.3066 -31.5261 33.3191 30.7066 -31.5261 33.3191 32.3066 -32 33.0981 30.7066 -32 33.0981 32.3066 -32.4284 32.7981 30.7066 -32.4284 32.7981 32.3066 -32.7981 32.4284 30.7066 -32.7981 32.4284 32.3066 -33.0981 32 30.7066 -33.0981 32 32.3066 -33.3191 31.5261 30.7066 -33.3191 31.5261 32.3066 -33.4544 31.0209 30.7066 -33.4544 31.0209 32.3066 30.5 30.5 32.3066 30.5 -30.5 32.3066 -30.5 30.5 32.3066 -30.5 -30.5 32.3066 32.2898 -30.4958 18.7066 31.3912 -28.9479 18.7066 32.2898 -30.4958 30.7066 31.3912 -28.9479 30.7066 31.3986 -32.0479 18.7066 31.3986 -32.0479 30.7066 29.6088 -32.0521 18.7066 29.6088 -32.0521 30.7066 28.7102 -30.5042 18.7066 28.7102 -30.5042 30.7066 29.6014 -28.9521 18.7066 29.6014 -28.9521 30.7066 32.2898 30.5 18.7066 31.3949 32.05 18.7066 32.2898 30.5 30.7066 31.3949 32.05 30.7066 31.3949 28.95 18.7066 31.3949 28.95 30.7066 29.6051 28.95 18.7066 29.6051 28.95 30.7066 28.7102 30.5 18.7066 28.7102 30.5 30.7066 29.6051 32.05 18.7066 29.6051 32.05 30.7066 -28.7102 -30.4969 18.7066 -29.6078 -28.9485 18.7066 -28.7102 -30.4969 30.7066 -29.6078 -28.9485 30.7066 -29.6024 -32.0485 18.7066 -29.6024 -32.0485 30.7066 -31.3922 -32.0515 18.7066 -31.3922 -32.0515 30.7066 -32.2898 -30.5031 18.7066 -32.2898 -30.5031 30.7066 -31.3976 -28.9515 18.7066 -31.3976 -28.9515 30.7066 -31.3949 32.05 30.7066 -28.7102 30.5 30.7066 -29.6051 32.05 30.7066 -32.2898 30.5 30.7066 -29.6051 28.95 30.7066 -31.3949 28.95 30.7066 -28.7102 30.5 18.7066 -29.6051 32.05 18.7066 -29.6051 28.95 18.7066 -31.3949 28.95 18.7066 -32.2898 30.5 18.7066 -31.3949 32.05 18.7066 30.5 33.5 17.2066 -30.5 33.5 17.2066 30.5 33.5 18.7066 -30.5 33.5 18.7066 33.5 30.5 18.7066 33.5 30.5 17.2066 33.4544 31.0209 17.2066 33.4544 31.0209 18.7066 33.3191 31.5261 17.2066 33.3191 31.5261 18.7066 33.0981 32 17.2066 33.0981 32 18.7066 32.7981 32.4284 17.2066 32.7981 32.4284 18.7066 32.4284 32.7981 17.2066 32.4284 32.7981 18.7066 32 33.0981 17.2066 32 33.0981 18.7066 31.5261 33.3191 17.2066 31.5261 33.3191 18.7066 31.0209 33.4544 17.2066 31.0209 33.4544 18.7066 33.5 -30.5 17.2066 33.5 -30.5 18.7066 30.5 -33.5 18.7066 30.5 -33.5 17.2066 30.9693 -33.4631 17.2066 30.9693 -33.4631 18.7066 31.427 -33.3532 17.2066 31.427 -33.3532 18.7066 31.862 -33.173 17.2066 31.862 -33.173 18.7066 32.2634 -32.9271 17.2066 32.2634 -32.9271 18.7066 32.6213 -32.6213 17.2066 32.6213 -32.6213 18.7066 32.927 -32.2634 17.2066 32.927 -32.2634 18.7066 33.173 -31.862 17.2066 33.173 -31.862 18.7066 33.3532 -31.4271 17.2066 33.3532 -31.4271 18.7066 33.4631 -30.9693 17.2066 33.4631 -30.9693 18.7066 -30.5 -33.5 17.2066 -30.5 -33.5 18.7066 -33.5 -30.5 18.7066 -33.5 -30.5 17.2066 -33.4544 -31.0209 17.2066 -33.4544 -31.0209 18.7066 -33.3191 -31.5261 17.2066 -33.3191 -31.5261 18.7066 -33.0981 -32 17.2066 -33.0981 -32 18.7066 -32.7981 -32.4284 17.2066 -32.7981 -32.4284 18.7066 -32.4284 -32.7981 17.2066 -32.4284 -32.7981 18.7066 -32 -33.0981 17.2066 -32 -33.0981 18.7066 -31.5261 -33.3191 17.2066 -31.5261 -33.3191 18.7066 -31.0209 -33.4544 17.2066 -31.0209 -33.4544 18.7066 -33.5 30.5 17.2066 -33.5 30.5 18.7066 -31.0209 33.4544 17.2066 -31.0209 33.4544 18.7066 -31.5261 33.3191 17.2066 -31.5261 33.3191 18.7066 -32 33.0981 17.2066 -32 33.0981 18.7066 -32.4284 32.7981 17.2066 -32.4284 32.7981 18.7066 -32.7981 32.4284 17.2066 -32.7981 32.4284 18.7066 -33.0981 32 17.2066 -33.0981 32 18.7066 -33.3191 31.5261 17.2066 -33.3191 31.5261 18.7066 -33.4544 31.0209 17.2066 -33.4544 31.0209 18.7066 32.5 30.5 14.2066 32.4696 30.1527 17.2066 32.4696 30.1527 14.2066 32.3794 29.816 17.2066 32.3794 29.816 14.2066 32.232 29.5 17.2066 32.232 29.5 14.2066 32.0321 29.2144 17.2066 32.0321 29.2144 14.2066 31.7856 28.9679 17.2066 31.7856 28.9679 14.2066 31.5 28.7679 17.2066 31.5 28.7679 14.2066 31.184 28.6206 17.2066 31.184 28.6206 14.2066 30.8473 28.5304 17.2066 30.8473 28.5304 14.2066 30.5 28.5 17.2066 30.5 28.5 14.2066 30.1527 28.5304 17.2066 30.1527 28.5304 14.2066 29.816 28.6206 17.2066 29.816 28.6206 14.2066 29.5 28.7679 17.2066 29.5 28.7679 14.2066 29.2144 28.9679 17.2066 29.2144 28.9679 14.2066 28.9679 29.2144 17.2066 28.9679 29.2144 14.2066 28.7679 29.5 17.2066 28.7679 29.5 14.2066 28.6206 29.816 17.2066 28.6206 29.816 14.2066 28.5304 30.1527 17.2066 28.5304 30.1527 14.2066 28.5 30.5 17.2066 28.5 30.5 14.2066 28.5304 30.8473 17.2066 28.5304 30.8473 14.2066 28.6206 31.184 17.2066 28.6206 31.184 14.2066 28.7679 31.5 17.2066 28.7679 31.5 14.2066 28.9679 31.7856 17.2066 28.9679 31.7856 14.2066 29.2144 32.0321 17.2066 29.2144 32.0321 14.2066 29.5 32.232 17.2066 29.5 32.232 14.2066 29.816 32.3794 17.2066 29.816 32.3794 14.2066 30.1527 32.4696 17.2066 30.1527 32.4696 14.2066 30.5 32.5 17.2066 30.5 32.5 14.2066 30.8473 32.4696 17.2066 30.8473 32.4696 14.2066 31.184 32.3794 17.2066 31.184 32.3794 14.2066 31.5 32.232 17.2066 31.5 32.232 14.2066 31.7856 32.0321 17.2066 31.7856 32.0321 14.2066 32.0321 31.7856 17.2066 32.0321 31.7856 14.2066 32.232 31.5 17.2066 32.232 31.5 14.2066 32.3794 31.184 17.2066 32.3794 31.184 14.2066 32.4696 30.8473 17.2066 32.4696 30.8473 14.2066 32.5 30.5 17.2066 -28.5 -30.5 14.2066 -28.5304 -30.8473 17.2066 -28.5304 -30.8473 14.2066 -28.6206 -31.184 17.2066 -28.6206 -31.184 14.2066 -28.768 -31.5 17.2066 -28.768 -31.5 14.2066 -28.9679 -31.7856 17.2066 -28.9679 -31.7856 14.2066 -29.2144 -32.0321 17.2066 -29.2144 -32.0321 14.2066 -29.5 -32.2321 17.2066 -29.5 -32.2321 14.2066 -29.816 -32.3794 17.2066 -29.816 -32.3794 14.2066 -30.1527 -32.4696 17.2066 -30.1527 -32.4696 14.2066 -30.5 -32.5 17.2066 -30.5 -32.5 14.2066 -30.8473 -32.4696 17.2066 -30.8473 -32.4696 14.2066 -31.184 -32.3794 17.2066 -31.184 -32.3794 14.2066 -31.5 -32.2321 17.2066 -31.5 -32.2321 14.2066 -31.7856 -32.0321 17.2066 -31.7856 -32.0321 14.2066 -32.0321 -31.7856 17.2066 -32.0321 -31.7856 14.2066 -32.2321 -31.5 17.2066 -32.2321 -31.5 14.2066 -32.3794 -31.184 17.2066 -32.3794 -31.184 14.2066 -32.4696 -30.8473 17.2066 -32.4696 -30.8473 14.2066 -32.5 -30.5 17.2066 -32.5 -30.5 14.2066 -32.4696 -30.1527 17.2066 -32.4696 -30.1527 14.2066 -32.3794 -29.816 17.2066 -32.3794 -29.816 14.2066 -32.2321 -29.5 17.2066 -32.2321 -29.5 14.2066 -32.0321 -29.2144 17.2066 -32.0321 -29.2144 14.2066 -31.7856 -28.9679 17.2066 -31.7856 -28.9679 14.2066 -31.5 -28.768 17.2066 -31.5 -28.768 14.2066 -31.184 -28.6206 17.2066 -31.184 -28.6206 14.2066 -30.8473 -28.5304 17.2066 -30.8473 -28.5304 14.2066 -30.5 -28.5 17.2066 -30.5 -28.5 14.2066 -30.1527 -28.5304 17.2066 -30.1527 -28.5304 14.2066 -29.816 -28.6206 17.2066 -29.816 -28.6206 14.2066 -29.5 -28.768 17.2066 -29.5 -28.768 14.2066 -29.2144 -28.9679 17.2066 -29.2144 -28.9679 14.2066 -28.9679 -29.2144 17.2066 -28.9679 -29.2144 14.2066 -28.768 -29.5 17.2066 -28.768 -29.5 14.2066 -28.6206 -29.816 17.2066 -28.6206 -29.816 14.2066 -28.5304 -30.1527 17.2066 -28.5304 -30.1527 14.2066 -28.5 -30.5 17.2066 32.5 -30.5 14.2066 32.4696 -30.8473 17.2066 32.4696 -30.8473 14.2066 32.3794 -31.184 17.2066 32.3794 -31.184 14.2066 32.232 -31.5 17.2066 32.232 -31.5 14.2066 32.0321 -31.7856 17.2066 32.0321 -31.7856 14.2066 31.7856 -32.0321 17.2066 31.7856 -32.0321 14.2066 31.5 -32.2321 17.2066 31.5 -32.2321 14.2066 31.184 -32.3794 17.2066 31.184 -32.3794 14.2066 30.8473 -32.4696 17.2066 30.8473 -32.4696 14.2066 30.5 -32.5 17.2066 30.5 -32.5 14.2066 30.1527 -32.4696 17.2066 30.1527 -32.4696 14.2066 29.816 -32.3794 17.2066 29.816 -32.3794 14.2066 29.5 -32.2321 17.2066 29.5 -32.2321 14.2066 29.2144 -32.0321 17.2066 29.2144 -32.0321 14.2066 28.9679 -31.7856 17.2066 28.9679 -31.7856 14.2066 28.7679 -31.5 17.2066 28.7679 -31.5 14.2066 28.6206 -31.184 17.2066 28.6206 -31.184 14.2066 28.5304 -30.8473 17.2066 28.5304 -30.8473 14.2066 28.5 -30.5 17.2066 28.5 -30.5 14.2066 28.5304 -30.1527 17.2066 28.5304 -30.1527 14.2066 28.6206 -29.816 17.2066 28.6206 -29.816 14.2066 28.7679 -29.5 17.2066 28.7679 -29.5 14.2066 28.9679 -29.2144 17.2066 28.9679 -29.2144 14.2066 29.2144 -28.9679 17.2066 29.2144 -28.9679 14.2066 29.5 -28.768 17.2066 29.5 -28.768 14.2066 29.816 -28.6206 17.2066 29.816 -28.6206 14.2066 30.1527 -28.5304 17.2066 30.1527 -28.5304 14.2066 30.5 -28.5 17.2066 30.5 -28.5 14.2066 30.8473 -28.5304 17.2066 30.8473 -28.5304 14.2066 31.184 -28.6206 17.2066 31.184 -28.6206 14.2066 31.5 -28.768 17.2066 31.5 -28.768 14.2066 31.7856 -28.9679 17.2066 31.7856 -28.9679 14.2066 32.0321 -29.2144 17.2066 32.0321 -29.2144 14.2066 32.232 -29.5 17.2066 32.232 -29.5 14.2066 32.3794 -29.816 17.2066 32.3794 -29.816 14.2066 32.4696 -30.1527 17.2066 32.4696 -30.1527 14.2066 32.5 -30.5 17.2066 -32.2321 29.5 17.2066 -32.0321 29.2144 17.2066 -32.3794 29.816 17.2066 -29.2144 28.9679 17.2066 -28.6206 31.184 17.2066 -28.768 31.5 17.2066 -28.9679 31.7856 17.2066 -29.2144 32.0321 17.2066 -29.816 32.3794 17.2066 -29.5 32.232 17.2066 -30.1527 32.4696 17.2066 -30.5 32.5 17.2066 -30.8473 32.4696 17.2066 -31.184 32.3794 17.2066 -31.5 32.232 17.2066 -31.7856 32.0321 17.2066 -32.0321 31.7856 17.2066 -32.2321 31.5 17.2066 -32.3794 31.184 17.2066 -32.4696 30.8473 17.2066 -32.5 30.5 17.2066 -32.4696 30.1527 17.2066 -28.768 29.5 17.2066 -28.9679 29.2144 17.2066 -31.7856 28.9679 17.2066 -31.5 28.7679 17.2066 -31.184 28.6206 17.2066 -30.8473 28.5304 17.2066 -30.5 28.5 17.2066 -30.1527 28.5304 17.2066 -28.6206 29.816 17.2066 -28.5304 30.1527 17.2066 -28.5 30.5 17.2066 -28.5304 30.8473 17.2066 -29.816 28.6206 17.2066 -29.5 28.7679 17.2066 -28.5 30.5 14.2066 -28.5304 30.1527 14.2066 -28.6206 29.816 14.2066 -28.768 29.5 14.2066 -28.9679 29.2144 14.2066 -29.2144 28.9679 14.2066 -29.5 28.7679 14.2066 -29.816 28.6206 14.2066 -30.1527 28.5304 14.2066 -30.5 28.5 14.2066 -30.8473 28.5304 14.2066 -31.184 28.6206 14.2066 -31.5 28.7679 14.2066 -31.7856 28.9679 14.2066 -32.0321 29.2144 14.2066 -32.2321 29.5 14.2066 -32.3794 29.816 14.2066 -32.4696 30.1527 14.2066 -32.5 30.5 14.2066 -32.4696 30.8473 14.2066 -32.3794 31.184 14.2066 -32.2321 31.5 14.2066 -32.0321 31.7856 14.2066 -31.7856 32.0321 14.2066 -31.5 32.232 14.2066 -31.184 32.3794 14.2066 -30.8473 32.4696 14.2066 -30.5 32.5 14.2066 -30.1527 32.4696 14.2066 -29.816 32.3794 14.2066 -29.5 32.232 14.2066 -29.2144 32.0321 14.2066 -28.9679 31.7856 14.2066 -28.768 31.5 14.2066 -28.6206 31.184 14.2066 -28.5304 30.8473 14.2066 -33 32.1583 10.7066 -33 32.1583 1.7066 -33.0981 32 1.7066 -32.7981 32.4284 10.7066 -33.0981 32 14.2066 -32.7981 32.4284 14.2066 -32.4284 32.7981 14.2066 -32.4284 32.7981 10.7066 -32 33.0981 14.2066 -32 33.0981 10.7066 -31.5261 33.3191 14.2066 -31.5261 33.3191 10.7066 -31.0209 33.4544 14.2066 -31.0209 33.4544 10.7066 -30.5 33.5 1.7066 -31 33.458 1.7066 -31 33.458 10.7066 -30.5 33.5 14.2066 -33.3191 31.5261 1.7066 -33.3191 31.5261 14.2066 -33.4544 31.0209 1.7066 -33.4544 31.0209 14.2066 -33.5 30.5 1.7066 -33.5 30.5 14.2066 7 33.5 10.7066 7 33.5 1.7066 6.33333 33.5 1.7066 1.66667 33.5 10.7066 1.66667 33.5 1.7066 1 33.5 1.7066 -3.66667 33.5 10.7066 -3.66667 33.5 1.7066 -4.33333 33.5 1.7066 28.3333 33.5 10.7066 30.5 33.5 14.2066 30.3333 33.5 10.7066 30.5 33.5 1.7066 30.3333 33.5 1.7066 -9 33.5 10.7066 -9 33.5 1.7066 -9.66667 33.5 1.7066 28.3333 33.5 1.7066 27.6667 33.5 1.7066 27.6667 33.5 10.7066 25.6667 33.5 10.7066 25.6667 33.5 1.7066 25 33.5 1.7066 25 33.5 10.7066 23 33.5 10.7066 -17 33.5 10.7066 -17 33.5 1.7066 -17.6667 33.5 1.7066 23 33.5 1.7066 22.3333 33.5 1.7066 22.3333 33.5 10.7066 20.3333 33.5 10.7066 -25 33.5 10.7066 -25 33.5 1.7066 -25.6667 33.5 1.7066 20.3333 33.5 1.7066 19.6667 33.5 1.7066 19.6667 33.5 10.7066 17.6667 33.5 10.7066 17.6667 33.5 1.7066 17 33.5 1.7066 17 33.5 10.7066 15 33.5 10.7066 1 33.5 10.7066 -1 33.5 10.7066 -27.6667 33.5 1.7066 -28.3333 33.5 1.7066 -27.6667 33.5 10.7066 -28.3333 33.5 10.7066 15 33.5 1.7066 14.3333 33.5 1.7066 14.3333 33.5 10.7066 12.3333 33.5 10.7066 -4.33333 33.5 10.7066 -6.33333 33.5 10.7066 -1.66667 33.5 10.7066 -1.66667 33.5 1.7066 -1 33.5 1.7066 12.3333 33.5 1.7066 11.6667 33.5 1.7066 11.6667 33.5 10.7066 9.66667 33.5 10.7066 -9.66667 33.5 10.7066 -11.6667 33.5 10.7066 -7 33.5 10.7066 -7 33.5 1.7066 -6.33333 33.5 1.7066 6.33333 33.5 10.7066 4.33333 33.5 10.7066 -11.6667 33.5 1.7066 -12.3333 33.5 1.7066 -12.3333 33.5 10.7066 -14.3333 33.5 10.7066 -17.6667 33.5 10.7066 -19.6667 33.5 10.7066 9 33.5 10.7066 9 33.5 1.7066 9.66667 33.5 1.7066 -15 33.5 10.7066 -15 33.5 1.7066 -14.3333 33.5 1.7066 3.66667 33.5 10.7066 3.66667 33.5 1.7066 4.33333 33.5 1.7066 -19.6667 33.5 1.7066 -20.3333 33.5 1.7066 -20.3333 33.5 10.7066 -22.3333 33.5 10.7066 -30.3333 33.5 1.7066 -30.3333 33.5 10.7066 -25.6667 33.5 10.7066 -23 33.5 10.7066 -23 33.5 1.7066 -22.3333 33.5 1.7066 31 33.458 1.7066 31 33.458 10.7066 31.0209 33.4544 10.7066 31.0209 33.4544 14.2066 31.5261 33.3191 14.2066 31.5261 33.3191 10.7066 32 33.0981 14.2066 32 33.0981 10.7066 32.4284 32.7981 14.2066 32.4284 32.7981 10.7066 32.7981 32.4284 14.2066 32.7981 32.4284 10.7066 33.0981 32 1.7066 33 32.1583 1.7066 33 32.1583 10.7066 33.0981 32 14.2066 33.3191 31.5261 14.2066 33.3191 31.5261 1.7066 33.4544 31.0209 14.2066 33.4544 31.0209 1.7066 33.5 30.5 14.2066 33.5 30.5 1.7066 33.5 -30.5 1.7066 33.5 -30.5 14.2066 -33.5 -30.5 1.7066 -33.5 -30.5 14.2066 30.5 -33.5 14.2066 -30.5 -33.5 14.2066 -30.9693 -33.4631 14.2066 -31.4271 -33.3532 14.2066 -31.862 -33.173 14.2066 -32.2634 -32.9271 14.2066 -32.6213 -32.6213 14.2066 -33.4631 -30.9693 14.2066 -33.3532 -31.4271 14.2066 -33.173 -31.862 14.2066 -32.9271 -32.2634 14.2066 33.4544 -31.0209 14.2066 33.3191 -31.5261 14.2066 33.0981 -32 14.2066 32.7981 -32.4284 14.2066 32.4284 -32.7981 14.2066 32 -33.0981 14.2066 31.5261 -33.3191 14.2066 31.0209 -33.4544 14.2066 -17 -33.5 1.7066 -17.6667 -33.5 1.7066 -17 -24.7184 1.7066 -17.6667 -24.2464 1.7066 -6.33333 -33.5 1.7066 -7 -33.5 1.7066 -6.33333 -29.3239 1.7066 -7 -29.1719 1.7066 4.33333 -33.5 1.7066 3.66667 -33.5 1.7066 4.33333 -29.6854 1.7066 3.66667 -29.7751 1.7066 15 -33.5 1.7066 14.3333 -33.5 1.7066 15 -25.9808 1.7066 14.3333 -26.3544 1.7066 25 -33.5 1.7066 25 -16.5831 1.7066 25.6667 -33.5 1.7066 25.2376 -16.2192 1.7066 25.6667 -15.5313 1.7066 27.6667 -33.5 1.7066 27.6667 -11.5998 1.7066 28.3333 -33.5 1.7066 28.2553 -10.0815 1.7066 28.3333 -9.86013 1.7066 17.6667 -33.5 1.7066 17 -33.5 1.7066 17.6667 -24.2464 1.7066 17 -24.7184 1.7066 7 -33.5 1.7066 6.33333 -33.5 1.7066 7 -29.1719 1.7066 6.33333 -29.3239 1.7066 -3.66667 -29.7751 1.7066 -3.66667 -33.5 1.7066 -4.26945 -29.6946 1.7066 -4.33333 -33.5 1.7066 -4.33333 -29.6854 1.7066 -14.3333 -33.5 1.7066 -15 -33.5 1.7066 -14.3333 -26.3544 1.7066 -15 -25.9808 1.7066 -30.3333 20.1 1.7066 -31 20.1 1.7066 -30.3333 -33.5 1.7066 -30.5 -33.5 1.7066 -30.3333 -20.1 1.7066 -30.9693 -33.4631 1.7066 -30.3333 6.7 1.7066 -31 6.7 1.7066 -30.3333 -6.7 1.7066 -31 -6.7 1.7066 -31 -20.1 1.7066 -31 -33.458 1.7066 -19.6667 -33.5 1.7066 -20.3333 -33.5 1.7066 -19.6667 -22.6544 1.7066 -20.3333 -22.058 1.7066 -9 -33.5 1.7066 -9.66667 -33.5 1.7066 -9 -28.6182 1.7066 -9.66667 -28.3999 1.7066 1.66667 -33.5 1.7066 1 -33.5 1.7066 1.66667 -29.9537 1.7066 1 -29.9833 1.7066 12.3333 -33.5 1.7066 11.6667 -33.5 1.7066 12.3333 -27.3476 1.7066 11.6667 -27.6385 1.7066 23 -33.5 1.7066 22.3333 -33.5 1.7066 23 -19.2614 1.7066 22.3333 -20.0305 1.7066 31 20.1 1.7066 31 -20.1 1.7066 31 -33.458 1.7066 30.5 -33.5 1.7066 30.3333 20.1 1.7066 31 6.7 1.7066 30.3333 6.7 1.7066 31 -6.7 1.7066 30.3333 -6.7 1.7066 30.3333 -20.1 1.7066 30.3333 -33.5 1.7066 20.3333 -33.5 1.7066 19.6667 -33.5 1.7066 20.3333 -22.058 1.7066 19.6667 -22.6544 1.7066 9 -33.5 1.7066 9 -28.6182 1.7066 9.66667 -33.5 1.7066 9.27051 -28.5317 1.7066 9.66667 -28.3999 1.7066 -1 -33.5 1.7066 -1.66667 -33.5 1.7066 -1 -29.9833 1.7066 -1.66667 -29.9537 1.7066 -11.6667 -33.5 1.7066 -12.3333 -33.5 1.7066 -11.6667 -27.6385 1.7066 -12.3333 -27.3476 1.7066 -33.3532 -31.4271 1.7066 -33.4631 -30.9693 1.7066 -33.173 -31.862 1.7066 -33 -32.1583 1.7066 33.3191 -31.5261 1.7066 33.0981 -32 1.7066 33.4544 -31.0209 1.7066 33 -32.1583 1.7066 -31 -33.458 10.7066 -31.4271 -33.3532 10.7066 -31.862 -33.173 10.7066 -32.2634 -32.9271 10.7066 -32.6213 -32.6213 10.7066 -32.9271 -32.2634 10.7066 -33 -32.1583 10.7066 -28.3333 -33.5 10.7066 -30.3333 -33.5 10.7066 -28.3333 -33.5 1.7066 -27.6667 -33.5 1.7066 -27.6667 -33.5 10.7066 -25.6667 -33.5 10.7066 -23 -33.5 10.7066 -23 -33.5 1.7066 -22.3333 -33.5 1.7066 -22.3333 -33.5 10.7066 -20.3333 -33.5 10.7066 -17.6667 -33.5 10.7066 -25 -33.5 10.7066 -25 -33.5 1.7066 -25.6667 -33.5 1.7066 -17 -33.5 10.7066 -15 -33.5 10.7066 -12.3333 -33.5 10.7066 -19.6667 -33.5 10.7066 -11.6667 -33.5 10.7066 -9.66667 -33.5 10.7066 -14.3333 -33.5 10.7066 -7 -33.5 10.7066 -6.33333 -33.5 10.7066 -4.33333 -33.5 10.7066 -9 -33.5 10.7066 -1.66667 -33.5 10.7066 -1 -33.5 10.7066 1 -33.5 10.7066 -3.66667 -33.5 10.7066 3.66667 -33.5 10.7066 4.33333 -33.5 10.7066 6.33333 -33.5 10.7066 1.66667 -33.5 10.7066 9 -33.5 10.7066 9.66667 -33.5 10.7066 11.6667 -33.5 10.7066 7 -33.5 10.7066 14.3333 -33.5 10.7066 15 -33.5 10.7066 17 -33.5 10.7066 12.3333 -33.5 10.7066 19.6667 -33.5 10.7066 20.3333 -33.5 10.7066 22.3333 -33.5 10.7066 17.6667 -33.5 10.7066 25 -33.5 10.7066 25.6667 -33.5 10.7066 27.6667 -33.5 10.7066 23 -33.5 10.7066 30.3333 -33.5 10.7066 28.3333 -33.5 10.7066 33 -32.1583 10.7066 32.7981 -32.4284 10.7066 32.4284 -32.7981 10.7066 32 -33.0981 10.7066 31.5261 -33.3191 10.7066 31.0209 -33.4544 10.7066 31 -33.458 10.7066 -22.3333 -20.0305 10.7066 -22.3333 -20.0305 1.7066 -11.6667 -27.6385 10.7066 -9.66667 -28.3999 10.7066 -10.8842 -27.9559 10.7066 -1 -29.9833 10.7066 1 -29.9833 10.7066 -0.856682 -29.9878 10.7066 9.66667 -28.3999 10.7066 11.6667 -27.6385 10.7066 20.3333 -22.058 10.7066 22.3333 -20.0305 10.7066 20.9081 -21.514 10.7066 23 -19.2614 10.7066 25 -16.5831 10.7066 23.2242 -18.9904 10.7066 12.3333 -27.3476 10.7066 14.3333 -26.3544 10.7066 12.4625 -27.289 10.7066 1.66667 -29.9537 10.7066 3.66667 -29.7751 10.7066 2.56725 -29.89 10.7066 -9 -28.6182 10.7066 -7 -29.1719 10.7066 -7.62655 -29.0144 10.7066 -19.6667 -22.6544 10.7066 -17.6667 -24.2464 10.7066 -19.6458 -22.6725 10.7066 -28.3333 9.86013 10.7066 -28.7848 8.45198 10.7066 -29.5606 5.11567 10.7066 -29.5606 -5.11567 10.7066 -28.7848 -8.45198 10.7066 -28.3333 -9.86013 10.7066 -29.9511 1.71267 10.7066 -30 0 10.7066 -29.9511 -1.71266 10.7066 -14.3333 -26.3544 10.7066 -12.3333 -27.3476 10.7066 -14 -26.533 10.7066 -3.66667 -29.7751 10.7066 -1.66667 -29.9537 10.7066 7 -29.1719 10.7066 9 -28.6182 10.7066 17.6667 -24.2464 10.7066 19.6667 -22.6544 10.7066 18.3194 -23.7571 10.7066 28.3333 -9.86013 10.7066 25.6667 -15.5313 10.7066 27.6667 -11.5998 10.7066 26.922 -13.2366 10.7066 15 -25.9808 10.7066 17 -24.7184 10.7066 15.4919 -25.6905 10.7066 4.33333 -29.6854 10.7066 6.33333 -29.3239 10.7066 5.95771 -29.4025 10.7066 -6.33333 -29.3239 10.7066 -4.33333 -29.6854 10.7066 -17 -24.7184 10.7066 -15 -25.9808 10.7066 -16.9333 -24.7642 10.7066 -20.3333 -22.058 10.7066 -22.1022 -20.2852 10.7066 -20.3333 22.058 10.7066 -22.1022 20.2852 10.7066 -22.3333 20.0305 10.7066 -20.3333 22.058 1.7066 -22.3333 20.0305 1.7066 -19.6667 22.6544 1.7066 -23 -19.2614 1.7066 -23 19.2614 1.7066 -19.6667 22.6544 10.7066 -23 -19.2614 10.7066 -23 19.2614 10.7066 -17.6667 24.2464 10.7066 -19.6458 22.6725 10.7066 -24.2705 -17.6336 10.7066 -25 -16.5831 10.7066 -24.2705 17.6336 10.7066 -25 16.5831 10.7066 -17.6667 24.2464 1.7066 -25 -16.5831 1.7066 -25 16.5831 1.7066 -17 24.7184 1.7066 -25.6667 -15.5313 1.7066 -25.6667 15.5313 1.7066 -17 24.7184 10.7066 -25.6667 -15.5313 10.7066 -25.6667 15.5313 10.7066 -15 25.9808 10.7066 -16.9333 24.7642 10.7066 -26.1224 -14.752 10.7066 -27.6337 -11.6781 10.7066 -27.6667 -11.5998 10.7066 -26.1224 14.752 10.7066 -27.6337 11.6781 10.7066 -27.6667 11.5998 10.7066 -15 25.9808 1.7066 -27.6667 -11.5998 1.7066 -27.6667 11.5998 1.7066 -14.3333 26.3544 1.7066 -28.3333 -9.86013 1.7066 -28.3333 9.86013 1.7066 -14.3333 26.3544 10.7066 -12.3333 27.3476 10.7066 -14 26.533 10.7066 -12.3333 27.3476 1.7066 -11.6667 27.6385 1.7066 -11.6667 27.6385 10.7066 -9.66667 28.3999 10.7066 -10.8842 27.9559 10.7066 -9.66667 28.3999 1.7066 -9 28.6182 1.7066 -9 28.6182 10.7066 -7 29.1719 10.7066 -7.62655 29.0144 10.7066 -7 29.1719 1.7066 -6.33333 29.3239 1.7066 -6.33333 29.3239 10.7066 -4.33333 29.6854 10.7066 -4.33333 29.6854 1.7066 -3.66667 29.7751 1.7066 -4.26945 29.6946 1.7066 -3.66667 29.7751 10.7066 -1.66667 29.9537 10.7066 -1.66667 29.9537 1.7066 -1 29.9833 1.7066 -1 29.9833 10.7066 1 29.9833 10.7066 -0.856682 29.9878 10.7066 1 29.9833 1.7066 1.66667 29.9537 1.7066 1.66667 29.9537 10.7066 2.56725 29.89 10.7066 3.66667 29.7751 10.7066 3.66667 29.7751 1.7066 4.33333 29.6854 1.7066 4.33333 29.6854 10.7066 5.95771 29.4025 10.7066 6.33333 29.3239 10.7066 6.33333 29.3239 1.7066 7 29.1719 1.7066 7 29.1719 10.7066 9 28.6182 10.7066 9 28.6182 1.7066 9.27051 28.5317 1.7066 9.66667 28.3999 1.7066 9.66667 28.3999 10.7066 11.6667 27.6385 10.7066 11.6667 27.6385 1.7066 12.3333 27.3476 1.7066 12.3333 27.3476 10.7066 12.4625 27.289 10.7066 14.3333 26.3544 10.7066 14.3333 26.3544 1.7066 15 25.9808 1.7066 15 25.9808 10.7066 15.4919 25.6905 10.7066 17 24.7184 10.7066 17 24.7184 1.7066 17.6667 24.2464 1.7066 17.6667 24.2464 10.7066 18.3194 23.7571 10.7066 19.6667 22.6544 10.7066 19.6667 22.6544 1.7066 20.3333 22.058 1.7066 20.3333 22.058 10.7066 20.9081 21.514 10.7066 22.3333 20.0305 10.7066 22.3333 20.0305 1.7066 23 19.2614 1.7066 23 19.2614 10.7066 23.2242 18.9904 10.7066 25 16.5831 10.7066 25 16.5831 1.7066 25.2376 16.2192 1.7066 25.6667 15.5313 1.7066 25.6667 15.5313 10.7066 26.922 13.2366 10.7066 27.6667 11.5998 10.7066 27.6667 11.5998 1.7066 28.2553 10.0815 1.7066 28.3333 9.86013 1.7066 28.3333 9.86013 10.7066 29.2204 -6.7949 10.7066 29.8045 -3.41974 10.7066 30 0 10.7066 29.8045 3.41974 10.7066 29.2204 6.7949 10.7066 -30 0 11.7066 -29.9511 1.71267 11.7066 0 0 11.7066 -29.9511 -1.71266 11.7066 -27.6337 -11.6781 11.7066 -28.7848 -8.45198 11.7066 -29.5606 -5.11567 11.7066 -22.1022 -20.2852 11.7066 -24.2705 -17.6336 11.7066 -26.1224 -14.752 11.7066 -14 -26.533 11.7066 -16.9333 -24.7642 11.7066 -19.6458 -22.6725 11.7066 -4.26945 -29.6946 11.7066 -7.62655 -29.0144 11.7066 -10.8842 -27.9559 11.7066 5.95771 -29.4025 11.7066 2.56725 -29.89 11.7066 -0.856682 -29.9878 11.7066 15.4919 -25.6905 11.7066 12.4625 -27.289 11.7066 9.27051 -28.5317 11.7066 23.2242 -18.9904 11.7066 20.9081 -21.514 11.7066 18.3194 -23.7571 11.7066 28.2553 -10.0815 11.7066 26.922 -13.2366 11.7066 25.2376 -16.2192 11.7066 30 0 11.7066 29.8045 -3.41974 11.7066 29.2204 -6.7949 11.7066 28.2553 10.0815 11.7066 29.2204 6.7949 11.7066 29.8045 3.41974 11.7066 23.2242 18.9904 11.7066 25.2376 16.2192 11.7066 26.922 13.2366 11.7066 15.4919 25.6905 11.7066 18.3194 23.7571 11.7066 20.9081 21.514 11.7066 5.95771 29.4025 11.7066 9.27051 28.5317 11.7066 12.4625 27.289 11.7066 -4.26945 29.6946 11.7066 -0.856682 29.9878 11.7066 2.56725 29.89 11.7066 -14 26.533 11.7066 -10.8842 27.9559 11.7066 -7.62655 29.0144 11.7066 -22.1022 20.2852 11.7066 -19.6458 22.6725 11.7066 -16.9333 24.7642 11.7066 -27.6337 11.6781 11.7066 -26.1224 14.752 11.7066 -24.2705 17.6336 11.7066 -29.5606 5.11567 11.7066 -28.7848 8.45198 11.7066 29.5133 30.1409 17.2066 29.466 30.3177 17.2066 30.5 30.5 17.2066 29.45 30.5 17.2066 29.466 30.6823 17.2066 29.8251 29.6957 17.2066 29.6957 29.8251 17.2066 29.5907 29.975 17.2066 30.3177 29.466 17.2066 30.1409 29.5133 17.2066 29.975 29.5907 17.2066 30.8591 29.5133 17.2066 30.6823 29.466 17.2066 30.5 29.45 17.2066 31.3043 29.8251 17.2066 31.1749 29.6957 17.2066 31.025 29.5907 17.2066 31.534 30.3177 17.2066 31.4867 30.1409 17.2066 31.4093 29.975 17.2066 31.4867 30.8591 17.2066 31.534 30.6823 17.2066 31.55 30.5 17.2066 31.1749 31.3043 17.2066 31.3043 31.1749 17.2066 31.4093 31.025 17.2066 30.6823 31.534 17.2066 30.8591 31.4867 17.2066 31.025 31.4093 17.2066 30.1409 31.4867 17.2066 30.3177 31.534 17.2066 30.5 31.55 17.2066 29.6957 31.1749 17.2066 29.8251 31.3043 17.2066 29.975 31.4093 17.2066 29.5133 30.8591 17.2066 29.5907 31.025 17.2066 31.55 30.5 14.2066 31.534 30.3177 14.2066 31.4867 30.1409 14.2066 31.4093 29.975 14.2066 31.3043 29.8251 14.2066 31.1749 29.6957 14.2066 31.025 29.5907 14.2066 30.8591 29.5133 14.2066 30.6823 29.466 14.2066 30.5 29.45 14.2066 30.3177 29.466 14.2066 30.1409 29.5133 14.2066 29.975 29.5907 14.2066 29.8251 29.6957 14.2066 29.6957 29.8251 14.2066 29.5907 29.975 14.2066 29.5133 30.1409 14.2066 29.466 30.3177 14.2066 29.45 30.5 14.2066 29.466 30.6823 14.2066 29.5133 30.8591 14.2066 29.5907 31.025 14.2066 29.6957 31.1749 14.2066 29.8251 31.3043 14.2066 29.975 31.4093 14.2066 30.1409 31.4867 14.2066 30.3177 31.534 14.2066 30.5 31.55 14.2066 30.6823 31.534 14.2066 30.8591 31.4867 14.2066 31.025 31.4093 14.2066 31.1749 31.3043 14.2066 31.3043 31.1749 14.2066 31.4093 31.025 14.2066 31.4867 30.8591 14.2066 31.534 30.6823 14.2066 30.5 30.5 14.2066 -31.4867 -30.1409 14.2066 -31.534 -30.3177 14.2066 -30.5 -30.5 14.2066 -31.55 -30.5 14.2066 -31.534 -30.6823 14.2066 -31.1749 -29.6957 14.2066 -31.3043 -29.8251 14.2066 -31.4093 -29.975 14.2066 -30.6823 -29.466 14.2066 -30.8591 -29.5133 14.2066 -31.025 -29.5907 14.2066 -30.1409 -29.5133 14.2066 -30.3177 -29.466 14.2066 -30.5 -29.45 14.2066 -29.6957 -29.8251 14.2066 -29.8251 -29.6957 14.2066 -29.975 -29.5907 14.2066 -29.466 -30.3177 14.2066 -29.5133 -30.1409 14.2066 -29.5907 -29.975 14.2066 -29.5133 -30.8591 14.2066 -29.466 -30.6823 14.2066 -29.45 -30.5 14.2066 -29.8251 -31.3043 14.2066 -29.6957 -31.1749 14.2066 -29.5907 -31.025 14.2066 -30.3177 -31.534 14.2066 -30.1409 -31.4867 14.2066 -29.975 -31.4093 14.2066 -30.8591 -31.4867 14.2066 -30.6823 -31.534 14.2066 -30.5 -31.55 14.2066 -31.3043 -31.1749 14.2066 -31.1749 -31.3043 14.2066 -31.025 -31.4093 14.2066 -31.4867 -30.8591 14.2066 -31.4093 -31.025 14.2066 -29.45 -30.5 17.2066 -29.466 -30.6823 17.2066 -29.5133 -30.8591 17.2066 -29.5907 -31.025 17.2066 -29.6957 -31.1749 17.2066 -29.8251 -31.3043 17.2066 -29.975 -31.4093 17.2066 -30.1409 -31.4867 17.2066 -30.3177 -31.534 17.2066 -30.5 -31.55 17.2066 -30.6823 -31.534 17.2066 -30.8591 -31.4867 17.2066 -31.025 -31.4093 17.2066 -31.1749 -31.3043 17.2066 -31.3043 -31.1749 17.2066 -31.4093 -31.025 17.2066 -31.4867 -30.8591 17.2066 -31.534 -30.6823 17.2066 -31.55 -30.5 17.2066 -31.534 -30.3177 17.2066 -31.4867 -30.1409 17.2066 -31.4093 -29.975 17.2066 -31.3043 -29.8251 17.2066 -31.1749 -29.6957 17.2066 -31.025 -29.5907 17.2066 -30.8591 -29.5133 17.2066 -30.6823 -29.466 17.2066 -30.5 -29.45 17.2066 -30.3177 -29.466 17.2066 -30.1409 -29.5133 17.2066 -29.975 -29.5907 17.2066 -29.8251 -29.6957 17.2066 -29.6957 -29.8251 17.2066 -29.5907 -29.975 17.2066 -29.5133 -30.1409 17.2066 -29.466 -30.3177 17.2066 -30.5 -30.5 17.2066 29.5133 -30.8591 17.2066 29.466 -30.6823 17.2066 30.5 -30.5 17.2066 29.45 -30.5 17.2066 29.466 -30.3177 17.2066 29.8251 -31.3043 17.2066 29.6957 -31.1749 17.2066 29.5907 -31.025 17.2066 30.3177 -31.534 17.2066 30.1409 -31.4867 17.2066 29.975 -31.4093 17.2066 30.8591 -31.4867 17.2066 30.6823 -31.534 17.2066 30.5 -31.55 17.2066 31.3043 -31.1749 17.2066 31.1749 -31.3043 17.2066 31.025 -31.4093 17.2066 31.534 -30.6823 17.2066 31.4867 -30.8591 17.2066 31.4093 -31.025 17.2066 31.4867 -30.1409 17.2066 31.534 -30.3177 17.2066 31.55 -30.5 17.2066 31.1749 -29.6957 17.2066 31.3043 -29.8251 17.2066 31.4093 -29.975 17.2066 30.6823 -29.466 17.2066 30.8591 -29.5133 17.2066 31.025 -29.5907 17.2066 30.1409 -29.5133 17.2066 30.3177 -29.466 17.2066 30.5 -29.45 17.2066 29.6957 -29.8251 17.2066 29.8251 -29.6957 17.2066 29.975 -29.5907 17.2066 29.5133 -30.1409 17.2066 29.5907 -29.975 17.2066 31.55 -30.5 14.2066 31.534 -30.6823 14.2066 31.4867 -30.8591 14.2066 31.4093 -31.025 14.2066 31.3043 -31.1749 14.2066 31.1749 -31.3043 14.2066 31.025 -31.4093 14.2066 30.8591 -31.4867 14.2066 30.6823 -31.534 14.2066 30.5 -31.55 14.2066 30.3177 -31.534 14.2066 30.1409 -31.4867 14.2066 29.975 -31.4093 14.2066 29.8251 -31.3043 14.2066 29.6957 -31.1749 14.2066 29.5907 -31.025 14.2066 29.5133 -30.8591 14.2066 29.466 -30.6823 14.2066 29.45 -30.5 14.2066 29.466 -30.3177 14.2066 29.5133 -30.1409 14.2066 29.5907 -29.975 14.2066 29.6957 -29.8251 14.2066 29.8251 -29.6957 14.2066 29.975 -29.5907 14.2066 30.1409 -29.5133 14.2066 30.3177 -29.466 14.2066 30.5 -29.45 14.2066 30.6823 -29.466 14.2066 30.8591 -29.5133 14.2066 31.025 -29.5907 14.2066 31.1749 -29.6957 14.2066 31.3043 -29.8251 14.2066 31.4093 -29.975 14.2066 31.4867 -30.1409 14.2066 31.534 -30.3177 14.2066 30.5 -30.5 14.2066 -31.4867 30.8591 14.2066 -31.534 30.6823 14.2066 -30.5 30.5 14.2066 -31.55 30.5 14.2066 -31.534 30.3177 14.2066 -31.1749 31.3043 14.2066 -31.3043 31.1749 14.2066 -31.4093 31.025 14.2066 -30.6823 31.534 14.2066 -30.8591 31.4867 14.2066 -31.025 31.4093 14.2066 -30.1409 31.4867 14.2066 -30.3177 31.534 14.2066 -30.5 31.55 14.2066 -29.6957 31.1749 14.2066 -29.8251 31.3043 14.2066 -29.975 31.4093 14.2066 -29.466 30.6823 14.2066 -29.5133 30.8591 14.2066 -29.5907 31.025 14.2066 -29.5133 30.1409 14.2066 -29.466 30.3177 14.2066 -29.45 30.5 14.2066 -29.8251 29.6957 14.2066 -29.6957 29.8251 14.2066 -29.5907 29.975 14.2066 -30.3177 29.466 14.2066 -30.1409 29.5133 14.2066 -29.975 29.5907 14.2066 -30.8591 29.5133 14.2066 -30.6823 29.466 14.2066 -30.5 29.45 14.2066 -31.3043 29.8251 14.2066 -31.1749 29.6957 14.2066 -31.025 29.5907 14.2066 -31.4867 30.1409 14.2066 -31.4093 29.975 14.2066 -29.45 30.5 17.2066 -29.466 30.3177 17.2066 -29.5133 30.1409 17.2066 -29.5907 29.975 17.2066 -29.6957 29.8251 17.2066 -29.8251 29.6957 17.2066 -29.975 29.5907 17.2066 -30.1409 29.5133 17.2066 -30.3177 29.466 17.2066 -30.5 29.45 17.2066 -30.6823 29.466 17.2066 -30.8591 29.5133 17.2066 -31.025 29.5907 17.2066 -31.1749 29.6957 17.2066 -31.3043 29.8251 17.2066 -31.4093 29.975 17.2066 -31.4867 30.1409 17.2066 -31.534 30.3177 17.2066 -31.55 30.5 17.2066 -31.534 30.6823 17.2066 -31.4867 30.8591 17.2066 -31.4093 31.025 17.2066 -31.3043 31.1749 17.2066 -31.1749 31.3043 17.2066 -31.025 31.4093 17.2066 -30.8591 31.4867 17.2066 -30.6823 31.534 17.2066 -30.5 31.55 17.2066 -30.3177 31.534 17.2066 -30.1409 31.4867 17.2066 -29.975 31.4093 17.2066 -29.8251 31.3043 17.2066 -29.6957 31.1749 17.2066 -29.5907 31.025 17.2066 -29.5133 30.8591 17.2066 -29.466 30.6823 17.2066 -30.5 30.5 17.2066 -31.4867 30.8591 18.7066 -31.534 30.6823 18.7066 -30.5 30.5 18.7066 -31.55 30.5 18.7066 -31.534 30.3177 18.7066 -31.1749 31.3043 18.7066 -31.3043 31.1749 18.7066 -31.4093 31.025 18.7066 -30.6823 31.534 18.7066 -30.8591 31.4867 18.7066 -31.025 31.4093 18.7066 -30.1409 31.4867 18.7066 -30.3177 31.534 18.7066 -30.5 31.55 18.7066 -29.6957 31.1749 18.7066 -29.8251 31.3043 18.7066 -29.975 31.4093 18.7066 -29.466 30.6823 18.7066 -29.5133 30.8591 18.7066 -29.5907 31.025 18.7066 -29.5133 30.1409 18.7066 -29.466 30.3177 18.7066 -29.45 30.5 18.7066 -29.8251 29.6957 18.7066 -29.6957 29.8251 18.7066 -29.5907 29.975 18.7066 -30.3177 29.466 18.7066 -30.1409 29.5133 18.7066 -29.975 29.5907 18.7066 -30.8591 29.5133 18.7066 -30.6823 29.466 18.7066 -30.5 29.45 18.7066 -31.3043 29.8251 18.7066 -31.1749 29.6957 18.7066 -31.025 29.5907 18.7066 -31.4867 30.1409 18.7066 -31.4093 29.975 18.7066 -29.45 30.5 30.7066 -29.466 30.3177 30.7066 -29.5133 30.1409 30.7066 -29.5907 29.975 30.7066 -29.6957 29.8251 30.7066 -29.8251 29.6957 30.7066 -29.975 29.5907 30.7066 -30.1409 29.5133 30.7066 -30.3177 29.466 30.7066 -30.5 29.45 30.7066 -30.6823 29.466 30.7066 -30.8591 29.5133 30.7066 -31.025 29.5907 30.7066 -31.1749 29.6957 30.7066 -31.3043 29.8251 30.7066 -31.4093 29.975 30.7066 -31.4867 30.1409 30.7066 -31.534 30.3177 30.7066 -31.55 30.5 30.7066 -31.534 30.6823 30.7066 -31.4867 30.8591 30.7066 -31.4093 31.025 30.7066 -31.3043 31.1749 30.7066 -31.1749 31.3043 30.7066 -31.025 31.4093 30.7066 -30.8591 31.4867 30.7066 -30.6823 31.534 30.7066 -30.5 31.55 30.7066 -30.3177 31.534 30.7066 -30.1409 31.4867 30.7066 -29.975 31.4093 30.7066 -29.8251 31.3043 30.7066 -29.6957 31.1749 30.7066 -29.5907 31.025 30.7066 -29.5133 30.8591 30.7066 -29.466 30.6823 30.7066 -30.5 30.5 30.7066 -31.4867 -30.8591 30.7066 -31.534 -30.6823 30.7066 -30.5 -30.5 30.7066 -31.55 -30.5 30.7066 -31.534 -30.3177 30.7066 -31.1749 -31.3043 30.7066 -31.3043 -31.1749 30.7066 -31.4093 -31.025 30.7066 -30.6823 -31.534 30.7066 -30.8591 -31.4867 30.7066 -31.025 -31.4093 30.7066 -30.1409 -31.4867 30.7066 -30.3177 -31.534 30.7066 -30.5 -31.55 30.7066 -29.6957 -31.1749 30.7066 -29.8251 -31.3043 30.7066 -29.975 -31.4093 30.7066 -29.466 -30.6823 30.7066 -29.5133 -30.8591 30.7066 -29.5907 -31.025 30.7066 -29.5133 -30.1409 30.7066 -29.466 -30.3177 30.7066 -29.45 -30.5 30.7066 -29.8251 -29.6957 30.7066 -29.6957 -29.8251 30.7066 -29.5907 -29.975 30.7066 -30.3177 -29.466 30.7066 -30.1409 -29.5133 30.7066 -29.975 -29.5907 30.7066 -30.8591 -29.5133 30.7066 -30.6823 -29.466 30.7066 -30.5 -29.45 30.7066 -31.3043 -29.8251 30.7066 -31.1749 -29.6957 30.7066 -31.025 -29.5907 30.7066 -31.4867 -30.1409 30.7066 -31.4093 -29.975 30.7066 -29.45 -30.5 18.7066 -29.466 -30.6823 18.7066 -29.5133 -30.8591 18.7066 -29.5907 -31.025 18.7066 -29.6957 -31.1749 18.7066 -29.8251 -31.3043 18.7066 -29.975 -31.4093 18.7066 -30.1409 -31.4867 18.7066 -30.3177 -31.534 18.7066 -30.5 -31.55 18.7066 -30.6823 -31.534 18.7066 -30.8591 -31.4867 18.7066 -31.025 -31.4093 18.7066 -31.1749 -31.3043 18.7066 -31.3043 -31.1749 18.7066 -31.4093 -31.025 18.7066 -31.4867 -30.8591 18.7066 -31.534 -30.6823 18.7066 -31.55 -30.5 18.7066 -31.534 -30.3177 18.7066 -31.4867 -30.1409 18.7066 -31.4093 -29.975 18.7066 -31.3043 -29.8251 18.7066 -31.1749 -29.6957 18.7066 -31.025 -29.5907 18.7066 -30.8591 -29.5133 18.7066 -30.6823 -29.466 18.7066 -30.5 -29.45 18.7066 -30.3177 -29.466 18.7066 -30.1409 -29.5133 18.7066 -29.975 -29.5907 18.7066 -29.8251 -29.6957 18.7066 -29.6957 -29.8251 18.7066 -29.5907 -29.975 18.7066 -29.5133 -30.1409 18.7066 -29.466 -30.3177 18.7066 -30.5 -30.5 18.7066 31.55 30.5 30.7066 31.55 30.5 18.7066 31.534 30.3177 30.7066 31.534 30.3177 18.7066 31.4867 30.1409 30.7066 31.4867 30.1409 18.7066 31.4093 29.975 30.7066 31.4093 29.975 18.7066 31.3043 29.8251 30.7066 31.3043 29.8251 18.7066 31.1749 29.6957 30.7066 31.1749 29.6957 18.7066 31.025 29.5907 30.7066 31.025 29.5907 18.7066 30.8591 29.5133 30.7066 30.8591 29.5133 18.7066 30.6823 29.466 30.7066 30.6823 29.466 18.7066 30.5 29.45 30.7066 30.5 29.45 18.7066 30.3177 29.466 30.7066 30.3177 29.466 18.7066 30.1409 29.5133 30.7066 30.1409 29.5133 18.7066 29.975 29.5907 30.7066 29.975 29.5907 18.7066 29.8251 29.6957 30.7066 29.8251 29.6957 18.7066 29.6957 29.8251 30.7066 29.6957 29.8251 18.7066 29.5907 29.975 30.7066 29.5907 29.975 18.7066 29.5133 30.1409 30.7066 29.5133 30.1409 18.7066 29.466 30.3177 30.7066 29.466 30.3177 18.7066 29.45 30.5 30.7066 29.45 30.5 18.7066 29.466 30.6823 30.7066 29.466 30.6823 18.7066 29.5133 30.8591 30.7066 29.5133 30.8591 18.7066 29.5907 31.025 30.7066 29.5907 31.025 18.7066 29.6957 31.1749 30.7066 29.6957 31.1749 18.7066 29.8251 31.3043 30.7066 29.8251 31.3043 18.7066 29.975 31.4093 30.7066 29.975 31.4093 18.7066 30.1409 31.4867 30.7066 30.1409 31.4867 18.7066 30.3177 31.534 30.7066 30.3177 31.534 18.7066 30.5 31.55 30.7066 30.5 31.55 18.7066 30.6823 31.534 30.7066 30.6823 31.534 18.7066 30.8591 31.4867 30.7066 30.8591 31.4867 18.7066 31.025 31.4093 30.7066 31.025 31.4093 18.7066 31.1749 31.3043 30.7066 31.1749 31.3043 18.7066 31.3043 31.1749 30.7066 31.3043 31.1749 18.7066 31.4093 31.025 30.7066 31.4093 31.025 18.7066 31.4867 30.8591 30.7066 31.4867 30.8591 18.7066 31.534 30.6823 30.7066 31.534 30.6823 18.7066 30.5 30.5 30.7066 30.5 30.5 18.7066 29.5133 -30.8591 30.7066 29.466 -30.6823 30.7066 30.5 -30.5 30.7066 29.45 -30.5 30.7066 29.466 -30.3177 30.7066 29.8251 -31.3043 30.7066 29.6957 -31.1749 30.7066 29.5907 -31.025 30.7066 30.3177 -31.534 30.7066 30.1409 -31.4867 30.7066 29.975 -31.4093 30.7066 30.8591 -31.4867 30.7066 30.6823 -31.534 30.7066 30.5 -31.55 30.7066 31.3043 -31.1749 30.7066 31.1749 -31.3043 30.7066 31.025 -31.4093 30.7066 31.534 -30.6823 30.7066 31.4867 -30.8591 30.7066 31.4093 -31.025 30.7066 31.4867 -30.1409 30.7066 31.534 -30.3177 30.7066 31.55 -30.5 30.7066 31.1749 -29.6957 30.7066 31.3043 -29.8251 30.7066 31.4093 -29.975 30.7066 30.6823 -29.466 30.7066 30.8591 -29.5133 30.7066 31.025 -29.5907 30.7066 30.1409 -29.5133 30.7066 30.3177 -29.466 30.7066 30.5 -29.45 30.7066 29.6957 -29.8251 30.7066 29.8251 -29.6957 30.7066 29.975 -29.5907 30.7066 29.5133 -30.1409 30.7066 29.5907 -29.975 30.7066 31.55 -30.5 18.7066 31.534 -30.6823 18.7066 31.4867 -30.8591 18.7066 31.4093 -31.025 18.7066 31.3043 -31.1749 18.7066 31.1749 -31.3043 18.7066 31.025 -31.4093 18.7066 30.8591 -31.4867 18.7066 30.6823 -31.534 18.7066 30.5 -31.55 18.7066 30.3177 -31.534 18.7066 30.1409 -31.4867 18.7066 29.975 -31.4093 18.7066 29.8251 -31.3043 18.7066 29.6957 -31.1749 18.7066 29.5907 -31.025 18.7066 29.5133 -30.8591 18.7066 29.466 -30.6823 18.7066 29.45 -30.5 18.7066 29.466 -30.3177 18.7066 29.5133 -30.1409 18.7066 29.5907 -29.975 18.7066 29.6957 -29.8251 18.7066 29.8251 -29.6957 18.7066 29.975 -29.5907 18.7066 30.1409 -29.5133 18.7066 30.3177 -29.466 18.7066 30.5 -29.45 18.7066 30.6823 -29.466 18.7066 30.8591 -29.5133 18.7066 31.025 -29.5907 18.7066 31.1749 -29.6957 18.7066 31.3043 -29.8251 18.7066 31.4093 -29.975 18.7066 31.4867 -30.1409 18.7066 31.534 -30.3177 18.7066 30.5 -30.5 18.7066</float_array>
                    <technique_common>
                        <accessor count="2735" source="#shape0-lib-positions-array" stride="3">
                            <param name="X" type="float"/>
                            <param name="Y" type="float"/>
                            <param name="Z" type="float"/>
                        </accessor>
                    </technique_common>
                </source>
                <source id="shape0-lib-normals" name="normal">
                    <float_array id="shape0-lib-normals-array" count="16434">0 0 -1 0 0 -1 0 0 -1 0 0 -1 0 0 -1 0 0 -1 0 0 -1 0 0 -1 0 0 -1 0 0 -1 0 0 -1 0 0 -1 0 0 -1 0 0 -1 0 0 -1 0 0 -1 0 0 -1 0 0 -1 0 0 -1 0 0 -1 0 0 -1 0 0 -1 0 0 -1 0 0 -1 0 0 -1 0 0 -1 0 0 -1 0 0 -1 0 0 -1 0 0 -1 0 0 -1 0 0 -1 0 0 -1 0 0 -1 0 0 -1 0 0 -1 0 0 -1 0 0 -1 0 0 -1 0 0 -1 0 0 -1 0 0 -1 0 0 -1 0 0 -1 0 0 -1 0 0 -1 0 0 -1 0 0 -1 0 0 -1 0 0 -1 0 0 -1 0 0 -1 0 0 -1 0 0 -1 0 0 -1 0 0 -1 0 0 -1 0 0 -1 0 0 -1 0 0 -1 0 0 -1 0 0 -1 0 0 -1 0 0 -1 0 0 -1 0 0 -1 0 0 -1 0 0 -1 0 0 -1 0 0 -1 0 0 -1 0 0 -1 0 0 -1 0 0 -1 0 0 -1 0 0 -1 0 0 -1 0 0 -1 0 0 -1 0 0 -1 0 0 -1 0 0 -1 0 0 -1 0 0 -1 0 0 -1 0 0 -1 0 0 -1 0 0 -1 0 0 -1 0 0 -1 0 0 -1 0 0 -1 0 0 -1 0 0 -1 0 0 -1 0 0 -1 0 0 -1 0 0 -1 0 0 -1 0 0 -1 0 0 -1 0 0 -1 0 0 -1 0 0 -1 0 0 -1 0 0 -1 0 0 -1 0 0 -1 0 0 -1 0 0 -1 0 0 -1 0 0 -1 0 0 -1 0 0 -1 0 0 -1 0 0 -1 0 0 -1 0 0 -1 0 0 -1 0 0 -1 0 0 -1 0 0 -1 0 0 -1 0 0 -1 0 0 -1 0 0 -1 0 0 -1 0 0 -1 0 0 -1 0 0 -1 0 0 -1 0 0 -1 0 0 -1 0 0 -1 0 0 -1 0 0 -1 0 0 -1 0 0 -1 0 0 -1 0 0 -1 0 0 -1 0 0 -1 0 0 -1 0 0 -1 0 0 -1 0 0 -1 0 0 -1 0 0 -1 0 0 -1 0 0 -1 0 0 -1 0 0 -1 0 0 -1 0 0 -1 0 0 -1 0 0 -1 0 0 -1 0 0 -1 0 0 -1 0 0 -1 0 0 -1 0 0 -1 0 0 -1 0 0 -1 0 0 -1 0 0 -1 0 0 -1 0 0 -1 0 0 -1 0 0 -1 0 0 -1 0 0 -1 0 0 -1 0 0 -1 0 0 -1 0 0 -1 0 0 -1 0 0 -1 0 0 -1 0 0 -1 0 0 -1 0 0 -1 0 0 -1 0 0 -1 0 0 -1 0 0 -1 0 0 -1 0 0 -1 0 0 -1 0 0 -1 0 0 -1 0 0 -1 0 0 -1 0 0 -1 0 0 -1 0 0 -1 0 0 -1 0 0 -1 0 0 -1 0 0 -1 0 0 -1 0 0 -1 0 0 -1 0 0 -1 0 0 -1 0 0 -1 0 0 -1 0 0 -1 0 0 -1 0 0 -1 0 0 -1 0 0 -1 0 0 -1 0 0 -1 0 0 -1 0 0 -1 0 0 -1 0 0 -1 0 0 -1 0 0 -1 0 0 -1 0 0 -1 0 0 -1 0 0 -1 0 0 -1 0 0 -1 0 0 -1 0 0 -1 0 0 -1 0 0 -1 0 0 -1 0 0 -1 0 0 -1 0 0 -1 0 0 -1 0 0 -1 0 0 -1 0 0 -1 0 0 -1 0 0 -1 0 0 -1 0 0 -1 0 0 -1 0 0 -1 0 0 -1 0 0 -1 0 0 -1 0 0 -1 0 0 -1 0 0 -1 0 0 -1 0 0 -1 0 0 -1 0 0 -1 0 0 -1 0 0 -1 0 0 -1 0 0 -1 0 0 -1 0 0 -1 0 0 -1 0 0 -1 0 0 -1 0 0 -1 0 0 -1 0 0 -1 0 0 -1 0 0 -1 0 0 -1 0 0 -1 0 0 -1 0 0 -1 0 0 -1 0 0 -1 0 0 -1 0 0 -1 0 0 -1 0 0 -1 0 0 -1 0 0 -1 0 0 -1 0 0 -1 0 0 -1 0 0 -1 0 0 -1 0 0 -1 0 0 -1 0 0 -1 0 0 -1 0 0 -1 0 0 -1 0 0 -1 0 0 -1 0 0 -1 0 0 -1 0 0 -1 0 0 -1 0 0 -1 0 0 -1 0 0 -1 0 0 -1 0 0 -1 0 0 -1 0 0 -1 0 0 -1 0 0 -1 0 0 -1 0 0 -1 0 0 -1 0 0 -1 0 0 -1 0 0 -1 0 0 -1 0 0 -1 0 0 -1 0 0 -1 0 0 -1 0 0 -1 0 0 -1 0 0 -1 0 0 -1 0 0 -1 0 0 -1 0 0 -1 0 0 -1 0 0 -1 0 0 -1 0 0 -1 0 0 -1 0 0 -1 0 0 -1 0 0 -1 0 0 -1 0 0 -1 0 0 -1 0 0 -1 0 0 -1 0 0 -1 0 0 -1 0 0 -1 0 0 -1 0 0 -1 0 0 -1 0 0 -1 0 0 -1 0 0 -1 0 0 -1 0 0 -1 0 0 -1 0 0 -1 0 0 1 0 0 1 0 0 1 0 0 1 0 0 1 0 0 1 0 0 1 0 0 1 0 0 1 0 0 1 0 0 1 0 0 1 0 0 1 0 0 1 0 0 1 0 0 1 0 0 1 0 0 1 0 0 1 0 0 1 0 0 1 0 0 1 0 0 1 0 0 1 0 0 1 0 0 1 0 0 1 0 0 1 0 0 1 0 0 1 0 0 1 0 0 1 0 0 1 0 0 1 0 0 1 0 0 1 0 0 1 0 0 1 0 0 1 0 0 1 0 0 1 0 0 1 0 0 1 0 0 1 0 0 1 0 0 1 0 0 1 0 0 1 0 0 1 0 0 1 0 0 1 0 0 1 0 0 1 0 0 1 0 0 1 0 0 1 0 0 1 0 0 1 0 0 1 0 0 1 0 0 1 0 0 1 0 0 1 0 0 1 0 0 1 0 0 1 0 0 1 0 0 1 0 0 1 0 0 1 0 0 1 0 0 1 0 0 1 0 0 1 0 0 1 0 0 1 0 0 1 0 0 1 0 0 1 0 0 1 0 0 1 0 0 1 0 0 1 0 0 1 0 0 1 0 0 1 0 0 1 0 0 1 0 0 1 0 0 1 0 0 1 0 0 1 0 0 1 0 0 1 0 0 1 0 0 1 0 0 1 0 0 1 0 0 1 0 0 1 0 0 1 0 0 1 0 0 1 0 0 1 0 0 1 0 0 1 0 0 1 0 0 1 0 0 1 0 0 1 0 0 1 0 0 1 0 0 1 0 0 1 0 0 1 0 0 1 0 0 1 0 0 1 0 0 1 0 0 1 0 0 1 0 0 1 0 0 1 0 0 1 0 0 1 0 0 1 0 0 1 0 0 1 0 0 1 0 0 1 0 0 1 0 0 1 0 0 1 0 0 1 0 0 1 0 0 1 0 0 1 0 0 1 0 0 1 0 0 1 0 0 1 0 0 1 0 0 1 0 0 1 0 0 1 0 0 1 0 0 1 0 0 1 0 0 1 0 0 1 0 0 1 0 0 1 0 0 1 0 0 1 0 0 1 0 0 1 0 0 1 0 0 1 0 0 1 0 0 1 0 0 1 0 0 1 0 0 1 0 0 1 0 0 1 0 0 1 0 0 1 0 0 1 0 0 1 0 0 1 0 0 1 0 0 1 0 0 1 0 0 1 0 0 1 0 0 1 0 0 1 0 0 1 0 0 1 0 0 1 0 0 1 0 0 1 0 0 1 0 0 1 0 0 1 0 0 1 0 0 1 0 0 1 0 0 1 0 0 1 0 0 1 0 0 1 0 0 1 0 0 1 0 0 1 0 0 1 0 0 1 0 0 1 0 0 1 0 0 1 0 0 1 0 0 1 0 0 1 0 0 1 0 0 1 0 0 1 0 0 1 0 0 1 0 0 1 0 0 1 0 0 1 0 0 1 0 0 1 0 0 1 0 0 1 0 0 1 0 0 1 0 0 1 0 0 1 0 0 1 0 0 1 0 0 1 0 0 1 0 0 1 0 0 1 0 0 1 0 0 1 0 0 1 0 0 1 0 0 1 0 0 1 0 0 1 0 0 1 0 0 1 0 0 1 0 0 1 0 0 1 0 0 1 0 0 1 0 0 1 0 0 1 0 0 1 0 0 1 0 0 1 0 0 1 0 0 1 0 0 1 0 0 1 0 0 1 0 0 1 0 0 1 0 0 1 0 0 1 0 0 1 0 0 1 0 0 1 0 0 1 0 0 1 0 0 1 0 0 1 0 0 1 0 0 1 0 0 1 0 0 1 0 0 1 0 0 1 0 0 1 0 0 1 0 0 1 0 0 1 0 0 1 0 0 1 0 0 1 0 0 1 0 0 1 0 0 1 0 0 1 0 0 1 0 0 1 0 0 1 0 0 1 0 0 1 0 0 1 0 0 1 0 0 1 0 0 1 0 0 1 0 0 1 0 0 1 0 0 1 0 0 1 0 0 1 0 0 1 0 0 1 0 0 1 0 0 1 0 0 1 0 0 1 0 0 1 0 0 1 0 0 1 0 0 1 0 0 1 0 0 1 0 0 1 0 0 1 0 0 1 0 0 1 0 0 1 0 0 1 0 0 1 0 0 1 0 0 1 0 0 1 0 0 1 0 0 1 0 0 1 0 0 1 0 0 1 0 0 1 0 0 1 0 0 1 0 0 1 0 0 1 0 0 1 0 0 1 0 0 1 0 0 1 0 0 1 0 0 1 0 0 1 0 0 1 0 0 1 0 0 1 0 0 1 0 0 1 0 0 1 0 0 1 0 0 1 0 0 1 0 0 1 0 0 1 0 0 1 0 0 1 0 0 1 0 0 1 0 0 1 0 0 1 0 0 1 0 0 1 0 0 1 0 0 1 0 0 1 0 0 1 0 0 1 0 0 1 0 0 1 0 0 1 0 0 1 0 0 1 0 0 1 0 0 1 0.384899 0.922959 0 0.384899 0.922959 0 0.533768 0.845631 0 0.533768 0.845631 0 0.667621 0.744502 0 0.667621 0.744502 0 0.782686 0.622417 0 0.782686 0.622417 0 0.875719 0.48282 0 0.875719 0.48282 0 0.944109 0.329633 0 0.944109 0.329633 0 0.985929 0.167164 0 0.985929 0.167164 0 1 0 0 1 0 0 0.985929 -0.167165 0 0.985929 -0.167165 0 0.944109 -0.329632 0 0.944109 -0.329632 0 0.875721 -0.482818 0 0.875721 -0.482818 0 0.782684 -0.62242 0 0.782684 -0.62242 0 0.667621 -0.744502 0 0.667621 -0.744502 0 0.533771 -0.845629 0 0.533771 -0.845629 0 0.384897 -0.922959 0 0.384897 -0.922959 0 1 0 0 1 0 0 1 0 0 1 0 0 0.64658 0.762846 0 0.64658 0.762846 0 0.76859 0.639741 0 0.76859 0.639741 0 0.830782 0.556599 0 0.830782 0.556599 0 0.875905 0.482483 0 0.875905 0.482483 0 0.940372 0.340148 0 0.940372 0.340148 0 0.984979 0.172676 0 0.984979 0.172676 0 1 0 0 1 0 0 0.984979 -0.172676 0 0.984979 -0.172676 0 0.940372 -0.340148 0 0.940372 -0.340148 0 0.875905 -0.482483 0 0.875905 -0.482483 0 0.830801 -0.556569 0 0.830801 -0.556569 0 0.76859 -0.639741 0 0.76859 -0.639741 0 0.646573 -0.762852 0 0.646573 -0.762852 0 1 0 0 1 0 0 1 0 0 1 0 0 0.384895 0.92296 0 0.384895 0.92296 0 0.533771 0.845629 0 0.533771 0.845629 0 0.667618 0.744504 0 0.667618 0.744504 0 0.782686 0.622417 0 0.782686 0.622417 0 0.875721 0.482818 0 0.875721 0.482818 0 0.944109 0.329633 0 0.944109 0.329633 0 0.985929 0.167165 0 0.985929 0.167165 0 1 0 0 1 0 0 0.985929 -0.167165 0 0.985929 -0.167165 0 0.94411 -0.329631 0 0.94411 -0.329631 0 0.875718 -0.482822 0 0.875718 -0.482822 0 0.782686 -0.622417 0 0.782686 -0.622417 0 0.667618 -0.744504 0 0.667618 -0.744504 0 0.533771 -0.845629 0 0.533771 -0.845629 0 0.384903 -0.922957 0 0.384903 -0.922957 0 1 0 0 1 0 0 0 1 0 0 1 0 0 1 0 0 1 0 0 1 0 0 1 0 0 1 0 0 1 0 0 1 0 0 1 0 -1 0 0 -1 0 0 -0.384902 -0.922958 0 -0.384902 -0.922958 0 -0.533771 -0.845629 0 -0.533771 -0.845629 0 -0.66762 -0.744502 0 -0.66762 -0.744502 0 -0.782686 -0.622417 0 -0.782686 -0.622417 0 -0.875718 -0.482822 0 -0.875718 -0.482822 0 -0.94411 -0.329631 0 -0.94411 -0.329631 0 -0.985928 -0.167169 0 -0.985928 -0.167169 0 -1 0 0 -1 0 0 -0.985928 0.167169 0 -0.985928 0.167169 0 -0.944109 0.329633 0 -0.944109 0.329633 0 -0.875721 0.482818 0 -0.875721 0.482818 0 -0.782686 0.622417 0 -0.782686 0.622417 0 -0.66762 0.744502 0 -0.66762 0.744502 0 -0.533771 0.845629 0 -0.533771 0.845629 0 -0.384894 0.922961 0 -0.384894 0.922961 0 -1 0 0 -1 0 0 -1 0 0 -1 0 0 -0.646573 -0.762852 0 -0.646573 -0.762852 0 -0.768587 -0.639745 0 -0.768587 -0.639745 0 -0.830801 -0.556569 0 -0.830801 -0.556569 0 -0.875909 -0.482477 0 -0.875909 -0.482477 0 -0.94037 -0.340154 0 -0.94037 -0.340154 0 -0.98498 -0.17267 0 -0.98498 -0.17267 0 -1 0 0 -1 0 0 -0.98498 0.17267 0 -0.98498 0.17267 0 -0.94037 0.340154 0 -0.94037 0.340154 0 -0.875909 0.482477 0 -0.875909 0.482477 0 -0.830782 0.556599 0 -0.830782 0.556599 0 -0.768587 0.639745 0 -0.768587 0.639745 0 -0.64658 0.762846 0 -0.64658 0.762846 0 -1 0 0 -1 0 0 -1 0 0 -1 0 0 -0.384896 -0.92296 0 -0.384896 -0.92296 0 -0.533771 -0.845629 0 -0.533771 -0.845629 0 -0.667623 -0.7445 0 -0.667623 -0.7445 0 -0.782684 -0.62242 0 -0.782684 -0.62242 0 -0.875721 -0.482818 0 -0.875721 -0.482818 0 -0.944109 -0.329632 0 -0.944109 -0.329632 0 -0.985928 -0.167169 0 -0.985928 -0.167169 0 -1 0 0 -1 0 0 -0.985928 0.167168 0 -0.985928 0.167168 0 -0.944109 0.329633 0 -0.944109 0.329633 0 -0.875719 0.48282 0 -0.875719 0.48282 0 -0.782686 0.622417 0 -0.782686 0.622417 0 -0.667623 0.7445 0 -0.667623 0.7445 0 -0.533768 0.845631 0 -0.533768 0.845631 0 -0.384898 0.922959 0 -0.384898 0.922959 0 -1 0 0 -1 0 0 0 -1 0 0 -1 0 0 -1 0 0 -1 0 0 -1 0 0 -1 0 0 -1 0 0 -1 0 0 -1 0 0 -1 0 0 -1 0 1 0 0 1 0 0 -0.0871636 0.996194 0 -0.0871636 0.996194 0 -0.258813 0.965928 0 -0.258813 0.965928 0 -0.422615 0.906309 0 -0.422615 0.906309 0 -0.573582 0.819148 0 -0.573582 0.819148 0 -0.707103 0.70711 0 -0.707103 0.70711 0 -0.819156 0.57357 0 -0.819156 0.57357 0 -0.906305 0.422624 0 -0.906305 0.422624 0 -0.965927 0.258815 0 -0.965927 0.258815 0 -0.996195 0.087156 0 -0.996195 0.087156 0 -0.996195 -0.087156 0 -0.996195 -0.087156 0 -0.965927 -0.258816 0 -0.965927 -0.258816 0 -0.906307 -0.422621 0 -0.906307 -0.422621 0 -0.819156 -0.57357 0 -0.819156 -0.57357 0 -0.7071 -0.707114 0 -0.7071 -0.707114 0 -0.573582 -0.819148 0 -0.573582 -0.819148 0 -0.422621 -0.906307 0 -0.422621 -0.906307 0 -0.258813 -0.965928 0 -0.258813 -0.965928 0 -0.0871566 -0.996195 0 -0.0871566 -0.996195 0 0.0871554 -0.996195 0 0.0871554 -0.996195 0 0.258816 -0.965927 0 0.258816 -0.965927 0 0.422621 -0.906307 0 0.422621 -0.906307 0 0.573575 -0.819153 0 0.573575 -0.819153 0 0.707107 -0.707107 0 0.707107 -0.707107 0 0.819156 -0.57357 0 0.819156 -0.57357 0 0.906307 -0.422621 0 0.906307 -0.422621 0 0.965927 -0.258816 0 0.965927 -0.258816 0 0.996195 -0.087156 0 0.996195 -0.087156 0 0.996195 0.087156 0 0.996195 0.087156 0 0.965927 0.258815 0 0.965927 0.258815 0 0.906305 0.422624 0 0.906305 0.422624 0 0.819156 0.57357 0 0.819156 0.57357 0 0.70711 0.707103 0 0.70711 0.707103 0 0.573575 0.819153 0 0.573575 0.819153 0 0.422615 0.906309 0 0.422615 0.906309 0 0.258816 0.965927 0 0.258816 0.965927 0 0.0871624 0.996194 0 0.0871624 0.996194 0 -0.0871396 0.996196 0 -0.0871396 0.996196 0 -0.258831 0.965923 0 -0.258831 0.965923 0 -0.422612 0.906311 0 -0.422612 0.906311 0 -0.573585 0.819146 0 -0.573585 0.819146 0 -0.707102 0.707112 0 -0.707102 0.707112 0 -0.819155 0.573572 0 -0.819155 0.573572 0 -0.906309 0.422616 0 -0.906309 0.422616 0 -0.965924 0.258825 0 -0.965924 0.258825 0 -0.996195 0.0871494 0 -0.996195 0.0871494 0 -0.996195 -0.0871494 0 -0.996195 -0.0871494 0 -0.965924 -0.258825 0 -0.965924 -0.258825 0 -0.906309 -0.422616 0 -0.906309 -0.422616 0 -0.819155 -0.573572 0 -0.819155 -0.573572 0 -0.707102 -0.707112 0 -0.707102 -0.707112 0 -0.573585 -0.819146 0 -0.573585 -0.819146 0 -0.422612 -0.906311 0 -0.422612 -0.906311 0 -0.258831 -0.965923 0 -0.258831 -0.965923 0 -0.0871396 -0.996196 0 -0.0871396 -0.996196 0 0.0871396 -0.996196 0 0.0871396 -0.996196 0 0.258831 -0.965923 0 0.258831 -0.965923 0 0.422608 -0.906313 0 0.422608 -0.906313 0 0.57359 -0.819143 0 0.57359 -0.819143 0 0.707102 -0.707112 0 0.707102 -0.707112 0 0.819151 -0.573579 0 0.819151 -0.573579 0 0.906309 -0.422616 0 0.906309 -0.422616 0 0.965927 -0.258815 0 0.965927 -0.258815 0 0.996194 -0.0871593 0 0.996194 -0.0871593 0 0.996194 0.0871593 0 0.996194 0.0871593 0 0.965927 0.258815 0 0.965927 0.258815 0 0.906309 0.422616 0 0.906309 0.422616 0 0.819151 0.573579 0 0.819151 0.573579 0 0.707102 0.707112 0 0.707102 0.707112 0 0.57359 0.819143 0 0.57359 0.819143 0 0.422608 0.906313 0 0.422608 0.906313 0 0.258831 0.965923 0 0.258831 0.965923 0 0.0871396 0.996196 0 0.0871396 0.996196 0 -0.0871636 0.996194 0 -0.0871636 0.996194 0 -0.258815 0.965927 0 -0.258815 0.965927 0 -0.422615 0.906309 0 -0.422615 0.906309 0 -0.573575 0.819153 0 -0.573575 0.819153 0 -0.70711 0.707103 0 -0.70711 0.707103 0 -0.819153 0.573575 0 -0.819153 0.573575 0 -0.906305 0.422624 0 -0.906305 0.422624 0 -0.965927 0.258815 0 -0.965927 0.258815 0 -0.996195 0.087156 0 -0.996195 0.087156 0 -0.996195 -0.087156 0 -0.996195 -0.087156 0 -0.965927 -0.258816 0 -0.965927 -0.258816 0 -0.906307 -0.422621 0 -0.906307 -0.422621 0 -0.819153 -0.573575 0 -0.819153 -0.573575 0 -0.707107 -0.707107 0 -0.707107 -0.707107 0 -0.573575 -0.819153 0 -0.573575 -0.819153 0 -0.422621 -0.906307 0 -0.422621 -0.906307 0 -0.258815 -0.965927 0 -0.258815 -0.965927 0 -0.0871566 -0.996195 0 -0.0871566 -0.996195 0 0.087156 -0.996195 0 0.087156 -0.996195 0 0.258815 -0.965927 0 0.258815 -0.965927 0 0.422624 -0.906305 0 0.422624 -0.906305 0 0.573575 -0.819153 0 0.573575 -0.819153 0 0.707103 -0.70711 0 0.707103 -0.70711 0 0.819153 -0.573575 0 0.819153 -0.573575 0 0.906309 -0.422615 0 0.906309 -0.422615 0 0.965925 -0.258823 0 0.965925 -0.258823 0 0.996195 -0.087156 0 0.996195 -0.087156 0 0.996195 0.087156 0 0.996195 0.087156 0 0.965925 0.258821 0 0.965925 0.258821 0 0.906308 0.422618 0 0.906308 0.422618 0 0.819153 0.573575 0 0.819153 0.573575 0 0.707107 0.707107 0 0.707107 0.707107 0 0.573575 0.819153 0 0.573575 0.819153 0 0.422618 0.906308 0 0.422618 0.906308 0 0.258815 0.965927 0 0.258815 0.965927 0 0.087163 0.996194 0 0.087163 0.996194 0 -0.0871396 0.996196 0 -0.0871396 0.996196 0 -0.258834 0.965922 0 -0.258834 0.965922 0 -0.422608 0.906313 0 -0.422608 0.906313 0 -0.573585 0.819146 0 -0.573585 0.819146 0 -0.707107 0.707107 0 -0.707107 0.707107 0 -0.819155 0.573572 0 -0.819155 0.573572 0 -0.906305 0.422624 0 -0.906305 0.422624 0 -0.965927 0.258815 0 -0.965927 0.258815 0 -0.996194 0.0871593 0 -0.996194 0.0871593 0 -0.996194 -0.0871593 0 -0.996194 -0.0871593 0 -0.965927 -0.258815 0 -0.965927 -0.258815 0 -0.906305 -0.422624 0 -0.906305 -0.422624 0 -0.819155 -0.573572 0 -0.819155 -0.573572 0 -0.707107 -0.707107 0 -0.707107 -0.707107 0 -0.573585 -0.819146 0 -0.573585 -0.819146 0 -0.422608 -0.906313 0 -0.422608 -0.906313 0 -0.258834 -0.965922 0 -0.258834 -0.965922 0 -0.0871396 -0.996196 0 -0.0871396 -0.996196 0 0.0871396 -0.996196 0 0.0871396 -0.996196 0 0.258829 -0.965923 0 0.258829 -0.965923 0 0.422615 -0.906309 0 0.422615 -0.906309 0 0.573585 -0.819146 0 0.573585 -0.819146 0 0.707097 -0.707117 0 0.707097 -0.707117 0 0.819155 -0.573572 0 0.819155 -0.573572 0 0.906313 -0.422608 0 0.906313 -0.422608 0 0.965922 -0.258834 0 0.965922 -0.258834 0 0.996194 -0.0871593 0 0.996194 -0.0871593 0 0.996194 0.0871593 0 0.996194 0.0871593 0 0.965922 0.258834 0 0.965922 0.258834 0 0.906313 0.422608 0 0.906313 0.422608 0 0.819155 0.573572 0 0.819155 0.573572 0 0.707097 0.707117 0 0.707097 0.707117 0 0.573585 0.819146 0 0.573585 0.819146 0 0.422615 0.906309 0 0.422615 0.906309 0 0.258829 0.965923 0 0.258829 0.965923 0 0.0871396 0.996196 0 0.0871396 0.996196 0 -0.0871566 0.996195 0 -0.0871566 0.996195 0 -0.258813 0.965928 0 -0.258813 0.965928 0 -0.422621 0.906307 0 -0.422621 0.906307 0 -0.573577 0.819152 0 -0.573577 0.819152 0 -0.7071 0.707114 0 -0.7071 0.707114 0 -0.819156 0.57357 0 -0.819156 0.57357 0 -0.906307 0.422621 0 -0.906307 0.422621 0 -0.965928 0.258813 0 -0.965928 0.258813 0 -0.996195 0.0871566 0 -0.996195 0.0871566 0 -0.996195 -0.0871566 0 -0.996195 -0.0871566 0 -0.965928 -0.258813 0 -0.965928 -0.258813 0 -0.906307 -0.422621 0 -0.906307 -0.422621 0 -0.819152 -0.573577 0 -0.819152 -0.573577 0 -0.707107 -0.707107 0 -0.707107 -0.707107 0 -0.573577 -0.819152 0 -0.573577 -0.819152 0 -0.422621 -0.906307 0 -0.422621 -0.906307 0 -0.258813 -0.965928 0 -0.258813 -0.965928 0 -0.0871566 -0.996195 0 -0.0871566 -0.996195 0 0.0871554 -0.996195 0 0.0871554 -0.996195 0 0.258816 -0.965927 0 0.258816 -0.965927 0 0.422621 -0.906307 0 0.422621 -0.906307 0 0.57357 -0.819156 0 0.57357 -0.819156 0 0.707114 -0.7071 0 0.707114 -0.7071 0 0.819152 -0.573577 0 0.819152 -0.573577 0 0.906307 -0.422621 0 0.906307 -0.422621 0 0.965928 -0.258813 0 0.965928 -0.258813 0 0.996195 -0.0871566 0 0.996195 -0.0871566 0 0.996195 0.0871566 0 0.996195 0.0871566 0 0.965928 0.258813 0 0.965928 0.258813 0 0.906307 0.422621 0 0.906307 0.422621 0 0.819156 0.57357 0 0.819156 0.57357 0 0.707107 0.707107 0 0.707107 0.707107 0 0.57357 0.819156 0 0.57357 0.819156 0 0.422621 0.906307 0 0.422621 0.906307 0 0.258816 0.965927 0 0.258816 0.965927 0 0.0871554 0.996195 0 0.0871554 0.996195 0 -0.0871566 0.996195 0 -0.0871566 0.996195 0 -0.258815 0.965927 0 -0.258815 0.965927 0 -0.422621 0.906307 0 -0.422621 0.906307 0 -0.57357 0.819156 0 -0.57357 0.819156 0 -0.707107 0.707107 0 -0.707107 0.707107 0 -0.819153 0.573575 0 -0.819153 0.573575 0 -0.906307 0.422621 0 -0.906307 0.422621 0 -0.965928 0.258813 0 -0.965928 0.258813 0 -0.996195 0.0871566 0 -0.996195 0.0871566 0 -0.996195 -0.0871566 0 -0.996195 -0.0871566 0 -0.965928 -0.258813 0 -0.965928 -0.258813 0 -0.906307 -0.422621 0 -0.906307 -0.422621 0 -0.819148 -0.573582 0 -0.819148 -0.573582 0 -0.707114 -0.7071 0 -0.707114 -0.7071 0 -0.57357 -0.819156 0 -0.57357 -0.819156 0 -0.422621 -0.906307 0 -0.422621 -0.906307 0 -0.258815 -0.965927 0 -0.258815 -0.965927 0 -0.0871566 -0.996195 0 -0.0871566 -0.996195 0 0.087156 -0.996195 0 0.087156 -0.996195 0 0.258815 -0.965927 0 0.258815 -0.965927 0 0.422624 -0.906305 0 0.422624 -0.906305 0 0.57357 -0.819156 0 0.57357 -0.819156 0 0.70711 -0.707103 0 0.70711 -0.707103 0 0.819148 -0.573582 0 0.819148 -0.573582 0 0.906309 -0.422615 0 0.906309 -0.422615 0 0.965926 -0.258819 0 0.965926 -0.258819 0 0.996195 -0.0871566 0 0.996195 -0.0871566 0 0.996195 0.0871566 0 0.996195 0.0871566 0 0.965926 0.258819 0 0.965926 0.258819 0 0.906309 0.422615 0 0.906309 0.422615 0 0.819153 0.573575 0 0.819153 0.573575 0 0.707103 0.70711 0 0.707103 0.70711 0 0.57357 0.819156 0 0.57357 0.819156 0 0.422624 0.906305 0 0.422624 0.906305 0 0.258815 0.965927 0 0.258815 0.965927 0 0.087156 0.996195 0 0.087156 0.996195 0 0 0 -1 0 0 -1 0 0 1 0 0 1 -1 0 0 -1 0 0 -1 0 0 -1 0 0 0 -1 0 0 -1 0 1 0 0 1 0 0 1 0 0 1 0 0 0 1 0 0 1 0 0 0 -1 0 0 -1 0 0 1 0 0 1 -1 0 0 -1 0 0 -1 0 0 0 -1 0 0 -1 0 1 0 0 1 0 0 1 0 0 0 1 0 0 1 0 0 0 -1 0 0 -1 0 0 1 0 0 1 -1 0 0 -1 0 0 -1 0 0 -1 0 0 0 -1 0 0 -1 0 1 0 0 1 0 0 1 0 0 1 0 0 0 1 0 0 1 0 0 0 -1 0 0 -1 0 0 1 0 0 1 -1 0 0 -1 0 0 -1 0 0 0 -1 0 0 -1 0 1 0 0 1 0 0 1 0 0 0 1 0 0 1 0 0 0 1 0 0 1 0 0 -1 0 0 -1 0 0 -1 0 0 -1 0 0 -1 0 0 -1 1 0 0 1 0 0 1 0 0 0 -1 0 0 -1 0 -1 0 0 -1 0 0 -1 0 0 0 -1 0 0 -1 0 -1 0 0 -1 0 0 -1 0 0 -1 0 0 0 1 0 0 1 0 0 1 0 1 0 0 1 0 0 1 0 0 1 0 0 0 -1 0 0 -1 0 0 0 1 0 0 1 0 0 1 0 0 1 0 0 1 0 0 1 0 0 1 0 0 1 0 0 1 0 0 1 0 0 1 0 0 1 0 0 1 0 0 1 0 0 1 0 0 1 0 0 1 0 0 1 0 0 1 0 0 1 0 0 1 0 0 1 0 0 1 0 0 1 0 0 1 0 0 1 0 0 1 0 0 1 0 0 1 0 0 1 0 0 1 0 0 1 0 0 1 0 0 1 0 0 1 0 0 1 0 0 1 0 0 1 0 0 1 0 0 1 0 0 1 0 0 1 0 1 0 0 1 0 0.866027 0.499998 0 0.866027 0.499998 0 0.866026 -0.499999 0 0.866026 -0.499999 0 0 -1 0 0 -1 0 -0.866026 -0.499999 0 -0.866026 -0.499999 0 -0.866027 0.499998 0 -0.866027 0.499998 0 0.996194 -0.0871639 0 0.996194 -0.0871639 0 0.965928 -0.258812 0 0.965928 -0.258812 0 0.906307 -0.42262 0 0.906307 -0.42262 0 0.819148 -0.573583 0 0.819148 -0.573583 0 0.707096 -0.707117 0 0.707096 -0.707117 0 0.573583 -0.819148 0 0.573583 -0.819148 0 0.422629 -0.906303 0 0.422629 -0.906303 0 0.258822 -0.965925 0 0.258822 -0.965925 0 0.0871207 -0.996198 0 0.0871207 -0.996198 0 -0.0871189 -0.996198 0 -0.0871189 -0.996198 0 -0.258833 -0.965922 0 -0.258833 -0.965922 0 -0.422621 -0.906307 0 -0.422621 -0.906307 0 -0.573583 -0.819148 0 -0.573583 -0.819148 0 -0.707107 -0.707107 0 -0.707107 -0.707107 0 -0.819148 -0.573583 0 -0.819148 -0.573583 0 -0.906299 -0.422637 0 -0.906299 -0.422637 0 -0.965928 -0.258812 0 -0.965928 -0.258812 0 -0.996194 -0.0871639 0 -0.996194 -0.0871639 0 -0.996194 0.087162 0 -0.996194 0.087162 0 -0.965926 0.258817 0 -0.965926 0.258817 0 -0.906295 0.422645 0 -0.906295 0.422645 0 -0.819155 0.573573 0 -0.819155 0.573573 0 -0.707117 0.707096 0 -0.707117 0.707096 0 -0.573569 0.819158 0 -0.573569 0.819158 0 -0.422621 0.906307 0 -0.422621 0.906307 0 -0.258833 0.965922 0 -0.258833 0.965922 0 -0.0871395 0.996196 0 -0.0871395 0.996196 0 0.0871413 0.996196 0 0.0871413 0.996196 0 0.258822 0.965925 0 0.258822 0.965925 0 0.422629 0.906303 0 0.422629 0.906303 0 0.573569 0.819158 0 0.573569 0.819158 0 0.707107 0.707107 0 0.707107 0.707107 0 0.819155 0.573573 0 0.819155 0.573573 0 0.906303 0.422628 0 0.906303 0.422628 0 0.965926 0.258817 0 0.965926 0.258817 0 0.996194 0.087162 0 0.996194 0.087162 0 0 0 1 0 0 1 0 0 1 0 0 1 0 0 1 0 0 1 0 0 1 0 0 1 0 0 1 0 0 1 0 0 1 0 0 1 0 0 1 0 0 1 0 0 1 0 0 1 0 0 1 0 0 1 0 0 1 0 0 1 0 0 1 0 0 1 0 0 1 0 0 1 0 0 1 0 0 1 0 0 1 0 0 1 0 0 1 0 0 1 0 0 1 0 0 1 0 0 1 0 0 1 0 0 1 0 0 1 0 0 1 0 0 1 0 0 1 0 0 1 0 0 1 0 0 1 -0.00236555 0.999997 0 -0.00236555 0.999997 0 0.864841 0.502045 0 0.864841 0.502045 0 0.867207 -0.497948 0 0.867207 -0.497948 0 0.00236548 -0.999997 0 0.00236548 -0.999997 0 -0.864841 -0.502045 0 -0.864841 -0.502045 0 -0.867206 0.49795 0 -0.867206 0.49795 0 0.996194 -0.0871623 0 0.996194 -0.0871623 0 0.965925 -0.258821 0 0.965925 -0.258821 0 0.906309 -0.422617 0 0.906309 -0.422617 0 0.819149 -0.57358 0 0.819149 -0.57358 0 0.707104 -0.707109 0 0.707104 -0.707109 0 0.573583 -0.819148 0 0.573583 -0.819148 0 0.42261 -0.906312 0 0.42261 -0.906312 0 0.258822 -0.965925 0 0.258822 -0.965925 0 0.0871543 -0.996195 0 0.0871543 -0.996195 0 -0.0871525 -0.996195 0 -0.0871525 -0.996195 0 -0.258833 -0.965922 0 -0.258833 -0.965922 0 -0.422602 -0.906316 0 -0.422602 -0.906316 0 -0.573583 -0.819148 0 -0.573583 -0.819148 0 -0.707115 -0.707099 0 -0.707115 -0.707099 0 -0.819149 -0.57358 0 -0.819149 -0.57358 0 -0.906301 -0.422634 0 -0.906301 -0.422634 0 -0.965925 -0.258821 0 -0.965925 -0.258821 0 -0.996194 -0.0871623 0 -0.996194 -0.0871623 0 -0.996194 0.0871623 0 -0.996194 0.0871623 0 -0.965926 0.258818 0 -0.965926 0.258818 0 -0.906301 0.422634 0 -0.906301 0.422634 0 -0.819149 0.57358 0 -0.819149 0.57358 0 -0.707115 0.707099 0 -0.707115 0.707099 0 -0.573576 0.819153 0 -0.573576 0.819153 0 -0.42261 0.906312 0 -0.42261 0.906312 0 -0.258831 0.965923 0 -0.258831 0.965923 0 -0.0871531 0.996195 0 -0.0871531 0.996195 0 0.0871549 0.996195 0 0.0871549 0.996195 0 0.258821 0.965925 0 0.258821 0.965925 0 0.422618 0.906308 0 0.422618 0.906308 0 0.573576 0.819153 0 0.573576 0.819153 0 0.707104 0.707109 0 0.707104 0.707109 0 0.819149 0.57358 0 0.819149 0.57358 0 0.906309 0.422617 0 0.906309 0.422617 0 0.965926 0.258818 0 0.965926 0.258818 0 0.996194 0.0871623 0 0.996194 0.0871623 0 0.996195 -0.0871567 0 0.996195 -0.0871567 0 0.965928 -0.258811 0 0.965928 -0.258811 0 0.906308 -0.422617 0 0.906308 -0.422617 0 0.819148 -0.573583 0 0.819148 -0.573583 0 0.707099 -0.707115 0 0.707099 -0.707115 0 0.57358 -0.819149 0 0.57358 -0.819149 0 0.422634 -0.906301 0 0.422634 -0.906301 0 0.258818 -0.965926 0 0.258818 -0.965926 0 0.0871209 -0.996198 0 0.0871209 -0.996198 0 -0.0871218 -0.996198 0 -0.0871218 -0.996198 0 -0.258818 -0.965926 0 -0.258818 -0.965926 0 -0.422634 -0.906301 0 -0.422634 -0.906301 0 -0.57358 -0.819149 0 -0.57358 -0.819149 0 -0.707099 -0.707115 0 -0.707099 -0.707115 0 -0.819148 -0.573583 0 -0.819148 -0.573583 0 -0.906308 -0.422617 0 -0.906308 -0.422617 0 -0.965928 -0.258812 0 -0.965928 -0.258812 0 -0.996195 -0.0871561 0 -0.996195 -0.0871561 0 -0.996195 0.0871543 0 -0.996195 0.0871543 0 -0.965926 0.258817 0 -0.965926 0.258817 0 -0.906304 0.422625 0 -0.906304 0.422625 0 -0.819155 0.573573 0 -0.819155 0.573573 0 -0.707109 0.707104 0 -0.707109 0.707104 0 -0.573566 0.819159 0 -0.573566 0.819159 0 -0.422634 0.906301 0 -0.422634 0.906301 0 -0.258818 0.965926 0 -0.258818 0.965926 0 -0.0871425 0.996196 0 -0.0871425 0.996196 0 0.0871416 0.996196 0 0.0871416 0.996196 0 0.258818 0.965926 0 0.258818 0.965926 0 0.422634 0.906301 0 0.422634 0.906301 0 0.573566 0.819159 0 0.573566 0.819159 0 0.707109 0.707104 0 0.707109 0.707104 0 0.819155 0.573573 0 0.819155 0.573573 0 0.906304 0.422625 0 0.906304 0.422625 0 0.965927 0.258816 0 0.965927 0.258816 0 0.996195 0.0871549 0 0.996195 0.0871549 0 -0.866026 0.499999 0 -0.866026 0.499999 0 -0.866025 -0.5 0 -0.866025 -0.5 0 0 -1 0 0 -1 0 0.866025 -0.5 0 0.866025 -0.5 0 0.866026 0.499999 0 0.866026 0.499999 0 0 1 0 0 1 0 0 0 1 0 0 1 0 0 1 0 0 1 0 0 1 0 0 1 0 0 1 0 0 1 0 0 1 0 0 1 0 0 1 0 0 1 0 0 1 0 0 1 0 0 1 0 0 1 0 0 1 0 0 1 0 0 1 0 0 1 0 0 1 0 0 1 0 0 1 0 0 1 0 0 1 0 0 1 0 0 1 0 0 1 0 0 1 0 0 1 0 0 1 0 0 1 0 0 1 0 0 1 0 0 1 0 0 1 0 0 1 0 0 1 0 0 1 0 0 1 0 0 1 0 0 1 0.996195 -0.0871552 0 0.996195 -0.0871552 0 0.965926 -0.25882 0 0.965926 -0.25882 0 0.90631 -0.422614 0 0.90631 -0.422614 0 0.819149 -0.57358 0 0.819149 -0.57358 0 0.707107 -0.707107 0 0.707107 -0.707107 0 0.57358 -0.819149 0 0.57358 -0.819149 0 0.422614 -0.90631 0 0.422614 -0.90631 0 0.258818 -0.965926 0 0.258818 -0.965926 0 0.0871545 -0.996195 0 0.0871545 -0.996195 0 -0.0871554 -0.996195 0 -0.0871554 -0.996195 0 -0.258818 -0.965926 0 -0.258818 -0.965926 0 -0.422614 -0.90631 0 -0.422614 -0.90631 0 -0.57358 -0.819149 0 -0.57358 -0.819149 0 -0.707107 -0.707107 0 -0.707107 -0.707107 0 -0.819149 -0.57358 0 -0.819149 -0.57358 0 -0.90631 -0.422614 0 -0.90631 -0.422614 0 -0.965925 -0.258821 0 -0.965925 -0.258821 0 -0.996195 -0.0871545 0 -0.996195 -0.0871545 0 -0.996195 0.0871545 0 -0.996195 0.0871545 0 -0.965926 0.258818 0 -0.965926 0.258818 0 -0.90631 0.422614 0 -0.90631 0.422614 0 -0.819149 0.57358 0 -0.819149 0.57358 0 -0.707107 0.707107 0 -0.707107 0.707107 0 -0.573573 0.819154 0 -0.573573 0.819154 0 -0.422623 0.906306 0 -0.422623 0.906306 0 -0.258817 0.965926 0 -0.258817 0.965926 0 -0.0871561 0.996195 0 -0.0871561 0.996195 0 0.0871552 0.996195 0 0.0871552 0.996195 0 0.258817 0.965926 0 0.258817 0.965926 0 0.422623 0.906306 0 0.422623 0.906306 0 0.573573 0.819154 0 0.573573 0.819154 0 0.707107 0.707107 0 0.707107 0.707107 0 0.819149 0.57358 0 0.819149 0.57358 0 0.90631 0.422614 0 0.90631 0.422614 0 0.965926 0.258817 0 0.965926 0.258817 0 0.996195 0.0871552 0 0.996195 0.0871552 0 -0.866886 0.498506 0 -0.866886 0.498506 0 -0.865162 -0.501492 0 -0.865162 -0.501492 0 0.00172448 -0.999999 0 0.00172448 -0.999999 0 0.866887 -0.498505 0 0.866887 -0.498505 0 0.865162 0.501493 0 0.865162 0.501493 0 -0.00172428 0.999999 0 -0.00172428 0.999999 0 0 0 1 0 0 1 0 0 1 0 0 1 0 0 1 0 0 1 0 0 1 0 0 1 0 0 1 0 0 1 0 0 1 0 0 1 0 0 1 0 0 1 0 0 1 0 0 1 0 0 1 0 0 1 0 0 1 0 0 1 0 0 1 0 0 1 0 0 1 0 0 1 0 0 1 0 0 1 0 0 1 0 0 1 0 0 1 0 0 1 0 0 1 0 0 1 0 0 1 0 0 1 0 0 1 0 0 1 0 0 1 0 0 1 0 0 1 0 0 1 0 0 1 0 0 1 0.996194 0.0871584 0 0.996194 0.0871584 0 0.965926 0.258818 0 0.965926 0.258818 0 0.906308 0.422618 0 0.906308 0.422618 0 0.819151 0.573578 0 0.819151 0.573578 0 0.707114 0.707099 0 0.707114 0.707099 0 0.573571 0.819156 0 0.573571 0.819156 0 0.422618 0.906308 0 0.422618 0.906308 0 0.258818 0.965926 0 0.258818 0.965926 0 0.0871584 0.996194 0 0.0871584 0.996194 0 1 0 0 1 0 0 0.0784585 -0.996917 0 0.0784585 -0.996917 0 0.233446 -0.97237 0 0.233446 -0.97237 0 0.382682 -0.92388 0 0.382682 -0.92388 0 0.522495 -0.852642 0 0.522495 -0.852642 0 0.649447 -0.760407 0 0.649447 -0.760407 0 0.760412 -0.649441 0 0.760412 -0.649441 0 0.852638 -0.522503 0 0.852638 -0.522503 0 0.923883 -0.382675 0 0.923883 -0.382675 0 0.972367 -0.233458 0 0.972367 -0.233458 0 0.996918 -0.0784566 0 0.996918 -0.0784566 0 0 -1 0 0 -1 0 -0.996195 -0.0871563 0 -0.996195 -0.0871563 0 -0.965926 -0.258819 0 -0.965926 -0.258819 0 -0.906309 -0.422616 0 -0.906309 -0.422616 0 -0.819151 -0.573578 0 -0.819151 -0.573578 0 -0.707107 -0.707107 0 -0.707107 -0.707107 0 -0.573578 -0.819151 0 -0.573578 -0.819151 0 -0.422616 -0.906309 0 -0.422616 -0.906309 0 -0.258819 -0.965926 0 -0.258819 -0.965926 0 -0.0871563 -0.996195 0 -0.0871563 -0.996195 0 -1 0 0 -1 0 0 -0.0871581 0.996194 0 -0.0871581 0.996194 0 -0.258819 0.965926 0 -0.258819 0.965926 0 -0.422616 0.906309 0 -0.422616 0.906309 0 -0.573576 0.819152 0 -0.573576 0.819152 0 -0.70711 0.707104 0 -0.70711 0.707104 0 -0.81915 0.57358 0 -0.81915 0.57358 0 -0.906308 0.422618 0 -0.906308 0.422618 0 -0.965926 0.258817 0 -0.965926 0.258817 0 -0.996195 0.0871567 0 -0.996195 0.0871567 0 0 1 0 0 1 0 0 0 1 0 0 1 0 0 1 0 0 1 0 0 1 0 0 1 0 0 1 0 0 1 0 0 1 0 0 1 0 0 1 0 0 1 0 0 1 0 0 1 0 0 1 0 0 1 0 0 1 0 0 1 0 0 1 0 0 1 0 0 1 0 0 1 0 0 1 0 0 1 0 0 1 0 0 1 0 0 1 0 0 1 0 0 1 0 0 1 0 0 1 0 0 1 0 0 1 0 0 1 0 0 1 0 0 1 0 0 1 0 0 1 0 0 1 0 0 1 0 0 1 0 0 1 0 0 1 0 0 1 0 0 1 0 0 1 0 0 1 0 0 1 0 0 1 0 0 1 0 0 1 0 0 1 0 0 1 0 0 1 0 0 1 0 0 1 0 0 1 0 0 1 0 0 1 0 0 1 0 0 1 0 0 1 0 0 1 0 0 1 0 0 1 0 0 1 0 0 1 0 0 1 0 0 1 0 0 1 0 0 1 0 0 1 0 0 1 0 0 1 0 0 1 0 0 1 0 0 1 0 0 1 0 0 1 0 0 1 0 0 1 0 0 1 0 0 1 0 0 1 0 0 1 0 0 1 0 0 1 0 0 1 0 0 1 0 0 1 0 0 1 0 0 1 0 0 1 0 0 1 0 0 1 0 0 1 0 0 1 0 0 1 0 0 1 0 0 1 0 0 1 0 0 1 0 0 1 0 0 1 0 0 1 0 0 1 0 0 1 0 0 1 0 0 1 0 0 1 0 0 1 0 0 1 0 0 1 0 0 1 0 0 1 0 0 1 0 0 1 0 0 1 0 0 1 0 0 1 0 0 1 0 0 1 0 0 1 0 0 1 0 0 1 0 0 1 0 0 1 0 0 1 0 0 1 0 0 1 0 0 1 0 0 1 0 0 1 0 0 1 0 0 1 0 0 1 0 0 1 0 0 1 0 0 1 0 0 1 0 0 1 0 0 1 0 0 1 0 0 1 0 0 1 0 0 1 0 0 1 0 0 1 0 0 1 0 0 1 0 0 1 0 0 1 0 0 1 0 0 1 0 0 1 0 0 1 0 0 1 0 0 1 0 0 1 0 0 1 0 0 1 0 0 1 0 0 1 0 0 1 0 0 1 0 0 1 0 0 1 0 0 1 0 0 1 0 0 1 0 0 1 0 0 1 0 0 1 0 0 1 0 0 1 0 0 1 0 0 1 0 0 1 0 0 1 0 0 1 0 0 1 0 0 1 0 0 1 0 0 1 0 0 1 0 0 1 0 0 1 0 0 1 0 0 1 0 0 1 0 0 1 0 0 1 0 0 1 0 0 1 0 0 1 0 0 1 0 0 1 0 0 1 0 0 1 0 0 1 0 0 1 0 0 1 0 0 1 0 0 1 0 0 1 0 0 1 0 0 1 0 0 1 0 0 1 0 0 1 0 0 1 0 0 1 0 0 1 0 0 1 0 0 1 0.864841 0.502045 0 0.864841 0.502045 0 0.867207 -0.497948 0 0.867207 -0.497948 0 0.00236548 -0.999997 0 0.00236548 -0.999997 0 -0.864841 -0.502045 0 -0.864841 -0.502045 0 -0.867206 0.49795 0 -0.867206 0.49795 0 -0.00236555 0.999997 0 -0.00236555 0.999997 0 0.866027 0.499998 0 0.866027 0.499998 0 0.866026 -0.499999 0 0.866026 -0.499999 0 0 -1 0 0 -1 0 -0.866026 -0.499999 0 -0.866026 -0.499999 0 -0.866027 0.499998 0 -0.866027 0.499998 0 0 1 0 0 1 0 0.865162 0.501493 0 0.865162 0.501493 0 0.866887 -0.498505 0 0.866887 -0.498505 0 0.00172448 -0.999999 0 0.00172448 -0.999999 0 -0.865162 -0.501492 0 -0.865162 -0.501492 0 -0.866886 0.498506 0 -0.866886 0.498506 0 -0.00172428 0.999999 0 -0.00172428 0.999999 0 0 0 -1 0 0 -1 0 0 -1 0 0 -1 0 0 -1 0 0 -1 0 0 -1 0 0 -1 0 0 -1 0 0 -1 0 0 -1 0 0 -1 0 0 -1 0 0 -1 0 0 -1 0 0 -1 0 0 -1 0 0 -1 0 0 -1 0 0 -1 0 0 -1 0 0 -1 0 0 -1 0 0 -1 0 0 -1 0 0 -1 0 0 -1 0 0 -1 0 0 -1 0 0 -1 0 0 -1 0 0 -1 0 0 -1 0 0 -1 0 0 -1 0 0 -1 0 0 -1 0 0 -1 0 0 -1 0 0 -1 0 0 -1 0 0 -1 0 0 -1 0 0 -1 0 0 -1 0 0 -1 0 0 -1 0 0 -1 0 0 -1 0 0 -1 0 0 -1 0 0 -1 0 0 -1 0 0 -1 0 0 -1 0 0 -1 0 0 -1 0 0 -1 0 0 -1 0 0 -1 0 0 -1 0 0 -1 0 0 -1 0 0 -1 0 0 -1 0 0 -1 0 0 -1 0 0 -1 0 0 -1 0 0 -1 0 0 -1 0.866026 0.499999 0 0.866026 0.499999 0 0.866025 -0.5 0 0.866025 -0.5 0 0 -1 0 0 -1 0 -0.866025 -0.5 0 -0.866025 -0.5 0 -0.866026 0.499999 0 -0.866026 0.499999 0 0 1 0 0 1 0 0 1 0 0 1 0 0.996194 0.0871584 0 0.996194 0.0871584 0 0.965926 0.258818 0 0.965926 0.258818 0 0.906308 0.422618 0 0.906308 0.422618 0 0.819151 0.573578 0 0.819151 0.573578 0 0.707114 0.707099 0 0.707114 0.707099 0 0.573571 0.819156 0 0.573571 0.819156 0 0.422618 0.906308 0 0.422618 0.906308 0 0.258818 0.965926 0 0.258818 0.965926 0 0.0871584 0.996194 0 0.0871584 0.996194 0 1 0 0 1 0 0 0.0784585 -0.996917 0 0.0784585 -0.996917 0 0.233446 -0.97237 0 0.233446 -0.97237 0 0.382682 -0.92388 0 0.382682 -0.92388 0 0.522495 -0.852642 0 0.522495 -0.852642 0 0.649447 -0.760407 0 0.649447 -0.760407 0 0.760412 -0.649441 0 0.760412 -0.649441 0 0.852638 -0.522503 0 0.852638 -0.522503 0 0.923883 -0.382675 0 0.923883 -0.382675 0 0.972367 -0.233458 0 0.972367 -0.233458 0 0.996918 -0.0784566 0 0.996918 -0.0784566 0 0 -1 0 0 -1 0 -0.996195 -0.0871563 0 -0.996195 -0.0871563 0 -0.965926 -0.258819 0 -0.965926 -0.258819 0 -0.906309 -0.422616 0 -0.906309 -0.422616 0 -0.819151 -0.573578 0 -0.819151 -0.573578 0 -0.707107 -0.707107 0 -0.707107 -0.707107 0 -0.573578 -0.819151 0 -0.573578 -0.819151 0 -0.422616 -0.906309 0 -0.422616 -0.906309 0 -0.258819 -0.965926 0 -0.258819 -0.965926 0 -0.0871563 -0.996195 0 -0.0871563 -0.996195 0 -1 0 0 -1 0 0 -0.0871581 0.996195 0 -0.0871581 0.996195 0 -0.258819 0.965926 0 -0.258819 0.965926 0 -0.422616 0.906309 0 -0.422616 0.906309 0 -0.573576 0.819152 0 -0.573576 0.819152 0 -0.70711 0.707104 0 -0.70711 0.707104 0 -0.81915 0.57358 0 -0.81915 0.57358 0 -0.906308 0.422618 0 -0.906308 0.422618 0 -0.965926 0.258817 0 -0.965926 0.258817 0 -0.996195 0.0871567 0 -0.996195 0.0871567 0 0 0 1 0 0 1 0 0 1 0 0 1 0 0 1 0 0 1 0 0 1 0 0 1 0 0 1 0 0 1 0 0 1 0 0 1 0 0 1 0 0 1 0 0 1 0 0 1 0 0 1 0 0 1 0 0 1 0 0 1 0 0 1 0 0 1 0 0 1 0 0 1 0 0 1 0 0 1 0 0 1 0 0 1 0 0 1 0 0 1 0 0 1 0 0 1 0 0 1 0 0 1 0 0 1 0 0 1 0 0 1 0 0 1 0 0 1 0 0 1 0 0 1 0 0 1 0 0 1 0 0 1 0 0 1 0 0 1 0 0 1 0 0 1 0 0 1 0 0 1 0 0 1 0 0 1 0 0 1 0 0 1 0 0 1 0 0 1 0 0 1 0 0 1 0 0 1 0 0 1 0 0 1 0 0 1 0 0 1 0 0 1 0 0 1 0 0 1 0 0 1 0 0 1 0 0 1 0 0 1 0 0 1 0.996194 -0.0871651 0 0.96593 -0.258804 0 0.96593 -0.258804 0 0.906301 -0.422633 0 0.906301 -0.422633 0 0.819157 -0.57357 0 0.819157 -0.57357 0 0.707107 -0.707107 0 0.707107 -0.707107 0 0.573577 -0.819152 0 0.573577 -0.819152 0 0.422615 -0.906309 0 0.422615 -0.906309 0 0.25882 -0.965926 0 0.25882 -0.965926 0 0.0871542 -0.996195 0 0.0871542 -0.996195 0 -0.0871542 -0.996195 0 -0.0871542 -0.996195 0 -0.258817 -0.965926 0 -0.258817 -0.965926 0 -0.422619 -0.906307 0 -0.422619 -0.906307 0 -0.573577 -0.819152 0 -0.573577 -0.819152 0 -0.707107 -0.707107 0 -0.707107 -0.707107 0 -0.819152 -0.573577 0 -0.819152 -0.573577 0 -0.906305 -0.422624 0 -0.906305 -0.422624 0 -0.965927 -0.258814 0 -0.965927 -0.258814 0 -0.996195 -0.0871542 0 -0.996195 -0.0871542 0 -0.996195 0.0871542 0 -0.996195 0.0871542 0 -0.965927 0.258814 0 -0.965927 0.258814 0 -0.906305 0.422624 0 -0.906305 0.422624 0 -0.819152 0.573577 0 -0.819152 0.573577 0 -0.707107 0.707107 0 -0.707107 0.707107 0 -0.57357 0.819157 0 -0.57357 0.819157 0 -0.422628 0.906303 0 -0.422628 0.906303 0 -0.258827 0.965924 0 -0.258827 0.965924 0 -0.0871433 0.996196 0 -0.0871433 0.996196 0 0.0871433 0.996196 0 0.0871433 0.996196 0 0.25883 0.965923 0 0.25883 0.965923 0 0.422624 0.906305 0 0.422624 0.906305 0 0.57357 0.819157 0 0.57357 0.819157 0 0.707107 0.707107 0 0.707107 0.707107 0 0.819157 0.57357 0 0.819157 0.57357 0 0.906301 0.422633 0 0.906301 0.422633 0 0.96593 0.258804 0 0.96593 0.258804 0 0.996194 0.0871651 0 0.996194 0.0871651 0 0.996194 -0.0871651 0 0.996195 -0.0871528 0 0.965926 -0.25882 0 0.965926 -0.25882 0 0.906307 -0.422621 0 0.906307 -0.422621 0 0.819152 -0.573577 0 0.819152 -0.573577 0 0.707107 -0.707107 0 0.707107 -0.707107 0 0.573577 -0.819151 0 0.573577 -0.819151 0 0.422621 -0.906307 0 0.422621 -0.906307 0 0.258819 -0.965926 0 0.258819 -0.965926 0 0.087153 -0.996195 0 0.087153 -0.996195 0 -0.0871525 -0.996195 0 -0.0871525 -0.996195 0 -0.258819 -0.965926 0 -0.258819 -0.965926 0 -0.422621 -0.906307 0 -0.422621 -0.906307 0 -0.573578 -0.819151 0 -0.573578 -0.819151 0 -0.707107 -0.707107 0 -0.707107 -0.707107 0 -0.819151 -0.573578 0 -0.819151 -0.573578 0 -0.906307 -0.422621 0 -0.906307 -0.422621 0 -0.965926 -0.258819 0 -0.965926 -0.258819 0 -0.996195 -0.0871525 0 -0.996195 -0.0871525 0 -0.996195 0.087153 0 -0.996195 0.087153 0 -0.965926 0.258819 0 -0.965926 0.258819 0 -0.906307 0.422619 0 -0.906307 0.422619 0 -0.819152 0.573577 0 -0.819152 0.573577 0 -0.707106 0.707107 0 -0.707106 0.707107 0 -0.573574 0.819154 0 -0.573574 0.819154 0 -0.422621 0.906307 0 -0.422621 0.906307 0 -0.25882 0.965926 0 -0.25882 0.965926 0 -0.0871528 0.996195 0 -0.0871528 0.996195 0 0.0871533 0.996195 0 0.0871533 0.996195 0 0.25882 0.965926 0 0.25882 0.965926 0 0.422621 0.906307 0 0.422621 0.906307 0 0.573574 0.819154 0 0.573574 0.819154 0 0.707106 0.707107 0 0.707106 0.707107 0 0.819152 0.573577 0 0.819152 0.573577 0 0.906308 0.422619 0 0.906308 0.422619 0 0.965926 0.25882 0 0.965926 0.25882 0 0.996195 0.0871533 0 0.996195 0.0871533 0 0.996195 -0.0871528 0 0.996194 -0.0871651 0 0.965929 -0.258806 0 0.965929 -0.258806 0 0.906302 -0.42263 0 0.906302 -0.42263 0 0.819156 -0.573571 0 0.819156 -0.573571 0 0.707107 -0.707106 0 0.707107 -0.707106 0 0.573576 -0.819152 0 0.573576 -0.819152 0 0.422616 -0.906309 0 0.422616 -0.906309 0 0.258823 -0.965925 0 0.258823 -0.965925 0 0.0871525 -0.996195 0 0.0871525 -0.996195 0 -0.0871525 -0.996195 0 -0.0871525 -0.996195 0 -0.25882 -0.965925 0 -0.25882 -0.965925 0 -0.42262 -0.906307 0 -0.42262 -0.906307 0 -0.573576 -0.819152 0 -0.573576 -0.819152 0 -0.707107 -0.707106 0 -0.707107 -0.707106 0 -0.819151 -0.573578 0 -0.819151 -0.573578 0 -0.906307 -0.422621 0 -0.906307 -0.422621 0 -0.965927 -0.258816 0 -0.965927 -0.258816 0 -0.996195 -0.0871542 0 -0.996195 -0.0871542 0 -0.996195 0.0871547 0 -0.996195 0.0871547 0 -0.965927 0.258816 0 -0.965927 0.258816 0 -0.906308 0.422619 0 -0.906308 0.422619 0 -0.819151 0.573578 0 -0.819151 0.573578 0 -0.707107 0.707107 0 -0.707107 0.707107 0 -0.573573 0.819154 0 -0.573573 0.819154 0 -0.422619 0.906307 0 -0.422619 0.906307 0 -0.258821 0.965925 0 -0.258821 0.965925 0 -0.0871528 0.996195 0 -0.0871528 0.996195 0 0.0871528 0.996195 0 0.0871528 0.996195 0 0.258823 0.965925 0 0.258823 0.965925 0 0.422615 0.906309 0 0.422615 0.906309 0 0.573573 0.819154 0 0.573573 0.819154 0 0.707107 0.707107 0 0.707107 0.707107 0 0.819156 0.57357 0 0.819156 0.57357 0 0.906303 0.422628 0 0.906303 0.422628 0 0.965929 0.258806 0 0.965929 0.258806 0 0.996194 0.0871655 0 0.996194 0.0871655 0 0.996194 -0.0871651 0 0 0 -1 0 0 -1 0 0 -1 0 0 -1 0 0 -1 0 0 -1 0 0 -1 0 0 -1 0 0 -1 0 0 -1 0 0 -1 0 0 -1 0 0 -1 0 0 -1 0 0 -1 0 0 -1 0 0 -1 0 0 -1 0 0 -1 0 0 -1 0 0 -1 0 0 -1 0 0 -1 0 0 -1 0 0 -1 0 0 -1 0 0 -1 0 0 -1 0 0 -1 0 0 -1 0 0 -1 0 0 -1 0 0 -1 0 0 -1 0 0 -1 0 0 -1 0 0 -1 0 0 -1 0 0 -1 0 0 -1 0 0 -1 0 0 -1 0 0 -1 0 0 -1 0 0 -1 0 0 -1 0 0 -1 0 0 -1 0 0 -1 0 0 -1 0 0 -1 0 0 -1 0 0 -1 0 0 -1 0 0 -1 0 0 -1 0 0 -1 0 0 -1 0 0 -1 0 0 -1 0 0 -1 0 0 -1 0 0 -1 0 0 -1 0 0 -1 0 0 -1 0 0 -1 0 0 -1 0 0 -1 0 0 -1 0 0 -1 0 0 -1 0 0 -1 0 0 -1 0 0 -1 0 0 -1 0 0 -1 0 0 -1 0 0 -1 0 0 -1 0 0 -1 0 0 -1 0 0 -1 0 0 -1 0 0 -1 0 0 -1 0 0 -1 0 0 -1 0 0 -1 0 0 -1 0 0 -1 0 0 -1 0 0 -1 0 0 -1 0 0 -1 0 0 -1 0 0 -1 0 0 -1 0 0 -1 0 0 -1 0 0 -1 0 0 -1 0 0 -1 0 0 -1 0 0 -1 0 0 -1 0 0 -1 0 0 -1 0 0 -1 0 0 -1 0 0 -1 0 0 -1 0 0 -1 0 0 -1 0 0 -1 0 0 -1 0 0 -1 0 0 -1 0 0 -1 0 0 -1 0 0 -1 0 0 -1 0 0 -1 0 0 -1 0 0 -1 0 0 -1 0 0 -1 0 0 -1 0 0 -1 0 0 -1 0 0 -1 0 0 -1 0 0 -1 0 0 -1 0 0 -1 0 0 -1 0 0 -1 0 0 -1 0 0 -1 0 0 -1 0 0 -1 0 0 -1 0 0 -1 0 0 -1 0 0 -1 0 0 -1 0 0 -1 0 0 -1 0 0 -1 0 0 -1 0 0 -1 0 0 -1 0 0 -1 0 0 -1 0 0 -1 0 0 -1 0 0 -1 0 0 -1 0 0 -1 0 0 -1 0 0 -1 0 0 -1 0 0 -1 0 0 -1 0 0 -1 0 0 -1 0 0 -1 0 0 -1 0 0 -1 0 0 -1 0 0 -1 0 0 -1 0 0 -1 0 0 -1 0 0 -1 0 0 -1 0 0 -1 0 0 -1 0 0 -1 0 0 -1 0 0 -1 0 0 -1 0 0 -1 0 0 -1 0 0 -1 0 0 -1 0 0 -1 0 0 -1 0 0 -1 0 0 -1 0 0 -1 0.996195 -0.0871528 0 0.965926 -0.258818 0 0.965926 -0.258818 0 0.906305 -0.422624 0 0.906305 -0.422624 0 0.819152 -0.573576 0 0.819152 -0.573576 0 0.707106 -0.707107 0 0.707106 -0.707107 0 0.573578 -0.819151 0 0.573578 -0.819151 0 0.422621 -0.906307 0 0.422621 -0.906307 0 0.258816 -0.965927 0 0.258816 -0.965927 0 0.0871547 -0.996195 0 0.0871547 -0.996195 0 -0.0871542 -0.996195 0 -0.0871542 -0.996195 0 -0.258816 -0.965927 0 -0.258816 -0.965927 0 -0.422621 -0.906307 0 -0.422621 -0.906307 0 -0.573578 -0.819151 0 -0.573578 -0.819151 0 -0.707106 -0.707107 0 -0.707106 -0.707107 0 -0.819152 -0.573576 0 -0.819152 -0.573576 0 -0.906305 -0.422624 0 -0.906305 -0.422624 0 -0.965926 -0.258818 0 -0.965926 -0.258818 0 -0.996195 -0.0871525 0 -0.996195 -0.0871525 0 -0.996195 0.0871525 0 -0.996195 0.0871525 0 -0.965926 0.258818 0 -0.965926 0.258818 0 -0.906305 0.422624 0 -0.906305 0.422624 0 -0.819152 0.573576 0 -0.819152 0.573576 0 -0.707106 0.707107 0 -0.707106 0.707107 0 -0.573571 0.819156 0 -0.573571 0.819156 0 -0.42263 0.906302 0 -0.42263 0.906302 0 -0.258826 0.965924 0 -0.258826 0.965924 0 -0.0871433 0.996196 0 -0.0871433 0.996196 0 0.0871438 0.996196 0 0.0871438 0.996196 0 0.258826 0.965924 0 0.258826 0.965924 0 0.42263 0.906302 0 0.42263 0.906302 0 0.573571 0.819156 0 0.573571 0.819156 0 0.707106 0.707107 0 0.707106 0.707107 0 0.819152 0.573576 0 0.819152 0.573576 0 0.906305 0.422624 0 0.906305 0.422624 0 0.965926 0.258818 0 0.965926 0.258818 0 0.996195 0.0871528 0 0.996195 0.0871528 0 0.996195 -0.0871528 0 -0.850086 0.526643 0 -0.800944 0.598722 0.00463727 -0.81915 0.57358 0 -0.70711 0.707104 0 -0.70711 0.707104 0 -0.573576 0.819152 0 -0.573576 0.819152 0 -0.422616 0.906309 0 -0.422616 0.906309 0 -0.258819 0.965926 0 -0.258819 0.965926 0 -0.0836292 0.996497 0 -0.170152 0.985418 0 -0.0871581 0.996194 0.000507761 -0.0836292 0.996497 0 -0.850086 0.526643 0 -0.906308 0.422618 0 -0.906308 0.422618 0 -0.965926 0.258817 0 -0.965926 0.258817 0 -0.996195 0.0871567 0 -0.996195 0.0871567 0 0 1 0 0 1 0 0 1 0 0 1 0 0 1 0 0 1 0 0 1 0 0 1 0 0 1 0 0 1 0 0 1 0 0 1 0 0 1 0 0 1 0 0 1 0 0 1 0 0 1 0 0 1 0 0 1 0 0 1 0 0 1 0 0 1 0 0 1 0 0 1 0 0 1 0 0 1 0 0 1 0 0 1 0 0 1 0 0 1 0 0 1 0 0 1 0 0 1 0 0 1 0 0 1 0 0 1 0 0 1 0 0 1 0 0 1 0 0 1 0 0 1 0 0 1 0 0 1 0 0 1 0 0 1 0 0 1 0 0 1 0 0 1 0 0 1 0 0 1 0 0 1 0 0 1 0 0 1 0 0 1 0 0 1 0 0 1 0 0 1 0 0 1 0 0 1 0 0 1 0 0 1 0 0 1 0 0 1 0 0 1 0 0 1 0 0 1 0 0 1 0 0 1 0 0 1 0 0 1 0 0 1 0 0 1 0 0 1 0 0 1 0 0 1 0 0 1 0 0 1 0 0 1 0 0 1 0 0 1 0 0 1 0 0 1 0 0 1 0 0 1 0 0 1 0 0 1 0 0 1 0 0 1 0 0 1 0 0 1 0 0 1 0 0 1 0 0 1 0 0 1 0 0.0836294 0.996497 0 0.0836294 0.996497 0 0.170146 0.98534 0.0124933 0.0871584 0.996194 0 0.258818 0.965926 0 0.258818 0.965926 0 0.422618 0.906308 0 0.422618 0.906308 0 0.573571 0.819156 0 0.573571 0.819156 0 0.707114 0.707099 0 0.707114 0.707099 0 0.850086 0.526644 0 0.800955 0.598725 0 0.819147 0.573575 0.00298974 0.850086 0.526644 0 0.906308 0.422618 0 0.906308 0.422618 0 0.965926 0.258818 0 0.965926 0.258818 0 0.996195 0.0871584 0 0.996195 0.0871584 0 1 0 0 1 0 0 -1 0 0 -1 0 0 0 0 1 0 0 1 0 0 1 0 0 1 0 0 1 0 0 1 0 0 1 0 0 1 0 0 1 0 0 1 0 0 1 0 0 1 0 0 1 0 0 1 0 0 1 0 0 1 0 0 1 0 0 1 0 0 1 0 0 1 0 0 1 0 0 1 0 0 1 0 0 1 0 0 1 0 0 1 0 0 1 0 0 1 0 0 1 0 0 1 0 0 1 0 0 1 0 0 1 0 0 1 0 0 1 0 0 1 0 0 1 0 0 1 0 0 1 0 0 1 0 0 1 0 0 1 0 0 1 0 0 1 0 0 1 0 0 1 0 0 1 0 0 1 0 0 1 0 0 1 0 0 1 0 0 1 0 0 1 0 0 1 0 0 1 0 0 1 0 0 1 0 0 1 0 0 1 0 0 1 0 0 1 0 0 1 0 0 1 0 0 1 0 0 1 0 0 1 0 0 1 0 0 1 0 0 1 0 0 1 0 0 1 0 0 1 0 0 1 0 0 1 0 0 1 0 0 1 0 0 1 0 0 1 0 0 1 0 0 1 0 0 1 0 0 1 0 0 1 0 0 1 0 0 1 0 0 1 0 0 1 0 0 1 0 0 1 0 0 1 0 0 1 0 0 1 0 0 1 0 0 1 0 0 1 0 0 1 0 0 1 0 0 1 0 0 1 0 0 1 0 0 1 0 0 1 0 0 1 0 0 1 0 0 1 0 0 1 0 0 1 0 0 1 0 0 1 0 0 1 0 0 1 0 0 1 0 0 1 0 0 1 0 0 1 0 0 1 0 0 1 0 0 1 0 0 1 0 0 1 0 0 1 0 0 1 0 0 1 0 0 1 0 0 1 0 0 1 0 0 1 0 0 1 0 0 1 0 0 1 0 0 1 0 0 1 0 0 1 0 0 1 0 0 1 0 0 1 0 0 1 0 0 1 0 0 1 0 0 1 0 0 1 0 0 1 0 0 1 0 0 1 0 0 1 0 0 1 0 0 1 0 0 1 0 0 1 0 0 1 0 0 1 0 0 1 0 0 1 0 0 1 0 0 1 0 0 1 0 0 1 0 0 1 0 0 1 0 0 1 0 0 1 0 0 1 0 0 1 0 0 1 0 0 1 0 0 1 0 0 1 0 0 1 0 0 1 0 0 1 0 0 1 0 0 1 0 0 1 0 0 1 0 0 1 0 0 1 0 0 1 0 0 1 0 0 1 0 0 1 0 0 1 0 0 1 0 0 1 0 0 1 0 0 1 0 0 1 0 0 1 0 0 1 0 0 1 0 0 1 0 0 1 0 0 -1 0 0 -1 0 0 -1 0 0 -1 0 0 -1 0 0 -1 0 0 -1 0 0 -1 0 0 -1 0 0 -1 0 0 -1 0 0 -1 0 0 -1 0 0 -1 0 0 -1 0 0 -1 0 0 -1 0 0 -1 0 0 -1 0 0 -1 0 0 -1 0 0 -1 0 0 -1 0 0 -1 0 0 -1 0 0 -1 0 0 -1 0 0 -1 0 0 -1 0 0 -1 0 0 -1 0 0 -1 0 0 -1 0 0 -1 0 0 -1 0 0 -1 0 0 -1 0 0 -1 0 0 -1 0 0 -1 0 0 -1 0 0 -1 0 0 -1 0 0 -1 0 0 -1 0 0 -1 0 0 -1 0 0 -1 0 0 -1 0 0 -1 0 0 -1 0 0 -1 0 0 -1 0 0 -1 0 0 -1 0 0 -1 0 0 -1 0 0 -1 0 0 -1 0 0 -1 0 0 -1 0 0 -1 0 0 -1 0 0 -1 0 0 -1 0 0 -1 0 0 -1 0 0 -1 0 0 -1 0 0 -1 0 0 -1 0 0 -1 0 0 -1 0 0 -1 0 0 -1 0 0 -1 0 0 -1 0 0 -1 0 0 -1 0 0 -1 0 0 -1 0 0 -1 0 0 -1 -0.161563 -0.986862 0 -0.238484 -0.971146 0.000697196 -0.233447 -0.97237 0 -0.382683 -0.92388 0 -0.382683 -0.92388 0 -0.5225 -0.85264 0 -0.5225 -0.85264 0 -0.649446 -0.760408 0 -0.649446 -0.760408 0 -0.760406 -0.649448 0 -0.760406 -0.649448 0 -0.863584 -0.504205 0 -0.821365 -0.570404 0 -0.852639 -0.522496 0.00208969 -0.863584 -0.504205 0 -0.92388 -0.382683 0 -0.92388 -0.382683 0 -0.97237 -0.233447 0 -0.97237 -0.233447 0 -0.996917 -0.0784577 0 -0.996917 -0.0784577 0 -0.161563 -0.986862 0 -0.0784577 -0.996917 0 -0.0784577 -0.996917 0 0 -1 0 0 -1 0 0 -1 0 0 -1 0 0 -1 0 0 -1 0 0 -1 0 0 -1 0 0 -1 0 0 -1 0 0 -1 0 0 -1 0 0 -1 0 0 -1 0 0 -1 0 0 -1 0 0 -1 0 0 -1 0 0 -1 0 0 -1 0 0 -1 0 0 -1 0 0 -1 0 0 -1 0 0 -1 0 0 -1 0 0 -1 0 0 -1 0 0 -1 0 0 -1 0 0 -1 0 0 -1 0 0 -1 0 0 -1 0 0 -1 0 0 -1 0 0 -1 0 0 -1 0 0 -1 0 0 -1 0 0 -1 0 0 -1 0 0 -1 0 0 -1 0 0 -1 0 0 -1 0 0 -1 0 0 -1 0 0 -1 0 0 -1 0 0 -1 0 0 -1 0 0 -1 0 0 -1 0 0 -1 0 0 -1 0 0 -1 0 0 -1 0 0 -1 0 0 -1 0 0 -1 0 0 -1 0 0 -1 0 0 -1 0 0 -1 0 0 -1 0 0 -1 0 0 -1 0 0 -1 0 0 -1 0 0 -1 0 0 -1 0 0 -1 0 0 -1 0 0 -1 0 0 -1 0 0 -1 0 0 -1 0 0 -1 0 0 -1 0 0 -1 0 0 -1 0 0 -1 0 0 -1 0 0 -1 0 0 -1 0 0 -1 0 0 -1 0 0 -1 0 0 -1 0 0 -1 0 0 -1 0 0 -1 0 0 -1 0 0.850089 -0.526639 0 0.800946 -0.598718 0.00463733 0.819152 -0.573576 0 0.707111 -0.707103 0 0.707111 -0.707103 0 0.573573 -0.819154 0 0.573573 -0.819154 0 0.422618 -0.906308 0 0.422618 -0.906308 0 0.258817 -0.965926 0 0.258817 -0.965926 0 0.0836257 -0.996497 0 0.170202 -0.985409 0 0.0871567 -0.996195 0.000508057 0.0836257 -0.996497 0 0.850089 -0.526639 0 0.906309 -0.422616 0 0.906309 -0.422616 0 0.965926 -0.258819 0 0.965926 -0.258819 0 0.996194 -0.0871581 0 0.996194 -0.0871581 0 1 0 0 1 0 0 0 0 -1 0 0 -1 0 0 -1 0 0 -1 0 0 -1 0 0 -1 0 0 -1 0 0 -1 0 0 -1 0 0 -1 0 0 -1 0 0 -1 -1 0 0 -1 0 0 -1 0 0 -1 0 0 -1 0 0 -1 0 0 1 0 0 1 0 0 1 0 0 1 0 0 -1 0 0 -1 0 0 0 0 -1 0 0 -1 0 0 -1 1 0 0 1 0 0 -1 0 0 -1 0 0 0 0 -1 0 0 -1 0 0 -1 1 0 0 1 0 0 -1 0 0 -1 0 0 0 0 -1 0 0 -1 1 0 0 1 0 0 -1 0 0 -1 0 0 0 0 -1 0 0 -1 0 0 -1 1 0 0 1 0 0 1 0 0 1 0 0 1 0 0 1 0 0 0 0 -1 0 0 -1 0 0 -1 0 0 -1 0 0 -1 0 0 -1 0 0 -1 0 0 -1 0 0 -1 0 0 -1 0 0 -1 0 0 -1 -1 0 0 -1 0 0 1 0 0 1 0 0 -1 0 0 -1 0 0 0 0 -1 0 0 -1 0 0 -1 1 0 0 1 0 0 -1 0 0 -1 0 0 0 0 -1 0 0 -1 0 0 -1 1 0 0 1 0 0 -1 0 0 -1 0 0 0 0 -1 0 0 -1 0 0 -1 1 0 0 1 0 0 -1 0 0 -1 0 0 0 0 -1 0 0 -1 0 0 -1 1 0 0 1 0 0 -1 0 0 -1 0 0 0 0 -1 0 0 -1 0 0 -1 1 0 0 1 0 0 1 0 0 1 0 0 1 0 0 1 0 0 0 0 -1 0 0 -1 0 0 -1 0 0 -1 0 0 -1 0 0 -1 0 0 -1 0 0 -1 0 0 -1 0 0 -1 0 0 -1 1 0 0 1 0 0 -1 0 0 -1 0 0 0 0 -1 0 0 -1 0 0 -1 1 0 0 1 0 0 -1 0 0 -1 0 0 0 0 -1 0 0 -1 1 0 0 1 0 0 -1 0 0 -1 0 0 0 0 -1 0 0 -1 1 0 0 1 0 0 -1 0 0 -1 0 0 0 0 -1 0 0 -1 0 0 -1 1 0 0 1 0 0 -1 0 0 -1 0 0 -1 0 0 -1 0 0 -1 0 0 -1 0 0 1 0 0 1 0 0 -1 0 0 -1 0 0 0 0 -1 0 0 -1 0 0 -1 1 0 0 1 0 0 -1 0 0 -1 0 0 0 0 -1 0 0 -1 0 0 -1 1 0 0 1 0 0 -1 0 0 -1 0 0 0 0 -1 0 0 -1 0 0 -1 1 0 0 1 0 0 -1 0 0 -1 0 0 0 0 -1 0 0 -1 1 0 0 1 0 0 -1 0 0 -1 0 0 0 0 -1 0 0 -1 0 0 -1 0 0 -1 0 0 -1 0 0 -1 0 0 -1 0 0 -1 0 0 -1 -1 0 0 -1 0 0 -1 0 0 -1 0 0 1 0 0 1 0 0 0 0 -1 0 0 -1 0 0 -1 0 0 -1 0 0 -1 0 0 -1 1 0 0 1 0 0 -1 0 0 -1 0 0 -1 0 0 -1 0 0 0 0 -1 0 0 -1 0 0 -1 0 0 -1 0 0 -1 0 0 -1 0 0 -1 0 0 -1 0 0 -1 -1 0 0 -1 0 0 1 0 0 1 0 0 1 0 0 1 0 0 0 0 -1 0 0 -1 0 0 -1 0 0 -1 0 0 -1 0 0 -1 1 0 0 1 0 0 -1 0 0 -1 0 0 -1 0 0 -1 0 0 0 0 -1 0 0 -1 0 0 -1 0 0 -1 0 0 -1 0 0 -1 0 0 -1 0 0 -1 0 0 -1 0 0 -1 0 0 -1 -1 0 0 -1 0 0 1 0 0 1 0 0 1 0 0 1 0 0 0 0 -1 0 0 -1 0 0 -1 0 0 -1 0 0 -1 0 0 -1 1 0 0 1 0 0 -1 0 0 -1 0 0 -1 0 0 -1 0 0 0 0 -1 0 0 -1 0 0 -1 -1 0 0 -1 0 0 0 0 -1 0 0 -1 1 0 0 1 0 0 0 0 -1 0 0 -1 0 0 -1 -1 0 0 -1 0 0 0 0 -1 0 0 -1 1 0 0 1 0 0 0 0 -1 0 0 -1 0 0 -1 -1 0 0 -1 0 0 0 0 -1 0 0 -1 1 0 0 1 0 0 0 0 -1 0 0 -1 -1 0 0 -1 0 0 0 0 -1 0 0 -1 0 0 -1 1 0 0 1 0 0 0 0 -1 0 0 -1 -1 0 0 -1 0 0 0 0 -1 0 0 -1 1 0 0 1 0 0 0 0 -1 0 0 -1 0 0 -1 -1 0 0 -1 0 0 0 0 -1 0 0 -1 1 0 0 1 0 0 0 0 -1 0 0 -1 0 0 -1 -1 0 0 -1 0 0 0 0 -1 0 0 -1 1 0 0 1 0 0 0 0 -1 0 0 -1 0 0 -1 -1 0 0 -1 0 0 0 0 -1 0 0 -1 1 0 0 1 0 0 0 0 -1 0 0 -1 -1 0 0 -1 0 0 0 0 -1 0 0 -1 0 0 -1 1 0 0 1 0 0 0 0 -1 0 0 -1 -1 0 0 -1 0 0 0 0 -1 0 0 -1 1 0 0 1 0 0 0 0 -1 0 0 -1 0 0 -1 -1 0 0 -1 0 0 0 0 -1 0 0 -1 1 0 0 1 0 0 0 0 -1 0 0 -1 0 0 -1 -1 0 0 -1 0 0 0 0 -1 0 0 -1 1 0 0 1 0 0 0 0 -1 0 0 -1 0 0 -1 -1 0 0 -1 0 0 0 0 -1 0 0 -1 1 0 0 1 0 0 0 0 -1 0 0 -1 0 0 -1 -1 0 0 -1 0 0 0 0 -1 0 0 -1 1 0 0 1 0 0 0 0 -1 0 0 -1 0 0 -1 -1 0 0 -1 0 0 0 0 -1 0 0 -1 0 0 -1 1 0 0 1 0 0 0 0 -1 0 0 -1 0 0 -1 -1 0 0 -1 0 0 0 0 -1 0 0 -1 0 0 -1 1 0 0 1 0 0 0 0 -1 0 0 -1 0 0 -1 0 0 -1 0 0 -1 0 0 -1 0 0 -1 0 0 -1 0 0 -1 0 0 -1 0 0 -1 0 0 -1 0 0 -1 0 0 -1 0 0 -1 0 0 -1 0 0 -1 0 0 -1 0 0 -1 0 0 -1 0 0 -1 0 0 -1 0 0 -1 0 0 -1 0 0 -1 0 0 -1 0 0 -1 0 0 -1 0 0 -1 0 0 -1 0 0 -1 0 0 -1 0 0 -1 0 0 -1 0 0 -1 0 0 -1 0 0 -1 0 0 -1 0 0 -1 0 0 -1 0 0 -1 0 0 -1 0 0 -1 0 0 -1 0 0 -1 0 0 -1 0 0 -1 0 0 -1 0 0 -1 0 0 -1 0 0 -1 0 0 -1 0 0 -1 0 0 -1 0 0 -1 0 0 -1 0 0 -1 0 0 -1 0 0 -1 0 0 -1 0 0 -1 0 0 -1 0 0 -1 0 0 -1 0 0 -1 0.342594 0.939484 0 -0.315627 0.948883 0 0.472233 -0.881474 0 0.0309673 -0.99952 0 -0.171581 -0.98517 0 -0.413258 -0.910614 0 -0.943156 -0.332352 0 -0.943156 0.332352 0 -0.943156 0.332352 0 -0.960501 0.277952 -0.0133942 -0.959493 0.281732 0 -0.985354 0.170522 0 -0.985354 0.170522 0 -0.998369 0.0570891 0 -0.998369 0.0570891 0 -0.998369 -0.0570891 0 -0.998369 -0.0570891 0 -0.985354 -0.170522 0 -0.985354 -0.170522 0 -0.960588 -0.277977 0 -0.959419 -0.28171 -0.012478 -0.943156 -0.332352 0 -0.932377 -0.361489 0 -0.932377 -0.361489 0 -0.906311 -0.41235 -0.0925679 -0.921123 -0.389271 0 -0.877311 -0.479922 0 -0.870203 -0.491426 -0.0353224 -0.848481 -0.529226 0 -0.848481 -0.529226 0 -0.755664 -0.65496 0 -0.755664 -0.65496 0 -0.837315 -0.54672 0 -0.837315 -0.54672 0 -0.804491 -0.593447 -0.024803 -0.809017 -0.587785 0 -0.770417 -0.63754 0 -0.736621 -0.676065 -0.0180182 -0.751502 -0.651352 -0.104815 -0.666743 -0.745288 0 -0.666743 -0.745288 0 -0.633368 -0.77385 0 -0.664802 -0.743119 -0.0762352 -0.654466 -0.755294 -0.0347327 -0.687416 -0.726264 0 -0.721115 -0.692815 0 -0.577832 -0.816155 0 -0.577832 -0.816155 0 -0.599823 -0.800133 0 -0.564088 -0.824952 -0.0354717 -0.57608 -0.81368 -0.0778285 -0.488929 -0.872324 0 -0.488929 -0.872324 0 -0.446868 -0.8946 0 -0.486526 -0.868036 -0.0990208 -0.466495 -0.884107 -0.0271678 -0.508221 -0.861227 0 -0.541775 -0.840524 0 -0.400034 -0.916501 0 -0.400034 -0.916501 0 -0.400033 -0.916499 -0.00205241 -0.355443 -0.933683 -0.0435432 -0.362727 -0.93166 -0.0209322 -0.315619 -0.948886 0 -0.315619 -0.948886 0 -0.222237 -0.974993 0 -0.222237 -0.974993 0 -0.304522 -0.952505 0 -0.304522 -0.952505 0 -0.266809 -0.963685 -0.0111685 -0.253996 -0.966296 -0.041932 -0.222232 -0.97497 -0.00682502 -0.204862 -0.978791 0 -0.133347 -0.991069 0 -0.0444449 -0.999012 0 -0.0444449 -0.999012 0 -0.133347 -0.991069 0 -0.133077 -0.98906 -0.0636469 -0.103015 -0.985967 -0.131368 -0.142315 -0.989821 0 -0.0705702 -0.997507 0 -0.0285351 -0.998872 -0.037943 -0.04431 -0.99598 -0.0778471 -0.00239152 -0.999997 0 0.0444449 -0.999012 0 0.0444449 -0.999012 0 0.0444448 -0.99901 -0.00193383 0.0888724 -0.995316 -0.0380455 0.0855398 -0.995926 -0.0285513 0.132277 -0.991213 0 0.132277 -0.991213 0 0.240775 -0.957841 -0.156743 0.198591 -0.980082 0 0.277187 -0.960816 0 0.143415 -0.989663 0 0.143415 -0.989663 0 0.17788 -0.98405 -0.0022539 0.221196 -0.970423 -0.0967062 0.222238 -0.974993 0 0.222238 -0.974993 0 0.311132 -0.950367 0 0.400032 -0.916501 0 0.400032 -0.916501 0 0.311132 -0.950367 0 0.310732 -0.949145 -0.0506967 0.340088 -0.93261 -0.120745 0.309017 -0.951057 0 0.375884 -0.926667 0 0.415141 -0.909032 -0.0363126 0.398763 -0.913595 -0.0795717 0.439098 -0.898439 0 0.48893 -0.872323 0 0.621612 -0.781651 -0.0511812 0.610648 -0.791902 0 0.655192 -0.755462 0 0.48893 -0.872323 0 0.488917 -0.8723 -0.00719936 0.531479 -0.844568 -0.0650748 0.516398 -0.856349 0 0.565548 -0.824716 0 0.577833 -0.816154 -0.00121106 0.577833 -0.816155 0 0.577833 -0.816155 0 0.666741 -0.745289 0 0.785938 -0.613428 -0.0775098 0.774141 -0.633013 0 0.821362 -0.570408 0 0.666741 -0.745289 0 0.666741 -0.745289 -0.000424625 0.706898 -0.705359 -0.0525692 0.696938 -0.717132 0 0.740599 -0.671947 0 0.755641 -0.654939 -0.00780853 0.755664 -0.654959 0 0.755664 -0.654959 0 0.844626 -0.535357 0 0.844626 -0.535357 0 0.843407 -0.534584 -0.053712 0.854427 -0.499622 -0.142596 0.841253 -0.540641 0 0.897398 -0.441221 0 0.897398 -0.441221 0 0.921683 -0.387943 0 0.933783 -0.357839 0 -0.848482 0.529225 0 -0.848482 0.529225 0 -0.876373 0.479408 -0.0462358 -0.870746 0.491733 0 -0.910219 0.414128 0 -0.920028 0.388808 -0.0487499 -0.932377 0.361488 0 -0.932377 0.361488 0 -0.804738 0.59363 0 -0.808827 0.587647 -0.0216623 -0.837315 0.54672 0 -0.837315 0.54672 0 -0.755664 0.65496 0 -0.755664 0.65496 0 -0.721115 0.692815 0 -0.735931 0.675431 -0.0469032 -0.755639 0.654939 -0.00802984 -0.770419 0.637538 0 -0.666742 0.745288 0 -0.666742 0.745288 0 -0.633367 0.773851 0 -0.654078 0.754847 -0.0488573 -0.666577 0.745104 -0.022229 -0.687417 0.726263 0 -0.577831 0.816157 0 -0.577831 0.816157 0 -0.599825 0.800131 0 -0.577689 0.815956 -0.0221935 -0.563772 0.82449 -0.0487601 -0.541774 0.840524 0 -0.508222 0.861226 0 -0.488928 0.872324 0 -0.488928 0.872324 0 -0.488888 0.872254 -0.0127122 -0.466163 0.883476 -0.0464929 -0.40003 0.916502 0 -0.40003 0.916502 0 -0.446868 0.8946 0 -0.413266 0.91061 0 -0.362797 0.931836 -0.0077604 -0.396169 0.907655 -0.138607 -0.355725 0.934421 -0.0177908 -0.315627 0.948883 0 -0.304514 0.952508 0 -0.304514 0.952508 0 -0.222237 0.974993 0 -0.222237 0.974993 0 -0.266809 0.963685 -0.0111661 -0.220664 0.968093 -0.11876 -0.25417 0.966964 -0.0194533 -0.204856 0.978792 0 -0.142315 0.989821 0 -0.170706 0.980134 -0.100981 -0.0444474 0.999012 0 -0.0444474 0.999012 0 -0.0443124 0.995979 -0.0778552 -0.0698537 0.987312 -0.1426 -0.0285564 0.999592 0 -0.103916 0.994586 0 -0.133268 0.990539 -0.0327351 -0.13334 0.99107 0 -0.13334 0.99107 0 0.0444474 0.999012 0 0.0444474 0.999012 0 -0.0023896 0.999997 0 0.0309424 0.999521 0 0.0855724 0.996301 -0.00784376 0.0439993 0.98894 -0.14164 0.0889083 0.995687 -0.0264993 0.143375 0.989668 0 0.177389 0.981334 -0.0742776 0.198589 0.980076 -0.00361634 0.143375 0.989668 0 0.132273 0.991213 0 0.132273 0.991213 0 0.311134 0.950366 0 0.311134 0.950366 0 0.310845 0.949483 -0.0430963 0.275403 0.95463 -0.113286 0.309017 0.951056 0 0.243789 0.969828 0 0.222215 0.974893 -0.0143146 0.222238 0.974993 0 0.222238 0.974993 0 0.400028 0.916503 0 0.400028 0.916503 0 0.488929 0.872324 0 0.488929 0.872324 0 0.48567 0.86651 -0.115256 0.465243 0.868427 -0.171415 0.516398 0.856349 0 0.439099 0.898438 0 0.414925 0.90856 -0.0485356 0.399931 0.916279 -0.0221109 0.375885 0.926666 0 0.577831 0.816156 0 0.577831 0.816156 0 0.532608 0.846362 0 0.565556 0.82471 0 0.610642 0.791894 -0.00450852 0.572175 0.808167 -0.139578 0.666741 0.74529 0 0.666741 0.74529 0 0.622428 0.782677 0 0.655173 0.755479 0 0.696937 0.717131 -0.00156376 0.660135 0.737906 -0.140416 0.755664 0.654959 0 0.755664 0.654959 0 0.707877 0.706336 0 0.740604 0.671942 0 0.774021 0.632914 -0.0176638 0.751449 0.651306 -0.105476 0.788309 0.615279 0 0.844627 0.535356 0 0.844627 0.535356 0 0.941834 0.336045 -0.00472815 0.821362 0.570408 0 0.843407 0.534583 -0.0537135 0.840648 0.540252 -0.0379441 0.863248 0.50478 0 0.897398 0.441221 0 0.897398 0.441221 0 0.92168 0.387951 0 0.933783 -0.357839 0 0.93378 -0.357837 -0.00275582 0.946424 -0.303424 -0.110523 0.941844 -0.336049 0 0.974012 -0.226497 0 0.974012 -0.226497 0 0.993482 -0.113992 0 0.993482 -0.113992 0 0.999592 -0.0285556 0 0.999592 -0.0285556 0 0.999592 0.0285556 0 0.999592 0.0285556 0 0.993482 0.113992 0 0.993482 0.113992 0 0.974012 0.226497 0 0.974012 0.226497 0 0.952258 0.305295 0 0.930635 0.356632 -0.0820524 0.933784 0.357838 0 0.933784 0.357838 0 0 0 -1 0 0 -1 0 0 -1 0 0 -1 0 0 -1 0 0 -1 0 0 -1 0 0 -1 0 0 -1 0 0 -1 0 0 -1 0 0 -1 0 0 -1 0 0 -1 0 0 -1 0 0 -1 0 0 -1 0 0 -1 0 0 -1 0 0 -1 0 0 -1 0 0 -1 0 0 -1 0 0 -1 0 0 -1 0 0 -1 0 0 -1 0 0 -1 0 0 -1 0 0 -1 0 0 -1 0 0 -1 0 0 -1 0 0 -1 0 0 -1 0 0 -1 -0.996194 0.087162 0 -0.996194 0.087162 0 -0.965926 0.258817 0 -0.965926 0.258817 0 -0.906295 0.422645 0 -0.906295 0.422645 0 -0.819155 0.573573 0 -0.819155 0.573573 0 -0.707117 0.707096 0 -0.707117 0.707096 0 -0.573569 0.819158 0 -0.573569 0.819158 0 -0.422621 0.906307 0 -0.422621 0.906307 0 -0.258833 0.965922 0 -0.258833 0.965922 0 -0.0871395 0.996196 0 -0.0871395 0.996196 0 0.0871413 0.996196 0 0.0871413 0.996196 0 0.258822 0.965925 0 0.258822 0.965925 0 0.422629 0.906303 0 0.422629 0.906303 0 0.573569 0.819158 0 0.573569 0.819158 0 0.707107 0.707107 0 0.707107 0.707107 0 0.819155 0.573573 0 0.819155 0.573573 0 0.906303 0.422628 0 0.906303 0.422628 0 0.965926 0.258817 0 0.965926 0.258817 0 0.996194 0.087162 0 0.996194 0.087162 0 0.996194 -0.0871639 0 0.996194 -0.0871639 0 0.965928 -0.258812 0 0.965928 -0.258812 0 0.906307 -0.42262 0 0.906307 -0.42262 0 0.819148 -0.573583 0 0.819148 -0.573583 0 0.707096 -0.707117 0 0.707096 -0.707117 0 0.573583 -0.819148 0 0.573583 -0.819148 0 0.422629 -0.906303 0 0.422629 -0.906303 0 0.258822 -0.965925 0 0.258822 -0.965925 0 0.0871207 -0.996198 0 0.0871207 -0.996198 0 -0.0871189 -0.996198 0 -0.0871189 -0.996198 0 -0.258833 -0.965922 0 -0.258833 -0.965922 0 -0.422621 -0.906307 0 -0.422621 -0.906307 0 -0.573583 -0.819148 0 -0.573583 -0.819148 0 -0.707107 -0.707107 0 -0.707107 -0.707107 0 -0.819148 -0.573583 0 -0.819148 -0.573583 0 -0.906299 -0.422637 0 -0.906299 -0.422637 0 -0.965928 -0.258812 0 -0.965928 -0.258812 0 -0.996194 -0.0871639 0 -0.996194 -0.0871639 0 0 0 1 0 0 1 0 0 1 0 0 1 0 0 1 0 0 1 0 0 1 0 0 1 0 0 1 0 0 1 0 0 1 0 0 1 0 0 1 0 0 1 0 0 1 0 0 1 0 0 1 0 0 1 0 0 1 0 0 1 0 0 1 0 0 1 0 0 1 0 0 1 0 0 1 0 0 1 0 0 1 0 0 1 0 0 1 0 0 1 0 0 1 0 0 1 0 0 1 0 0 1 0 0 1 0 0 1 0 0 1 0 0 1 0 0 1 0 0 1 0 0 1 0 0 1 0 0 1 0 0 1 0 0 1 0 0 1 0 0 1 0 0 1 0 0 1 0 0 1 0 0 1 0 0 1 0 0 1 0 0 1 0 0 1 0 0 1 0 0 1 0 0 1 0 0 1 0 0 1 0 0 1 0 0 1 0 0 1 0 0 1 0 0 1 0 0 1 0 0 1 0 0 1 0 0 1 0 0 1 0 0 1 0 0 1 -0.996195 0.0871545 0 -0.996195 0.0871545 0 -0.965926 0.258818 0 -0.965926 0.258818 0 -0.90631 0.422614 0 -0.90631 0.422614 0 -0.819149 0.57358 0 -0.819149 0.57358 0 -0.707107 0.707107 0 -0.707107 0.707107 0 -0.573573 0.819154 0 -0.573573 0.819154 0 -0.422623 0.906306 0 -0.422623 0.906306 0 -0.258817 0.965926 0 -0.258817 0.965926 0 -0.0871561 0.996195 0 -0.0871561 0.996195 0 0.0871552 0.996195 0 0.0871552 0.996195 0 0.258817 0.965926 0 0.258817 0.965926 0 0.422623 0.906306 0 0.422623 0.906306 0 0.573573 0.819154 0 0.573573 0.819154 0 0.707107 0.707107 0 0.707107 0.707107 0 0.819149 0.57358 0 0.819149 0.57358 0 0.90631 0.422614 0 0.90631 0.422614 0 0.965926 0.258817 0 0.965926 0.258817 0 0.996195 0.0871552 0 0.996195 0.0871552 0 0.996195 -0.0871552 0 0.996195 -0.0871552 0 0.965926 -0.25882 0 0.965926 -0.25882 0 0.90631 -0.422614 0 0.90631 -0.422614 0 0.819149 -0.57358 0 0.819149 -0.57358 0 0.707107 -0.707107 0 0.707107 -0.707107 0 0.57358 -0.819149 0 0.57358 -0.819149 0 0.422614 -0.90631 0 0.422614 -0.90631 0 0.258818 -0.965926 0 0.258818 -0.965926 0 0.0871545 -0.996195 0 0.0871545 -0.996195 0 -0.0871554 -0.996195 0 -0.0871554 -0.996195 0 -0.258818 -0.965926 0 -0.258818 -0.965926 0 -0.422614 -0.90631 0 -0.422614 -0.90631 0 -0.57358 -0.819149 0 -0.57358 -0.819149 0 -0.707107 -0.707107 0 -0.707107 -0.707107 0 -0.819149 -0.57358 0 -0.819149 -0.57358 0 -0.90631 -0.422614 0 -0.90631 -0.422614 0 -0.965925 -0.258821 0 -0.965925 -0.258821 0 -0.996195 -0.0871545 0 -0.996195 -0.0871545 0 0 0 -1 0 0 -1 0 0 -1 0 0 -1 0 0 -1 0 0 -1 0 0 -1 0 0 -1 0 0 -1 0 0 -1 0 0 -1 0 0 -1 0 0 -1 0 0 -1 0 0 -1 0 0 -1 0 0 -1 0 0 -1 0 0 -1 0 0 -1 0 0 -1 0 0 -1 0 0 -1 0 0 -1 0 0 -1 0 0 -1 0 0 -1 0 0 -1 0 0 -1 0 0 -1 0 0 -1 0 0 -1 0 0 -1 0 0 -1 0 0 -1 0 0 -1 0 0 -1 0 0 -1 0 0 -1 0 0 -1 0 0 -1 0 0 -1 0 0 -1 0 0 -1 0 0 -1 0 0 -1 0 0 -1 0 0 -1 0 0 -1 0 0 -1 0 0 -1 0 0 -1 0 0 -1 0 0 -1 0 0 -1 0 0 -1 0 0 -1 0 0 -1 0 0 -1 0 0 -1 0 0 -1 0 0 -1 0 0 -1 0 0 -1 0 0 -1 0 0 -1 0 0 -1 0 0 -1 0 0 -1 0 0 -1 0 0 -1 0 0 -1 -0.996194 0.0871623 0 -0.996194 0.0871623 0 -0.965926 0.258818 0 -0.965926 0.258818 0 -0.906301 0.422634 0 -0.906301 0.422634 0 -0.819149 0.57358 0 -0.819149 0.57358 0 -0.707115 0.707099 0 -0.707115 0.707099 0 -0.573576 0.819153 0 -0.573576 0.819153 0 -0.42261 0.906312 0 -0.42261 0.906312 0 -0.258831 0.965923 0 -0.258831 0.965923 0 -0.0871531 0.996195 0 -0.0871531 0.996195 0 0.0871549 0.996195 0 0.0871549 0.996195 0 0.258821 0.965925 0 0.258821 0.965925 0 0.422618 0.906308 0 0.422618 0.906308 0 0.573576 0.819153 0 0.573576 0.819153 0 0.707104 0.707109 0 0.707104 0.707109 0 0.819149 0.57358 0 0.819149 0.57358 0 0.906309 0.422617 0 0.906309 0.422617 0 0.965926 0.258818 0 0.965926 0.258818 0 0.996194 0.0871623 0 0.996194 0.0871623 0 0.996194 -0.0871623 0 0.996194 -0.0871623 0 0.965925 -0.258821 0 0.965925 -0.258821 0 0.906309 -0.422617 0 0.906309 -0.422617 0 0.819149 -0.57358 0 0.819149 -0.57358 0 0.707104 -0.707109 0 0.707104 -0.707109 0 0.573583 -0.819148 0 0.573583 -0.819148 0 0.42261 -0.906312 0 0.42261 -0.906312 0 0.258822 -0.965925 0 0.258822 -0.965925 0 0.0871543 -0.996195 0 0.0871543 -0.996195 0 -0.0871525 -0.996195 0 -0.0871525 -0.996195 0 -0.258833 -0.965922 0 -0.258833 -0.965922 0 -0.422601 -0.906316 0 -0.422601 -0.906316 0 -0.573583 -0.819148 0 -0.573583 -0.819148 0 -0.707115 -0.707099 0 -0.707115 -0.707099 0 -0.819149 -0.57358 0 -0.819149 -0.57358 0 -0.906301 -0.422634 0 -0.906301 -0.422634 0 -0.965925 -0.258821 0 -0.965925 -0.258821 0 -0.996194 -0.0871623 0 -0.996194 -0.0871623 0 0 0 1 0 0 1 0 0 1 0 0 1 0 0 1 0 0 1 0 0 1 0 0 1 0 0 1 0 0 1 0 0 1 0 0 1 0 0 1 0 0 1 0 0 1 0 0 1 0 0 1 0 0 1 0 0 1 0 0 1 0 0 1 0 0 1 0 0 1 0 0 1 0 0 1 0 0 1 0 0 1 0 0 1 0 0 1 0 0 1 0 0 1 0 0 1 0 0 1 0 0 1 0 0 1 0 0 1 0 0 1 0 0 1 0 0 1 0 0 1 0 0 1 0 0 1 0 0 1 0 0 1 0 0 1 0 0 1 0 0 1 0 0 1 0 0 1 0 0 1 0 0 1 0 0 1 0 0 1 0 0 1 0 0 1 0 0 1 0 0 1 0 0 1 0 0 1 0 0 1 0 0 1 0 0 1 0 0 1 0 0 1 0 0 1 0 0 1 0 0 1 0 0 1 0 0 1 0 0 1 0 0 1 0 0 1 -0.996195 0.0871543 0 -0.996195 0.0871543 0 -0.965926 0.258817 0 -0.965926 0.258817 0 -0.906304 0.422625 0 -0.906304 0.422625 0 -0.819155 0.573573 0 -0.819155 0.573573 0 -0.707109 0.707104 0 -0.707109 0.707104 0 -0.573566 0.819159 0 -0.573566 0.819159 0 -0.422634 0.906301 0 -0.422634 0.906301 0 -0.258818 0.965926 0 -0.258818 0.965926 0 -0.0871425 0.996196 0 -0.0871425 0.996196 0 0.0871416 0.996196 0 0.0871416 0.996196 0 0.258818 0.965926 0 0.258818 0.965926 0 0.422634 0.906301 0 0.422634 0.906301 0 0.573566 0.819159 0 0.573566 0.819159 0 0.707109 0.707104 0 0.707109 0.707104 0 0.819155 0.573573 0 0.819155 0.573573 0 0.906304 0.422625 0 0.906304 0.422625 0 0.965927 0.258816 0 0.965927 0.258816 0 0.996195 0.0871549 0 0.996195 0.0871549 0 0.996195 -0.0871567 0 0.996195 -0.0871567 0 0.965928 -0.258811 0 0.965928 -0.258811 0 0.906308 -0.422617 0 0.906308 -0.422617 0 0.819148 -0.573583 0 0.819148 -0.573583 0 0.707099 -0.707115 0 0.707099 -0.707115 0 0.57358 -0.819149 0 0.57358 -0.819149 0 0.422634 -0.906301 0 0.422634 -0.906301 0 0.258818 -0.965926 0 0.258818 -0.965926 0 0.0871209 -0.996198 0 0.0871209 -0.996198 0 -0.0871218 -0.996198 0 -0.0871218 -0.996198 0 -0.258818 -0.965926 0 -0.258818 -0.965926 0 -0.422634 -0.906301 0 -0.422634 -0.906301 0 -0.57358 -0.819149 0 -0.57358 -0.819149 0 -0.707099 -0.707115 0 -0.707099 -0.707115 0 -0.819148 -0.573583 0 -0.819148 -0.573583 0 -0.906308 -0.422617 0 -0.906308 -0.422617 0 -0.965928 -0.258812 0 -0.965928 -0.258812 0 -0.996195 -0.0871561 0 -0.996195 -0.0871561 0 0 0 -1 0 0 -1 0 0 -1 0 0 -1 0 0 -1 0 0 -1 0 0 -1 0 0 -1 0 0 -1 0 0 -1 0 0 -1 0 0 -1 0 0 -1 0 0 -1 0 0 -1 0 0 -1 0 0 -1 0 0 -1 0 0 -1 0 0 -1 0 0 -1 0 0 -1 0 0 -1 0 0 -1 0 0 -1 0 0 -1 0 0 -1 0 0 -1 0 0 -1 0 0 -1 0 0 -1 0 0 -1 0 0 -1 0 0 -1 0 0 -1 0 0 -1 0 0 1 0 0 1 0 0 1 0 0 1 0 0 1 0 0 1 0 0 1 0 0 1 0 0 1 0 0 1 0 0 1 0 0 1 0 0 1 0 0 1 0 0 1 0 0 1 0 0 1 0 0 1 0 0 1 0 0 1 0 0 1 0 0 1 0 0 1 0 0 1 0 0 1 0 0 1 0 0 1 0 0 1 0 0 1 0 0 1 0 0 1 0 0 1 0 0 1 0 0 1 0 0 1 0 0 1 -0.996195 0.0871543 0 -0.996195 0.0871543 0 -0.965926 0.258817 0 -0.965926 0.258817 0 -0.906304 0.422625 0 -0.906304 0.422625 0 -0.819155 0.573573 0 -0.819155 0.573573 0 -0.707109 0.707104 0 -0.707109 0.707104 0 -0.573566 0.819159 0 -0.573566 0.819159 0 -0.422634 0.906301 0 -0.422634 0.906301 0 -0.258818 0.965926 0 -0.258818 0.965926 0 -0.0871425 0.996196 0 -0.0871425 0.996196 0 0.0871416 0.996196 0 0.0871416 0.996196 0 0.258818 0.965926 0 0.258818 0.965926 0 0.422634 0.906301 0 0.422634 0.906301 0 0.573566 0.819159 0 0.573566 0.819159 0 0.707109 0.707104 0 0.707109 0.707104 0 0.819155 0.573573 0 0.819155 0.573573 0 0.906304 0.422625 0 0.906304 0.422625 0 0.965927 0.258816 0 0.965927 0.258816 0 0.996195 0.0871549 0 0.996195 0.0871549 0 0.996195 -0.0871567 0 0.996195 -0.0871567 0 0.965928 -0.258811 0 0.965928 -0.258811 0 0.906308 -0.422617 0 0.906308 -0.422617 0 0.819148 -0.573583 0 0.819148 -0.573583 0 0.707099 -0.707115 0 0.707099 -0.707115 0 0.57358 -0.819149 0 0.57358 -0.819149 0 0.422634 -0.906301 0 0.422634 -0.906301 0 0.258818 -0.965926 0 0.258818 -0.965926 0 0.0871209 -0.996198 0 0.0871209 -0.996198 0 -0.0871218 -0.996198 0 -0.0871218 -0.996198 0 -0.258818 -0.965926 0 -0.258818 -0.965926 0 -0.422634 -0.906301 0 -0.422634 -0.906301 0 -0.57358 -0.819149 0 -0.57358 -0.819149 0 -0.707099 -0.707115 0 -0.707099 -0.707115 0 -0.819148 -0.573583 0 -0.819148 -0.573583 0 -0.906308 -0.422617 0 -0.906308 -0.422617 0 -0.965928 -0.258812 0 -0.965928 -0.258812 0 -0.996195 -0.0871561 0 -0.996195 -0.0871561 0 0 0 -1 0 0 -1 0 0 -1 0 0 -1 0 0 -1 0 0 -1 0 0 -1 0 0 -1 0 0 -1 0 0 -1 0 0 -1 0 0 -1 0 0 -1 0 0 -1 0 0 -1 0 0 -1 0 0 -1 0 0 -1 0 0 -1 0 0 -1 0 0 -1 0 0 -1 0 0 -1 0 0 -1 0 0 -1 0 0 -1 0 0 -1 0 0 -1 0 0 -1 0 0 -1 0 0 -1 0 0 -1 0 0 -1 0 0 -1 0 0 -1 0 0 -1 0 0 -1 0 0 -1 0 0 -1 0 0 -1 0 0 -1 0 0 -1 0 0 -1 0 0 -1 0 0 -1 0 0 -1 0 0 -1 0 0 -1 0 0 -1 0 0 -1 0 0 -1 0 0 -1 0 0 -1 0 0 -1 0 0 -1 0 0 -1 0 0 -1 0 0 -1 0 0 -1 0 0 -1 0 0 -1 0 0 -1 0 0 -1 0 0 -1 0 0 -1 0 0 -1 0 0 -1 0 0 -1 0 0 -1 0 0 -1 0 0 -1 0 0 -1 -0.996195 0.0871545 0 -0.996195 0.0871545 0 -0.965926 0.258818 0 -0.965926 0.258818 0 -0.90631 0.422614 0 -0.90631 0.422614 0 -0.819149 0.57358 0 -0.819149 0.57358 0 -0.707107 0.707107 0 -0.707107 0.707107 0 -0.573573 0.819154 0 -0.573573 0.819154 0 -0.422623 0.906306 0 -0.422623 0.906306 0 -0.258817 0.965926 0 -0.258817 0.965926 0 -0.0871561 0.996195 0 -0.0871561 0.996195 0 0.0871552 0.996195 0 0.0871552 0.996195 0 0.258817 0.965926 0 0.258817 0.965926 0 0.422623 0.906306 0 0.422623 0.906306 0 0.573573 0.819154 0 0.573573 0.819154 0 0.707107 0.707107 0 0.707107 0.707107 0 0.819149 0.57358 0 0.819149 0.57358 0 0.90631 0.422614 0 0.90631 0.422614 0 0.965926 0.258817 0 0.965926 0.258817 0 0.996195 0.0871552 0 0.996195 0.0871552 0 0.996195 -0.0871552 0 0.996195 -0.0871552 0 0.965926 -0.25882 0 0.965926 -0.25882 0 0.90631 -0.422614 0 0.90631 -0.422614 0 0.819149 -0.57358 0 0.819149 -0.57358 0 0.707107 -0.707107 0 0.707107 -0.707107 0 0.57358 -0.819149 0 0.57358 -0.819149 0 0.422614 -0.90631 0 0.422614 -0.90631 0 0.258818 -0.965926 0 0.258818 -0.965926 0 0.0871545 -0.996195 0 0.0871545 -0.996195 0 -0.0871554 -0.996195 0 -0.0871554 -0.996195 0 -0.258818 -0.965926 0 -0.258818 -0.965926 0 -0.422614 -0.90631 0 -0.422614 -0.90631 0 -0.57358 -0.819149 0 -0.57358 -0.819149 0 -0.707107 -0.707107 0 -0.707107 -0.707107 0 -0.819149 -0.57358 0 -0.819149 -0.57358 0 -0.90631 -0.422614 0 -0.90631 -0.422614 0 -0.965925 -0.258821 0 -0.965925 -0.258821 0 -0.996195 -0.0871545 0 -0.996195 -0.0871545 0 0 0 1 0 0 1 0 0 1 0 0 1 0 0 1 0 0 1 0 0 1 0 0 1 0 0 1 0 0 1 0 0 1 0 0 1 0 0 1 0 0 1 0 0 1 0 0 1 0 0 1 0 0 1 0 0 1 0 0 1 0 0 1 0 0 1 0 0 1 0 0 1 0 0 1 0 0 1 0 0 1 0 0 1 0 0 1 0 0 1 0 0 1 0 0 1 0 0 1 0 0 1 0 0 1 0 0 1 -0.996194 0.087162 0 -0.996194 0.087162 0 -0.965926 0.258817 0 -0.965926 0.258817 0 -0.906295 0.422645 0 -0.906295 0.422645 0 -0.819155 0.573573 0 -0.819155 0.573573 0 -0.707117 0.707096 0 -0.707117 0.707096 0 -0.573569 0.819158 0 -0.573569 0.819158 0 -0.422621 0.906307 0 -0.422621 0.906307 0 -0.258833 0.965922 0 -0.258833 0.965922 0 -0.0871395 0.996196 0 -0.0871395 0.996196 0 0.0871414 0.996196 0 0.0871414 0.996196 0 0.258822 0.965925 0 0.258822 0.965925 0 0.422629 0.906303 0 0.422629 0.906303 0 0.573569 0.819158 0 0.573569 0.819158 0 0.707107 0.707107 0 0.707107 0.707107 0 0.819155 0.573573 0 0.819155 0.573573 0 0.906303 0.422628 0 0.906303 0.422628 0 0.965926 0.258817 0 0.965926 0.258817 0 0.996194 0.087162 0 0.996194 0.087162 0 0.996194 -0.0871639 0 0.996194 -0.0871639 0 0.965928 -0.258812 0 0.965928 -0.258812 0 0.906307 -0.42262 0 0.906307 -0.42262 0 0.819148 -0.573583 0 0.819148 -0.573583 0 0.707096 -0.707117 0 0.707096 -0.707117 0 0.573583 -0.819148 0 0.573583 -0.819148 0 0.422629 -0.906303 0 0.422629 -0.906303 0 0.258822 -0.965925 0 0.258822 -0.965925 0 0.0871207 -0.996198 0 0.0871207 -0.996198 0 -0.0871189 -0.996198 0 -0.0871189 -0.996198 0 -0.258833 -0.965922 0 -0.258833 -0.965922 0 -0.422621 -0.906307 0 -0.422621 -0.906307 0 -0.573583 -0.819148 0 -0.573583 -0.819148 0 -0.707107 -0.707107 0 -0.707107 -0.707107 0 -0.819148 -0.573583 0 -0.819148 -0.573583 0 -0.906299 -0.422637 0 -0.906299 -0.422637 0 -0.965928 -0.258812 0 -0.965928 -0.258812 0 -0.996194 -0.0871639 0 -0.996194 -0.0871639 0 0 0 -1 0 0 -1 0 0 -1 0 0 -1 0 0 -1 0 0 -1 0 0 -1 0 0 -1 0 0 -1 0 0 -1 0 0 -1 0 0 -1 0 0 -1 0 0 -1 0 0 -1 0 0 -1 0 0 -1 0 0 -1 0 0 -1 0 0 -1 0 0 -1 0 0 -1 0 0 -1 0 0 -1 0 0 -1 0 0 -1 0 0 -1 0 0 -1 0 0 -1 0 0 -1 0 0 -1 0 0 -1 0 0 -1 0 0 -1 0 0 -1 0 0 -1 0 0 1 0 0 1 0 0 1 0 0 1 0 0 1 0 0 1 0 0 1 0 0 1 0 0 1 0 0 1 0 0 1 0 0 1 0 0 1 0 0 1 0 0 1 0 0 1 0 0 1 0 0 1 0 0 1 0 0 1 0 0 1 0 0 1 0 0 1 0 0 1 0 0 1 0 0 1 0 0 1 0 0 1 0 0 1 0 0 1 0 0 1 0 0 1 0 0 1 0 0 1 0 0 1 0 0 1 0 0 -1 0 0 -1 0 0 -1 0 0 -1 0 0 -1 0 0 -1 0 0 -1 0 0 -1 0 0 -1 0 0 -1 0 0 -1 0 0 -1 0 0 -1 0 0 -1 0 0 -1 0 0 -1 0 0 -1 0 0 -1 0 0 -1 0 0 -1 0 0 -1 0 0 -1 0 0 -1 0 0 -1 0 0 -1 0 0 -1 0 0 -1 0 0 -1 0 0 -1 0 0 -1 0 0 -1 0 0 -1 0 0 -1 0 0 -1 0 0 -1 0 0 -1 -0.996194 0.0871623 0 -0.996194 0.0871623 0 -0.965926 0.258818 0 -0.965926 0.258818 0 -0.906301 0.422634 0 -0.906301 0.422634 0 -0.819149 0.57358 0 -0.819149 0.57358 0 -0.707115 0.707099 0 -0.707115 0.707099 0 -0.573576 0.819153 0 -0.573576 0.819153 0 -0.42261 0.906312 0 -0.42261 0.906312 0 -0.258831 0.965923 0 -0.258831 0.965923 0 -0.0871531 0.996195 0 -0.0871531 0.996195 0 0.0871549 0.996195 0 0.0871549 0.996195 0 0.258821 0.965925 0 0.258821 0.965925 0 0.422618 0.906308 0 0.422618 0.906308 0 0.573576 0.819153 0 0.573576 0.819153 0 0.707104 0.707109 0 0.707104 0.707109 0 0.819149 0.57358 0 0.819149 0.57358 0 0.906309 0.422617 0 0.906309 0.422617 0 0.965926 0.258818 0 0.965926 0.258818 0 0.996194 0.0871623 0 0.996194 0.0871623 0 0.996194 -0.0871623 0 0.996194 -0.0871623 0 0.965925 -0.258821 0 0.965925 -0.258821 0 0.906309 -0.422617 0 0.906309 -0.422617 0 0.819149 -0.57358 0 0.819149 -0.57358 0 0.707104 -0.707109 0 0.707104 -0.707109 0 0.573583 -0.819148 0 0.573583 -0.819148 0 0.42261 -0.906312 0 0.42261 -0.906312 0 0.258822 -0.965925 0 0.258822 -0.965925 0 0.0871543 -0.996195 0 0.0871543 -0.996195 0 -0.0871525 -0.996195 0 -0.0871525 -0.996195 0 -0.258833 -0.965922 0 -0.258833 -0.965922 0 -0.422601 -0.906316 0 -0.422601 -0.906316 0 -0.573583 -0.819148 0 -0.573583 -0.819148 0 -0.707115 -0.707099 0 -0.707115 -0.707099 0 -0.819149 -0.57358 0 -0.819149 -0.57358 0 -0.906301 -0.422634 0 -0.906301 -0.422634 0 -0.965925 -0.258821 0 -0.965925 -0.258821 0 -0.996194 -0.0871623 0 -0.996194 -0.0871623 0 0 0 1 0 0 1 0 0 1 0 0 1 0 0 1 0 0 1 0 0 1 0 0 1 0 0 1 0 0 1 0 0 1 0 0 1 0 0 1 0 0 1 0 0 1 0 0 1 0 0 1 0 0 1 0 0 1 0 0 1 0 0 1 0 0 1 0 0 1 0 0 1 0 0 1 0 0 1 0 0 1 0 0 1 0 0 1 0 0 1 0 0 1 0 0 1 0 0 1 0 0 1 0 0 1 0 0 1</float_array>
                    <technique_common>
                        <accessor count="5478" source="#shape0-lib-normals-array" stride="3">
                            <param name="X" type="float"/>
                            <param name="Y" type="float"/>
                            <param name="Z" type="float"/>
                        </accessor>
                    </technique_common>
                </source>
                <vertices id="shape0-lib-vertices">
                    <input semantic="POSITION" source="#shape0-lib-positions"/>
                </vertices>
                <triangles count="5478">
                    <input offset="0" semantic="VERTEX" source="#shape0-lib-vertices"/>
                    <input offset="1" semantic="NORMAL" source="#shape0-lib-normals"/>
                    <p>0 0 1 0 2 0 3 1 4 1 5 1 6 2 7 2 8 2 8 3 7 3 9 3 10 4 11 4 12 4 12 5 11 5 13 5 14 6 15 6 9 6 9 7 15 7 16 7 9 8 16 8 17 8 18 9 19 9 20 9 20 10 19 10 12 10 20 11 12 11 21 11 21 12 12 12 13 12 22 13 23 13 24 13 24 14 23 14 25 14 24 15 25 15 14 15 14 16 25 16 26 16 14 17 26 17 15 17 17 18 27 18 9 18 9 19 27 19 28 19 9 20 28 20 8 20 8 21 28 21 29 21 8 22 29 22 30 22 8 23 31 23 32 23 30 24 33 24 8 24 8 25 33 25 34 25 8 26 34 26 31 26 35 27 36 27 37 27 37 28 36 28 8 28 37 29 8 29 38 29 38 30 8 30 32 30 35 31 39 31 36 31 36 32 39 32 40 32 36 33 40 33 41 33 42 34 43 34 44 34 44 35 43 35 45 35 46 36 47 36 43 36 48 37 49 37 50 37 50 38 49 38 51 38 52 39 53 39 54 39 51 40 55 40 50 40 50 41 55 41 56 41 50 42 56 42 57 42 58 43 59 43 52 43 52 44 59 44 60 44 52 45 60 45 53 45 57 46 61 46 50 46 50 47 61 47 62 47 50 48 62 48 63 48 63 49 62 49 64 49 63 50 64 50 65 50 65 51 64 51 66 51 65 52 66 52 46 52 46 53 66 53 67 53 46 54 67 54 47 54 68 55 69 55 36 55 36 56 69 56 70 56 36 57 70 57 52 57 52 58 70 58 71 58 52 59 71 59 58 59 72 60 73 60 74 60 74 61 73 61 75 61 45 62 76 62 44 62 44 63 76 63 77 63 44 64 77 64 78 64 79 65 80 65 36 65 36 66 80 66 81 66 78 67 82 67 44 67 44 68 82 68 83 68 44 69 83 69 73 69 73 70 83 70 84 70 73 71 84 71 75 71 10 72 12 72 41 72 41 73 12 73 73 73 41 74 73 74 36 74 36 75 73 75 72 75 36 76 72 76 79 76 81 77 85 77 36 77 36 78 85 78 86 78 36 79 86 79 68 79 87 80 88 80 89 80 90 81 91 81 89 81 54 82 49 82 52 82 52 83 49 83 48 83 52 84 48 84 92 84 92 85 48 85 93 85 91 86 94 86 89 86 89 87 94 87 95 87 89 88 95 88 87 88 96 89 93 89 97 89 97 90 93 90 98 90 99 91 100 91 101 91 101 92 100 92 92 92 101 93 92 93 102 93 102 94 92 94 103 94 104 95 105 95 106 95 106 96 105 96 107 96 106 97 107 97 93 97 93 98 107 98 108 98 93 99 108 99 98 99 96 100 109 100 93 100 93 101 109 101 110 101 93 102 110 102 92 102 92 103 110 103 111 103 92 104 111 104 112 104 112 105 113 105 92 105 92 106 113 106 114 106 92 107 114 107 115 107 115 108 116 108 92 108 92 109 116 109 117 109 92 110 117 110 118 110 118 111 119 111 92 111 92 112 119 112 120 112 92 113 120 113 103 113 2 114 121 114 100 114 100 115 121 115 122 115 100 116 122 116 92 116 123 117 124 117 121 117 121 118 124 118 125 118 2 119 1 119 121 119 121 120 1 120 126 120 121 121 126 121 123 121 127 122 128 122 129 122 129 123 128 123 130 123 131 124 132 124 133 124 134 125 135 125 136 125 136 126 135 126 137 126 136 127 137 127 138 127 139 128 140 128 130 128 130 129 140 129 141 129 130 130 141 130 129 130 129 131 141 131 142 131 129 132 142 132 143 132 136 133 144 133 134 133 134 134 144 134 129 134 134 135 129 135 145 135 145 136 129 136 143 136 138 137 146 137 136 137 136 138 146 138 147 138 136 139 147 139 133 139 133 140 147 140 148 140 133 141 148 141 131 141 149 142 150 142 132 142 132 143 150 143 151 143 132 144 151 144 133 144 152 145 153 145 154 145 154 146 153 146 155 146 154 147 155 147 156 147 156 148 155 148 157 148 156 149 157 149 149 149 149 150 157 150 158 150 149 151 158 151 150 151 159 152 160 152 161 152 161 153 160 153 162 153 161 154 162 154 163 154 163 155 162 155 164 155 163 156 164 156 165 156 165 157 164 157 166 157 165 158 166 158 167 158 167 159 166 159 168 159 167 160 168 160 152 160 152 161 168 161 169 161 152 162 169 162 153 162 170 163 171 163 172 163 171 164 173 164 172 164 172 165 173 165 174 165 172 166 174 166 175 166 176 167 177 167 172 167 172 168 177 168 178 168 172 169 178 169 170 169 161 170 179 170 159 170 159 171 179 171 180 171 159 172 180 172 181 172 181 173 180 173 182 173 181 174 182 174 183 174 184 175 185 175 186 175 172 176 187 176 188 176 189 177 190 177 172 177 172 178 190 178 191 178 172 179 191 179 187 179 192 180 193 180 194 180 188 181 195 181 172 181 172 182 195 182 196 182 172 183 196 183 197 183 198 184 199 184 5 184 200 185 201 185 5 185 200 186 5 186 202 186 201 187 189 187 5 187 5 188 189 188 172 188 5 189 172 189 3 189 3 190 172 190 175 190 3 191 175 191 130 191 130 192 175 192 203 192 130 193 203 193 139 193 198 194 5 194 204 194 199 195 205 195 5 195 5 196 205 196 206 196 5 197 206 197 207 197 207 198 208 198 5 198 5 199 208 199 209 199 5 200 209 200 202 200 210 201 211 201 212 201 212 202 211 202 213 202 214 203 215 203 216 203 216 204 215 204 217 204 216 205 217 205 186 205 186 206 217 206 218 206 186 207 218 207 184 207 184 208 218 208 219 208 184 209 219 209 220 209 183 210 176 210 181 210 181 211 176 211 172 211 181 212 172 212 221 212 221 213 172 213 197 213 221 214 197 214 222 214 222 215 197 215 223 215 222 216 223 216 212 216 212 217 223 217 224 217 212 218 224 218 210 218 213 219 225 219 212 219 212 220 225 220 226 220 212 221 226 221 227 221 227 222 226 222 228 222 227 223 228 223 194 223 194 224 228 224 229 224 194 225 229 225 192 225 230 226 231 226 232 226 232 227 231 227 194 227 232 228 194 228 216 228 216 229 194 229 193 229 216 230 193 230 214 230 230 231 233 231 231 231 231 232 233 232 234 232 231 233 234 233 235 233 236 234 5 234 125 234 125 235 5 235 4 235 125 236 4 236 121 236 236 237 237 237 5 237 5 238 237 238 238 238 5 239 238 239 239 239 240 240 241 240 242 240 242 241 243 241 240 241 240 242 243 242 244 242 240 243 244 243 245 243 245 244 244 244 246 244 220 245 204 245 184 245 184 246 204 246 5 246 184 247 5 247 247 247 247 248 5 248 239 248 247 249 239 249 240 249 240 250 239 250 248 250 240 251 248 251 241 251 246 252 249 252 245 252 245 253 249 253 250 253 245 254 250 254 251 254 251 255 250 255 252 255 252 256 250 256 253 256 252 257 253 257 254 257 254 258 253 258 255 258 255 259 253 259 256 259 255 260 256 260 257 260 257 261 256 261 258 261 257 262 258 262 259 262 259 263 258 263 260 263 259 264 260 264 261 264 261 265 260 265 262 265 261 266 262 266 263 266 264 267 265 267 266 267 267 268 268 268 2 268 2 269 268 269 269 269 2 270 269 270 270 270 270 271 271 271 2 271 2 272 271 272 272 272 2 273 272 273 0 273 263 274 262 274 273 274 273 275 262 275 274 275 273 276 274 276 275 276 275 277 274 277 276 277 275 278 276 278 277 278 277 279 276 279 278 279 277 280 278 280 279 280 279 281 278 281 280 281 279 282 280 282 264 282 264 283 280 283 281 283 264 284 281 284 265 284 266 285 267 285 264 285 264 286 267 286 2 286 264 287 2 287 282 287 282 288 2 288 283 288 284 289 100 289 89 289 89 290 100 290 99 290 89 291 99 291 90 291 285 292 286 292 88 292 88 293 286 293 287 293 88 294 287 294 89 294 288 295 289 295 290 295 290 296 289 296 291 296 290 297 291 297 292 297 292 298 291 298 293 298 292 299 293 299 294 299 294 300 293 300 295 300 294 301 295 301 285 301 285 302 295 302 296 302 285 303 296 303 286 303 106 304 297 304 104 304 104 305 297 305 298 305 104 306 298 306 299 306 299 307 298 307 300 307 299 308 300 308 301 308 301 309 300 309 302 309 301 310 302 310 288 310 288 311 302 311 303 311 288 312 303 312 289 312 42 313 304 313 43 313 43 314 304 314 305 314 43 315 305 315 46 315 46 316 305 316 306 316 46 317 306 317 307 317 306 318 308 318 309 318 309 319 310 319 306 319 306 320 310 320 311 320 306 321 311 321 307 321 18 322 312 322 19 322 19 323 312 323 313 323 19 324 313 324 314 324 315 325 316 325 317 325 317 326 316 326 318 326 317 327 318 327 319 327 319 328 318 328 320 328 319 329 320 329 321 329 321 330 320 330 322 330 321 331 322 331 313 331 313 332 322 332 323 332 313 333 323 333 314 333 24 334 324 334 22 334 22 335 324 335 325 335 22 336 325 336 326 336 326 337 325 337 327 337 326 338 327 338 328 338 328 339 327 339 329 339 328 340 329 340 330 340 330 341 329 341 331 341 330 342 331 342 315 342 315 343 331 343 332 343 315 344 332 344 316 344 283 345 2 345 333 345 333 346 2 346 100 346 333 347 100 347 334 347 334 348 100 348 284 348 334 349 284 349 335 349 336 350 337 350 338 350 339 351 340 351 341 351 342 352 343 352 344 352 345 353 346 353 347 353 348 354 349 354 350 354 350 355 349 355 351 355 350 356 351 356 352 356 352 357 351 357 353 357 354 358 355 358 356 358 356 359 355 359 357 359 358 360 359 360 360 360 347 361 346 361 353 361 357 362 355 362 360 362 360 363 355 363 361 363 360 364 361 364 358 364 362 365 363 365 364 365 364 366 363 366 365 366 364 367 365 367 347 367 347 368 365 368 366 368 347 369 366 369 345 369 354 370 367 370 355 370 355 371 367 371 368 371 355 372 368 372 369 372 369 373 368 373 370 373 371 374 372 374 352 374 352 375 372 375 373 375 352 376 373 376 374 376 374 377 375 377 352 377 352 378 375 378 376 378 352 379 376 379 358 379 358 380 376 380 377 380 358 381 377 381 378 381 378 382 379 382 358 382 358 383 379 383 380 383 358 384 380 384 359 384 346 385 381 385 353 385 353 386 381 386 382 386 353 387 382 387 352 387 352 388 382 388 383 388 352 389 383 389 371 389 370 390 384 390 369 390 369 391 384 391 385 391 369 392 385 392 386 392 364 393 387 393 362 393 362 394 387 394 388 394 362 395 388 395 389 395 389 396 388 396 390 396 389 397 390 397 391 397 391 398 390 398 392 398 391 399 392 399 393 399 392 400 394 400 393 400 393 401 394 401 395 401 393 402 395 402 396 402 396 403 395 403 397 403 396 404 397 404 398 404 398 405 397 405 399 405 398 406 399 406 400 406 400 407 399 407 401 407 400 408 401 408 402 408 402 409 401 409 403 409 402 410 403 410 385 410 385 411 403 411 404 411 385 412 404 412 386 412 405 413 406 413 351 413 351 414 406 414 407 414 408 415 409 415 410 415 411 416 344 416 412 416 412 417 344 417 413 417 412 418 413 418 414 418 414 419 413 419 415 419 416 420 417 420 418 420 418 421 417 421 419 421 418 422 419 422 420 422 409 423 421 423 410 423 410 424 421 424 422 424 410 425 422 425 423 425 423 426 422 426 424 426 423 427 424 427 425 427 425 428 424 428 413 428 413 429 424 429 426 429 413 430 426 430 415 430 411 431 427 431 344 431 344 432 427 432 428 432 344 433 428 433 418 433 418 434 428 434 429 434 418 435 429 435 416 435 430 436 431 436 432 436 432 437 431 437 433 437 407 438 434 438 351 438 351 439 434 439 435 439 351 440 435 440 436 440 436 441 437 441 351 441 351 442 437 442 438 442 351 443 438 443 353 443 353 444 438 444 439 444 353 445 439 445 432 445 432 446 439 446 440 446 432 447 440 447 430 447 433 448 441 448 432 448 432 449 441 449 442 449 432 450 442 450 443 450 443 451 442 451 444 451 443 452 444 452 445 452 445 453 444 453 446 453 445 454 446 454 447 454 447 455 446 455 448 455 447 456 448 456 449 456 449 457 408 457 447 457 447 458 408 458 410 458 447 459 410 459 450 459 450 460 410 460 451 460 450 461 451 461 452 461 452 462 453 462 450 462 450 463 453 463 454 463 450 464 454 464 455 464 456 465 457 465 458 465 342 466 459 466 343 466 343 467 459 467 460 467 343 468 460 468 461 468 458 469 462 469 456 469 456 470 462 470 463 470 456 471 463 471 464 471 465 472 466 472 467 472 461 473 468 473 343 473 343 474 468 474 469 474 343 475 469 475 470 475 470 476 469 476 471 476 466 477 472 477 467 477 467 478 472 478 473 478 467 479 473 479 474 479 475 480 476 480 477 480 477 481 476 481 478 481 477 482 478 482 479 482 474 483 480 483 467 483 467 484 480 484 481 484 467 485 481 485 482 485 482 486 483 486 467 486 467 487 483 487 484 487 467 488 484 488 477 488 477 489 484 489 485 489 477 490 485 490 475 490 471 491 486 491 470 491 470 492 486 492 487 492 470 493 487 493 488 493 456 494 489 494 457 494 457 495 489 495 490 495 457 496 490 496 491 496 491 497 490 497 492 497 491 498 492 498 493 498 493 499 492 499 494 499 493 500 494 500 495 500 494 501 496 501 495 501 495 502 496 502 497 502 495 503 497 503 498 503 498 504 497 504 499 504 498 505 499 505 500 505 500 506 499 506 501 506 500 507 501 507 502 507 502 508 501 508 503 508 502 509 503 509 504 509 504 510 503 510 505 510 504 511 505 511 487 511 487 512 505 512 506 512 487 513 506 513 488 513 467 514 507 514 508 514 464 515 465 515 456 515 456 516 465 516 467 516 456 517 467 517 509 517 509 518 467 518 508 518 510 519 511 519 512 519 479 520 342 520 477 520 477 521 342 521 344 521 477 522 344 522 513 522 513 523 344 523 418 523 513 524 418 524 512 524 512 525 418 525 514 525 512 526 514 526 510 526 510 527 514 527 515 527 516 528 517 528 518 528 518 529 517 529 519 529 518 530 519 530 520 530 521 531 339 531 522 531 522 532 339 532 341 532 522 533 341 533 517 533 517 534 341 534 523 534 516 535 524 535 517 535 517 536 524 536 525 536 517 537 525 537 522 537 522 538 525 538 526 538 526 539 527 539 522 539 522 540 527 540 528 540 522 541 528 541 529 541 529 542 530 542 522 542 522 543 530 543 531 543 522 544 531 544 521 544 521 545 531 545 532 545 521 546 532 546 533 546 533 547 534 547 521 547 521 548 534 548 535 548 521 549 535 549 536 549 535 550 537 550 536 550 536 551 537 551 538 551 536 552 538 552 539 552 539 553 538 553 540 553 541 554 542 554 543 554 543 555 542 555 544 555 543 556 544 556 545 556 545 557 544 557 546 557 545 558 546 558 547 558 547 559 546 559 548 559 547 560 548 560 540 560 540 561 548 561 549 561 540 562 549 562 539 562 550 563 551 563 552 563 552 564 551 564 553 564 552 565 553 565 554 565 554 566 553 566 555 566 554 567 555 567 556 567 556 568 555 568 557 568 556 569 557 569 541 569 541 570 557 570 558 570 541 571 558 571 542 571 559 572 520 572 560 572 560 573 520 573 519 573 560 574 519 574 418 574 418 575 519 575 561 575 418 576 561 576 514 576 514 577 561 577 562 577 514 578 562 578 515 578 563 579 564 579 560 579 560 580 564 580 565 580 560 581 565 581 566 581 566 582 567 582 560 582 560 583 567 583 568 583 560 584 568 584 559 584 552 585 569 585 550 585 550 586 569 586 570 586 550 587 570 587 571 587 571 588 570 588 572 588 571 589 572 589 573 589 574 590 575 590 338 590 338 591 575 591 576 591 338 592 576 592 336 592 574 593 577 593 575 593 575 594 577 594 578 594 575 595 578 595 579 595 580 596 581 596 582 596 582 597 581 597 583 597 584 598 585 598 560 598 560 599 585 599 586 599 587 600 588 600 589 600 589 601 588 601 590 601 573 602 563 602 571 602 571 603 563 603 560 603 571 604 560 604 591 604 591 605 560 605 586 605 591 606 586 606 581 606 581 607 586 607 592 607 581 608 592 608 583 608 580 609 593 609 581 609 581 610 593 610 594 610 581 611 594 611 595 611 595 612 594 612 596 612 595 613 596 613 597 613 597 614 596 614 598 614 597 615 598 615 599 615 599 616 598 616 600 616 599 617 600 617 601 617 602 618 603 618 560 618 560 619 603 619 604 619 605 620 606 620 607 620 607 621 606 621 575 621 607 622 575 622 608 622 608 623 575 623 579 623 609 624 610 624 588 624 604 625 611 625 560 625 560 626 611 626 612 626 560 627 612 627 584 627 610 628 613 628 588 628 588 629 613 629 614 629 588 630 614 630 590 630 605 631 615 631 606 631 606 632 615 632 616 632 606 633 616 633 588 633 588 634 616 634 617 634 588 635 617 635 609 635 601 636 338 636 599 636 599 637 338 637 337 637 599 638 337 638 618 638 618 639 337 639 619 639 618 640 619 640 620 640 620 641 621 641 618 641 618 642 621 642 622 642 618 643 622 643 623 643 624 644 625 644 626 644 627 645 588 645 628 645 628 646 588 646 629 646 630 647 606 647 631 647 631 648 606 648 588 648 631 649 588 649 632 649 632 650 588 650 627 650 631 651 633 651 630 651 630 652 633 652 634 652 630 653 634 653 635 653 635 654 636 654 630 654 630 655 636 655 637 655 630 656 637 656 626 656 626 657 637 657 638 657 626 658 638 658 624 658 639 659 640 659 625 659 625 660 640 660 641 660 625 661 641 661 626 661 642 662 643 662 644 662 644 663 643 663 645 663 644 664 645 664 646 664 646 665 645 665 647 665 646 666 647 666 648 666 648 667 647 667 649 667 648 668 649 668 639 668 639 669 649 669 650 669 639 670 650 670 640 670 651 671 652 671 653 671 653 672 652 672 654 672 653 673 654 673 655 673 655 674 654 674 656 674 655 675 656 675 657 675 657 676 656 676 658 676 657 677 658 677 642 677 642 678 658 678 659 678 642 679 659 679 643 679 660 680 661 680 662 680 663 681 662 681 664 681 664 682 662 682 651 682 664 683 651 683 665 683 665 684 651 684 653 684 666 685 667 685 660 685 660 686 667 686 668 686 660 687 668 687 669 687 663 688 670 688 662 688 662 689 670 689 671 689 662 690 671 690 660 690 660 691 671 691 672 691 660 692 672 692 666 692 349 693 673 693 351 693 351 694 673 694 674 694 351 695 674 695 588 695 588 696 674 696 675 696 588 697 675 697 629 697 629 698 675 698 676 698 669 699 677 699 660 699 660 700 677 700 678 700 660 701 678 701 679 701 679 702 678 702 680 702 679 703 680 703 675 703 675 704 680 704 681 704 675 705 681 705 676 705 587 706 602 706 588 706 588 707 602 707 560 707 588 708 560 708 351 708 351 709 560 709 418 709 351 710 418 710 405 710 405 711 418 711 420 711 181 712 630 712 626 712 181 713 626 713 159 713 159 714 626 714 641 714 159 715 641 715 160 715 160 716 641 716 640 716 160 717 640 717 162 717 162 718 640 718 650 718 162 719 650 719 164 719 164 720 650 720 649 720 164 721 649 721 166 721 166 722 649 722 647 722 166 723 647 723 168 723 168 724 647 724 645 724 168 725 645 725 169 725 169 726 645 726 643 726 169 727 643 727 153 727 153 728 643 728 659 728 153 729 659 729 155 729 155 730 659 730 658 730 155 731 658 731 157 731 157 732 658 732 656 732 157 733 656 733 158 733 158 734 656 734 654 734 158 735 654 735 150 735 150 736 654 736 652 736 150 737 652 737 151 737 151 738 652 738 651 738 151 739 651 739 133 739 133 740 651 740 662 740 133 741 662 741 136 741 222 742 575 742 221 742 221 743 575 743 606 743 221 744 606 744 181 744 181 745 606 745 630 745 184 746 581 746 595 746 184 747 595 747 185 747 185 748 595 748 597 748 185 749 597 749 186 749 186 750 597 750 216 750 216 751 597 751 599 751 216 752 599 752 232 752 599 753 618 753 232 753 232 754 618 754 623 754 232 755 623 755 230 755 230 756 623 756 622 756 230 757 622 757 233 757 233 758 622 758 621 758 233 759 621 759 234 759 234 760 621 760 620 760 234 761 620 761 235 761 235 762 620 762 619 762 235 763 619 763 231 763 231 764 619 764 194 764 194 765 619 765 337 765 194 766 337 766 227 766 337 767 336 767 227 767 227 768 336 768 576 768 227 769 576 769 212 769 212 770 576 770 575 770 212 771 575 771 222 771 240 772 571 772 247 772 247 773 571 773 591 773 247 774 591 774 184 774 184 775 591 775 581 775 282 776 339 776 521 776 282 777 521 777 264 777 264 778 521 778 536 778 264 779 536 779 279 779 279 780 536 780 539 780 279 781 539 781 277 781 277 782 539 782 549 782 277 783 549 783 275 783 275 784 549 784 548 784 275 785 548 785 273 785 273 786 548 786 546 786 273 787 546 787 263 787 263 788 546 788 544 788 263 789 544 789 261 789 261 790 544 790 542 790 261 791 542 791 259 791 259 792 542 792 558 792 259 793 558 793 257 793 257 794 558 794 557 794 257 795 557 795 255 795 255 796 557 796 555 796 255 797 555 797 254 797 254 798 555 798 553 798 254 799 553 799 252 799 252 800 553 800 551 800 252 801 551 801 251 801 251 802 551 802 550 802 251 803 550 803 245 803 245 804 550 804 571 804 245 805 571 805 240 805 340 806 339 806 283 806 283 807 339 807 282 807 340 808 283 808 341 808 341 809 283 809 333 809 334 810 515 810 333 810 333 811 515 811 523 811 333 812 523 812 341 812 508 813 507 813 335 813 335 814 507 814 511 814 335 815 511 815 334 815 334 816 511 816 510 816 334 817 510 817 515 817 509 818 508 818 284 818 284 819 508 819 335 819 93 820 343 820 470 820 93 821 470 821 106 821 106 822 470 822 488 822 106 823 488 823 297 823 297 824 488 824 506 824 297 825 506 825 298 825 298 826 506 826 505 826 298 827 505 827 300 827 300 828 505 828 503 828 300 829 503 829 302 829 302 830 503 830 501 830 302 831 501 831 303 831 303 832 501 832 499 832 303 833 499 833 289 833 289 834 499 834 497 834 289 835 497 835 291 835 291 836 497 836 496 836 291 837 496 837 293 837 293 838 496 838 494 838 293 839 494 839 295 839 295 840 494 840 492 840 295 841 492 841 296 841 296 842 492 842 490 842 296 843 490 843 286 843 286 844 490 844 489 844 286 845 489 845 287 845 287 846 489 846 456 846 287 847 456 847 89 847 89 848 456 848 509 848 89 849 509 849 284 849 50 850 413 850 48 850 48 851 413 851 344 851 48 852 344 852 93 852 93 853 344 853 343 853 44 854 432 854 443 854 44 855 443 855 42 855 42 856 443 856 445 856 42 857 445 857 304 857 304 858 445 858 305 858 305 859 445 859 447 859 305 860 447 860 306 860 447 861 450 861 306 861 306 862 450 862 455 862 306 863 455 863 308 863 308 864 455 864 454 864 308 865 454 865 309 865 309 866 454 866 453 866 309 867 453 867 310 867 310 868 453 868 452 868 310 869 452 869 311 869 311 870 452 870 451 870 311 871 451 871 307 871 307 872 451 872 46 872 46 873 451 873 410 873 46 874 410 874 65 874 410 875 423 875 65 875 65 876 423 876 425 876 65 877 425 877 63 877 63 878 425 878 413 878 63 879 413 879 50 879 12 880 347 880 73 880 73 881 347 881 353 881 73 882 353 882 44 882 44 883 353 883 432 883 14 884 355 884 369 884 14 885 369 885 24 885 24 886 369 886 386 886 24 887 386 887 324 887 324 888 386 888 404 888 324 889 404 889 325 889 325 890 404 890 403 890 325 891 403 891 327 891 327 892 403 892 401 892 327 893 401 893 329 893 329 894 401 894 399 894 329 895 399 895 331 895 331 896 399 896 397 896 331 897 397 897 332 897 332 898 397 898 395 898 332 899 395 899 316 899 316 900 395 900 394 900 316 901 394 901 318 901 318 902 394 902 392 902 318 903 392 903 320 903 320 904 392 904 390 904 320 905 390 905 322 905 322 906 390 906 388 906 322 907 388 907 323 907 323 908 388 908 387 908 323 909 387 909 314 909 314 910 387 910 364 910 314 911 364 911 19 911 19 912 364 912 347 912 19 913 347 913 12 913 361 914 355 914 9 914 9 915 355 915 14 915 129 916 144 916 661 916 661 917 660 917 129 917 129 918 660 918 679 918 129 919 679 919 127 919 361 920 9 920 358 920 358 921 9 921 7 921 679 922 673 922 127 922 127 923 673 923 349 923 127 924 349 924 7 924 7 925 349 925 348 925 7 926 348 926 358 926 662 927 661 927 136 927 136 928 661 928 144 928 138 929 671 929 146 929 146 930 671 930 670 930 146 931 670 931 147 931 147 932 670 932 663 932 147 933 663 933 148 933 148 934 663 934 664 934 148 935 664 935 131 935 131 936 664 936 665 936 131 937 665 937 132 937 132 938 665 938 653 938 132 939 653 939 149 939 149 940 653 940 655 940 149 941 655 941 156 941 156 942 655 942 657 942 156 943 657 943 154 943 154 944 657 944 642 944 154 945 642 945 152 945 152 946 642 946 644 946 152 947 644 947 167 947 167 948 644 948 646 948 167 949 646 949 165 949 165 950 646 950 648 950 165 951 648 951 163 951 163 952 648 952 639 952 163 953 639 953 161 953 161 954 639 954 625 954 161 955 625 955 179 955 179 956 625 956 624 956 179 957 624 957 180 957 180 958 624 958 638 958 180 959 638 959 182 959 182 960 638 960 637 960 182 961 637 961 183 961 183 962 637 962 636 962 183 963 636 963 176 963 176 964 636 964 635 964 176 965 635 965 177 965 177 966 635 966 634 966 177 967 634 967 178 967 178 968 634 968 633 968 178 969 633 969 170 969 170 970 633 970 631 970 170 971 631 971 171 971 171 972 631 972 632 972 171 973 632 973 173 973 173 974 632 974 627 974 173 975 627 975 174 975 174 976 627 976 628 976 174 977 628 977 175 977 175 978 628 978 629 978 175 979 629 979 203 979 203 980 629 980 676 980 203 981 676 981 139 981 139 982 676 982 681 982 139 983 681 983 140 983 140 984 681 984 680 984 140 985 680 985 141 985 141 986 680 986 678 986 141 987 678 987 142 987 142 988 678 988 677 988 142 989 677 989 143 989 143 990 677 990 669 990 143 991 669 991 145 991 145 992 669 992 668 992 145 993 668 993 134 993 134 994 668 994 667 994 134 995 667 995 135 995 135 996 667 996 666 996 135 997 666 997 137 997 137 998 666 998 672 998 137 999 672 999 138 999 138 1000 672 1000 671 1000 74 1001 430 1001 72 1001 72 1002 430 1002 440 1002 72 1003 440 1003 79 1003 79 1004 440 1004 439 1004 79 1005 439 1005 80 1005 80 1006 439 1006 438 1006 80 1007 438 1007 81 1007 81 1008 438 1008 437 1008 81 1009 437 1009 85 1009 85 1010 437 1010 436 1010 85 1011 436 1011 86 1011 86 1012 436 1012 435 1012 86 1013 435 1013 68 1013 68 1014 435 1014 434 1014 68 1015 434 1015 69 1015 69 1016 434 1016 407 1016 69 1017 407 1017 70 1017 70 1018 407 1018 406 1018 70 1019 406 1019 71 1019 71 1020 406 1020 405 1020 71 1021 405 1021 58 1021 58 1022 405 1022 420 1022 58 1023 420 1023 59 1023 59 1024 420 1024 419 1024 59 1025 419 1025 60 1025 60 1026 419 1026 417 1026 60 1027 417 1027 53 1027 53 1028 417 1028 416 1028 53 1029 416 1029 54 1029 54 1030 416 1030 429 1030 54 1031 429 1031 49 1031 49 1032 429 1032 428 1032 49 1033 428 1033 51 1033 51 1034 428 1034 427 1034 51 1035 427 1035 55 1035 55 1036 427 1036 411 1036 55 1037 411 1037 56 1037 56 1038 411 1038 412 1038 56 1039 412 1039 57 1039 57 1040 412 1040 414 1040 57 1041 414 1041 61 1041 61 1042 414 1042 415 1042 61 1043 415 1043 62 1043 62 1044 415 1044 426 1044 62 1045 426 1045 64 1045 64 1046 426 1046 424 1046 64 1047 424 1047 66 1047 66 1048 424 1048 422 1048 66 1049 422 1049 67 1049 67 1050 422 1050 421 1050 67 1051 421 1051 47 1051 47 1052 421 1052 409 1052 47 1053 409 1053 43 1053 43 1054 409 1054 408 1054 43 1055 408 1055 45 1055 45 1056 408 1056 449 1056 45 1057 449 1057 76 1057 76 1058 449 1058 448 1058 76 1059 448 1059 77 1059 77 1060 448 1060 446 1060 77 1061 446 1061 78 1061 78 1062 446 1062 444 1062 78 1063 444 1063 82 1063 82 1064 444 1064 442 1064 82 1065 442 1065 83 1065 83 1066 442 1066 441 1066 83 1067 441 1067 84 1067 84 1068 441 1068 433 1068 84 1069 433 1069 75 1069 75 1070 433 1070 431 1070 75 1071 431 1071 74 1071 74 1072 431 1072 430 1072 16 1073 354 1073 17 1073 17 1074 354 1074 356 1074 17 1075 356 1075 27 1075 27 1076 356 1076 357 1076 27 1077 357 1077 28 1077 28 1078 357 1078 360 1078 28 1079 360 1079 29 1079 29 1080 360 1080 359 1080 29 1081 359 1081 30 1081 30 1082 359 1082 380 1082 30 1083 380 1083 33 1083 33 1084 380 1084 379 1084 33 1085 379 1085 34 1085 34 1086 379 1086 378 1086 34 1087 378 1087 31 1087 31 1088 378 1088 377 1088 31 1089 377 1089 32 1089 32 1090 377 1090 376 1090 32 1091 376 1091 38 1091 38 1092 376 1092 375 1092 38 1093 375 1093 37 1093 37 1094 375 1094 374 1094 37 1095 374 1095 35 1095 35 1096 374 1096 373 1096 35 1097 373 1097 39 1097 39 1098 373 1098 372 1098 39 1099 372 1099 40 1099 40 1100 372 1100 371 1100 40 1101 371 1101 41 1101 41 1102 371 1102 383 1102 41 1103 383 1103 10 1103 10 1104 383 1104 382 1104 10 1105 382 1105 11 1105 11 1106 382 1106 381 1106 11 1107 381 1107 13 1107 13 1108 381 1108 346 1108 13 1109 346 1109 21 1109 21 1110 346 1110 345 1110 21 1111 345 1111 20 1111 20 1112 345 1112 366 1112 20 1113 366 1113 18 1113 18 1114 366 1114 365 1114 18 1115 365 1115 312 1115 312 1116 365 1116 363 1116 312 1117 363 1117 313 1117 313 1118 363 1118 362 1118 313 1119 362 1119 321 1119 321 1120 362 1120 389 1120 321 1121 389 1121 319 1121 319 1122 389 1122 391 1122 319 1123 391 1123 317 1123 317 1124 391 1124 393 1124 317 1125 393 1125 315 1125 315 1126 393 1126 396 1126 315 1127 396 1127 330 1127 330 1128 396 1128 398 1128 330 1129 398 1129 328 1129 328 1130 398 1130 400 1130 328 1131 400 1131 326 1131 326 1132 400 1132 402 1132 326 1133 402 1133 22 1133 22 1134 402 1134 385 1134 22 1135 385 1135 23 1135 23 1136 385 1136 384 1136 23 1137 384 1137 25 1137 25 1138 384 1138 370 1138 25 1139 370 1139 26 1139 26 1140 370 1140 368 1140 26 1141 368 1141 15 1141 15 1142 368 1142 367 1142 15 1143 367 1143 16 1143 16 1144 367 1144 354 1144 224 1145 616 1145 210 1145 210 1146 616 1146 615 1146 210 1147 615 1147 211 1147 211 1148 615 1148 605 1148 211 1149 605 1149 213 1149 213 1150 605 1150 607 1150 213 1151 607 1151 225 1151 225 1152 607 1152 608 1152 225 1153 608 1153 226 1153 226 1154 608 1154 579 1154 226 1155 579 1155 228 1155 228 1156 579 1156 578 1156 228 1157 578 1157 229 1157 229 1158 578 1158 577 1158 229 1159 577 1159 192 1159 192 1160 577 1160 574 1160 192 1161 574 1161 193 1161 193 1162 574 1162 338 1162 193 1163 338 1163 214 1163 214 1164 338 1164 601 1164 214 1165 601 1165 215 1165 215 1166 601 1166 600 1166 215 1167 600 1167 217 1167 217 1168 600 1168 598 1168 217 1169 598 1169 218 1169 218 1170 598 1170 596 1170 218 1171 596 1171 219 1171 219 1172 596 1172 594 1172 219 1173 594 1173 220 1173 220 1174 594 1174 593 1174 220 1175 593 1175 204 1175 204 1176 593 1176 580 1176 204 1177 580 1177 198 1177 198 1178 580 1178 582 1178 198 1179 582 1179 199 1179 199 1180 582 1180 583 1180 199 1181 583 1181 205 1181 205 1182 583 1182 592 1182 205 1183 592 1183 206 1183 206 1184 592 1184 586 1184 206 1185 586 1185 207 1185 207 1186 586 1186 585 1186 207 1187 585 1187 208 1187 208 1188 585 1188 584 1188 208 1189 584 1189 209 1189 209 1190 584 1190 612 1190 209 1191 612 1191 202 1191 202 1192 612 1192 611 1192 202 1193 611 1193 200 1193 200 1194 611 1194 604 1194 200 1195 604 1195 201 1195 201 1196 604 1196 603 1196 201 1197 603 1197 189 1197 189 1198 603 1198 602 1198 189 1199 602 1199 190 1199 190 1200 602 1200 587 1200 190 1201 587 1201 191 1201 191 1202 587 1202 589 1202 191 1203 589 1203 187 1203 187 1204 589 1204 590 1204 187 1205 590 1205 188 1205 188 1206 590 1206 614 1206 188 1207 614 1207 195 1207 195 1208 614 1208 613 1208 195 1209 613 1209 196 1209 196 1210 613 1210 610 1210 196 1211 610 1211 197 1211 197 1212 610 1212 609 1212 197 1213 609 1213 223 1213 223 1214 609 1214 617 1214 223 1215 617 1215 224 1215 224 1216 617 1216 616 1216 242 1217 563 1217 243 1217 243 1218 563 1218 573 1218 243 1219 573 1219 244 1219 244 1220 573 1220 572 1220 244 1221 572 1221 246 1221 246 1222 572 1222 570 1222 246 1223 570 1223 249 1223 249 1224 570 1224 569 1224 249 1225 569 1225 250 1225 250 1226 569 1226 552 1226 250 1227 552 1227 253 1227 253 1228 552 1228 554 1228 253 1229 554 1229 256 1229 256 1230 554 1230 556 1230 256 1231 556 1231 258 1231 258 1232 556 1232 541 1232 258 1233 541 1233 260 1233 260 1234 541 1234 543 1234 260 1235 543 1235 262 1235 262 1236 543 1236 545 1236 262 1237 545 1237 274 1237 274 1238 545 1238 547 1238 274 1239 547 1239 276 1239 276 1240 547 1240 540 1240 276 1241 540 1241 278 1241 278 1242 540 1242 538 1242 278 1243 538 1243 280 1243 280 1244 538 1244 537 1244 280 1245 537 1245 281 1245 281 1246 537 1246 535 1246 281 1247 535 1247 265 1247 265 1248 535 1248 534 1248 265 1249 534 1249 266 1249 266 1250 534 1250 533 1250 266 1251 533 1251 267 1251 267 1252 533 1252 532 1252 267 1253 532 1253 268 1253 268 1254 532 1254 531 1254 268 1255 531 1255 269 1255 269 1256 531 1256 530 1256 269 1257 530 1257 270 1257 270 1258 530 1258 529 1258 270 1259 529 1259 271 1259 271 1260 529 1260 528 1260 271 1261 528 1261 272 1261 272 1262 528 1262 527 1262 272 1263 527 1263 0 1263 0 1264 527 1264 526 1264 0 1265 526 1265 1 1265 1 1266 526 1266 525 1266 1 1267 525 1267 126 1267 126 1268 525 1268 524 1268 126 1269 524 1269 123 1269 123 1270 524 1270 516 1270 123 1271 516 1271 124 1271 124 1272 516 1272 518 1272 124 1273 518 1273 125 1273 125 1274 518 1274 520 1274 125 1275 520 1275 236 1275 236 1276 520 1276 559 1276 236 1277 559 1277 237 1277 237 1278 559 1278 568 1278 237 1279 568 1279 238 1279 238 1280 568 1280 567 1280 238 1281 567 1281 239 1281 239 1282 567 1282 566 1282 239 1283 566 1283 248 1283 248 1284 566 1284 565 1284 248 1285 565 1285 241 1285 241 1286 565 1286 564 1286 241 1287 564 1287 242 1287 242 1288 564 1288 563 1288 97 1289 461 1289 96 1289 96 1290 461 1290 460 1290 96 1291 460 1291 109 1291 109 1292 460 1292 459 1292 109 1293 459 1293 110 1293 110 1294 459 1294 342 1294 110 1295 342 1295 111 1295 111 1296 342 1296 479 1296 111 1297 479 1297 112 1297 112 1298 479 1298 478 1298 112 1299 478 1299 113 1299 113 1300 478 1300 476 1300 113 1301 476 1301 114 1301 114 1302 476 1302 475 1302 114 1303 475 1303 115 1303 115 1304 475 1304 485 1304 115 1305 485 1305 116 1305 116 1306 485 1306 484 1306 116 1307 484 1307 117 1307 117 1308 484 1308 483 1308 117 1309 483 1309 118 1309 118 1310 483 1310 482 1310 118 1311 482 1311 119 1311 119 1312 482 1312 481 1312 119 1313 481 1313 120 1313 120 1314 481 1314 480 1314 120 1315 480 1315 103 1315 103 1316 480 1316 474 1316 103 1317 474 1317 102 1317 102 1318 474 1318 473 1318 102 1319 473 1319 101 1319 101 1320 473 1320 472 1320 101 1321 472 1321 99 1321 99 1322 472 1322 466 1322 99 1323 466 1323 90 1323 90 1324 466 1324 465 1324 90 1325 465 1325 91 1325 91 1326 465 1326 464 1326 91 1327 464 1327 94 1327 94 1328 464 1328 463 1328 94 1329 463 1329 95 1329 95 1330 463 1330 462 1330 95 1331 462 1331 87 1331 87 1332 462 1332 458 1332 87 1333 458 1333 88 1333 88 1334 458 1334 457 1334 88 1335 457 1335 285 1335 285 1336 457 1336 491 1336 285 1337 491 1337 294 1337 294 1338 491 1338 493 1338 294 1339 493 1339 292 1339 292 1340 493 1340 495 1340 292 1341 495 1341 290 1341 290 1342 495 1342 498 1342 290 1343 498 1343 288 1343 288 1344 498 1344 500 1344 288 1345 500 1345 301 1345 301 1346 500 1346 502 1346 301 1347 502 1347 299 1347 299 1348 502 1348 504 1348 299 1349 504 1349 104 1349 104 1350 504 1350 487 1350 104 1351 487 1351 105 1351 105 1352 487 1352 486 1352 105 1353 486 1353 107 1353 107 1354 486 1354 471 1354 107 1355 471 1355 108 1355 108 1356 471 1356 469 1356 108 1357 469 1357 98 1357 98 1358 469 1358 468 1358 98 1359 468 1359 97 1359 97 1360 468 1360 461 1360 682 1361 683 1361 507 1361 507 1362 683 1362 511 1362 684 1363 685 1363 686 1363 686 1364 685 1364 687 1364 477 1365 686 1365 467 1365 467 1366 686 1366 687 1366 467 1367 687 1367 507 1367 507 1368 687 1368 682 1368 684 1369 686 1369 513 1369 513 1370 686 1370 477 1370 685 1371 684 1371 513 1371 513 1372 512 1372 685 1372 685 1373 512 1373 511 1373 685 1374 511 1374 683 1374 687 1375 685 1375 682 1375 682 1376 685 1376 683 1376 688 1377 689 1377 679 1377 679 1378 689 1378 673 1378 690 1379 691 1379 692 1379 692 1380 691 1380 693 1380 689 1381 692 1381 673 1381 673 1382 692 1382 693 1382 673 1383 693 1383 674 1383 690 1384 692 1384 688 1384 688 1385 692 1385 689 1385 675 1386 691 1386 679 1386 679 1387 691 1387 690 1387 679 1388 690 1388 688 1388 693 1389 691 1389 674 1389 674 1390 691 1390 675 1390 694 1391 695 1391 515 1391 515 1392 695 1392 523 1392 696 1393 697 1393 698 1393 698 1394 697 1394 699 1394 561 1395 698 1395 562 1395 562 1396 698 1396 699 1396 562 1397 699 1397 515 1397 515 1398 699 1398 694 1398 696 1399 698 1399 519 1399 519 1400 698 1400 561 1400 697 1401 696 1401 519 1401 519 1402 517 1402 697 1402 697 1403 517 1403 523 1403 697 1404 523 1404 695 1404 699 1405 697 1405 694 1405 694 1406 697 1406 695 1406 700 1407 701 1407 348 1407 348 1408 701 1408 358 1408 702 1409 703 1409 704 1409 704 1410 703 1410 705 1410 701 1411 704 1411 358 1411 358 1412 704 1412 705 1412 358 1413 705 1413 352 1413 702 1414 704 1414 700 1414 700 1415 704 1415 701 1415 350 1416 703 1416 348 1416 348 1417 703 1417 702 1417 348 1418 702 1418 700 1418 705 1419 703 1419 352 1419 352 1420 703 1420 350 1420 706 1421 707 1421 7 1421 7 1422 707 1422 127 1422 708 1423 709 1423 710 1423 711 1424 712 1424 713 1424 714 1425 715 1425 713 1425 713 1426 715 1426 708 1426 713 1427 708 1427 711 1427 711 1428 708 1428 710 1428 713 1429 128 1429 714 1429 714 1430 128 1430 127 1430 714 1431 127 1431 707 1431 715 1432 714 1432 706 1432 706 1433 714 1433 707 1433 6 1434 708 1434 7 1434 7 1435 708 1435 715 1435 7 1436 715 1436 706 1436 709 1437 708 1437 8 1437 8 1438 708 1438 6 1438 709 1439 8 1439 36 1439 709 1440 36 1440 710 1440 710 1441 36 1441 52 1441 710 1442 52 1442 92 1442 121 1443 711 1443 122 1443 122 1444 711 1444 710 1444 122 1445 710 1445 92 1445 711 1446 121 1446 4 1446 711 1447 4 1447 712 1447 712 1448 4 1448 3 1448 712 1449 3 1449 130 1449 713 1450 712 1450 128 1450 128 1451 712 1451 130 1451 716 1452 717 1452 718 1452 719 1453 720 1453 721 1453 722 1454 723 1454 724 1454 724 1455 723 1455 725 1455 724 1456 725 1456 726 1456 727 1457 728 1457 729 1457 729 1458 728 1458 730 1458 729 1459 730 1459 731 1459 731 1460 732 1460 729 1460 729 1461 732 1461 733 1461 729 1462 733 1462 721 1462 721 1463 733 1463 734 1463 721 1464 734 1464 719 1464 735 1465 736 1465 737 1465 737 1466 736 1466 721 1466 737 1467 721 1467 738 1467 738 1468 721 1468 720 1468 726 1469 739 1469 724 1469 724 1470 739 1470 740 1470 724 1471 740 1471 718 1471 718 1472 740 1472 741 1472 718 1473 741 1473 716 1473 742 1474 718 1474 743 1474 743 1475 744 1475 742 1475 742 1476 744 1476 745 1476 742 1477 745 1477 746 1477 735 1478 747 1478 736 1478 736 1479 747 1479 748 1479 736 1480 748 1480 749 1480 717 1481 750 1481 718 1481 718 1482 750 1482 751 1482 718 1483 751 1483 743 1483 749 1484 752 1484 736 1484 736 1485 752 1485 753 1485 736 1486 753 1486 724 1486 724 1487 753 1487 754 1487 724 1488 754 1488 722 1488 746 1489 755 1489 742 1489 742 1490 755 1490 756 1490 742 1491 756 1491 729 1491 729 1492 756 1492 757 1492 729 1493 757 1493 727 1493 758 1494 759 1494 729 1494 729 1495 759 1495 742 1495 760 1496 758 1496 721 1496 721 1497 758 1497 729 1497 761 1498 760 1498 736 1498 736 1499 760 1499 721 1499 762 1500 761 1500 724 1500 724 1501 761 1501 736 1501 763 1502 762 1502 718 1502 718 1503 762 1503 724 1503 759 1504 763 1504 742 1504 742 1505 763 1505 718 1505 717 1506 764 1506 750 1506 750 1507 764 1507 765 1507 750 1508 765 1508 751 1508 751 1509 765 1509 766 1509 751 1510 766 1510 743 1510 743 1511 766 1511 767 1511 743 1512 767 1512 744 1512 744 1513 767 1513 768 1513 744 1514 768 1514 745 1514 745 1515 768 1515 769 1515 745 1516 769 1516 746 1516 746 1517 769 1517 770 1517 746 1518 770 1518 755 1518 755 1519 770 1519 771 1519 755 1520 771 1520 756 1520 756 1521 771 1521 772 1521 756 1522 772 1522 757 1522 757 1523 772 1523 773 1523 757 1524 773 1524 727 1524 727 1525 773 1525 774 1525 727 1526 774 1526 728 1526 728 1527 774 1527 775 1527 728 1528 775 1528 730 1528 730 1529 775 1529 776 1529 730 1530 776 1530 731 1530 731 1531 776 1531 777 1531 731 1532 777 1532 732 1532 732 1533 777 1533 778 1533 732 1534 778 1534 733 1534 733 1535 778 1535 779 1535 733 1536 779 1536 734 1536 734 1537 779 1537 780 1537 734 1538 780 1538 719 1538 719 1539 780 1539 781 1539 719 1540 781 1540 720 1540 720 1541 781 1541 782 1541 720 1542 782 1542 738 1542 738 1543 782 1543 783 1543 738 1544 783 1544 737 1544 737 1545 783 1545 784 1545 737 1546 784 1546 735 1546 735 1547 784 1547 785 1547 735 1548 785 1548 747 1548 747 1549 785 1549 786 1549 747 1550 786 1550 748 1550 748 1551 786 1551 787 1551 748 1552 787 1552 749 1552 749 1553 787 1553 788 1553 749 1554 788 1554 752 1554 752 1555 788 1555 789 1555 752 1556 789 1556 753 1556 753 1557 789 1557 790 1557 753 1558 790 1558 754 1558 754 1559 790 1559 791 1559 754 1560 791 1560 722 1560 722 1561 791 1561 792 1561 722 1562 792 1562 723 1562 723 1563 792 1563 793 1563 723 1564 793 1564 725 1564 725 1565 793 1565 794 1565 725 1566 794 1566 726 1566 726 1567 794 1567 795 1567 726 1568 795 1568 739 1568 739 1569 795 1569 796 1569 739 1570 796 1570 740 1570 740 1571 796 1571 797 1571 740 1572 797 1572 741 1572 741 1573 797 1573 798 1573 741 1574 798 1574 716 1574 716 1575 798 1575 799 1575 716 1576 799 1576 717 1576 717 1577 799 1577 764 1577 800 1578 801 1578 802 1578 802 1579 801 1579 803 1579 804 1580 805 1580 806 1580 806 1581 805 1581 802 1581 806 1582 802 1582 807 1582 807 1583 802 1583 803 1583 808 1584 809 1584 810 1584 810 1585 809 1585 811 1585 812 1586 813 1586 814 1586 814 1587 813 1587 815 1587 812 1588 816 1588 813 1588 813 1589 816 1589 817 1589 813 1590 817 1590 802 1590 802 1591 817 1591 818 1591 802 1592 818 1592 800 1592 804 1593 819 1593 805 1593 805 1594 819 1594 820 1594 805 1595 820 1595 821 1595 821 1596 822 1596 805 1596 805 1597 822 1597 823 1597 805 1598 823 1598 809 1598 809 1599 823 1599 824 1599 809 1600 824 1600 811 1600 825 1601 826 1601 827 1601 827 1602 826 1602 809 1602 827 1603 809 1603 828 1603 828 1604 809 1604 808 1604 829 1605 830 1605 831 1605 831 1606 832 1606 813 1606 813 1607 832 1607 833 1607 813 1608 833 1608 815 1608 825 1609 834 1609 826 1609 826 1610 834 1610 835 1610 826 1611 835 1611 836 1611 830 1612 837 1612 831 1612 831 1613 837 1613 838 1613 831 1614 838 1614 832 1614 836 1615 839 1615 826 1615 826 1616 839 1616 840 1616 826 1617 840 1617 831 1617 831 1618 840 1618 841 1618 831 1619 841 1619 829 1619 842 1620 843 1620 831 1620 831 1621 843 1621 826 1621 844 1622 842 1622 813 1622 813 1623 842 1623 831 1623 845 1624 844 1624 802 1624 802 1625 844 1625 813 1625 846 1626 845 1626 805 1626 805 1627 845 1627 802 1627 847 1628 846 1628 809 1628 809 1629 846 1629 805 1629 843 1630 847 1630 826 1630 826 1631 847 1631 809 1631 808 1632 848 1632 828 1632 828 1633 848 1633 849 1633 828 1634 849 1634 827 1634 827 1635 849 1635 850 1635 827 1636 850 1636 825 1636 825 1637 850 1637 851 1637 825 1638 851 1638 834 1638 834 1639 851 1639 852 1639 834 1640 852 1640 835 1640 835 1641 852 1641 853 1641 835 1642 853 1642 836 1642 836 1643 853 1643 854 1643 836 1644 854 1644 839 1644 839 1645 854 1645 855 1645 839 1646 855 1646 840 1646 840 1647 855 1647 856 1647 840 1648 856 1648 841 1648 841 1649 856 1649 857 1649 841 1650 857 1650 829 1650 829 1651 857 1651 858 1651 829 1652 858 1652 830 1652 830 1653 858 1653 859 1653 830 1654 859 1654 837 1654 837 1655 859 1655 860 1655 837 1656 860 1656 838 1656 838 1657 860 1657 861 1657 838 1658 861 1658 832 1658 832 1659 861 1659 862 1659 832 1660 862 1660 833 1660 833 1661 862 1661 863 1661 833 1662 863 1662 815 1662 815 1663 863 1663 864 1663 815 1664 864 1664 814 1664 814 1665 864 1665 865 1665 814 1666 865 1666 812 1666 812 1667 865 1667 866 1667 812 1668 866 1668 816 1668 816 1669 866 1669 867 1669 816 1670 867 1670 817 1670 817 1671 867 1671 868 1671 817 1672 868 1672 818 1672 818 1673 868 1673 869 1673 818 1674 869 1674 800 1674 800 1675 869 1675 870 1675 800 1676 870 1676 801 1676 801 1677 870 1677 871 1677 801 1678 871 1678 803 1678 803 1679 871 1679 872 1679 803 1680 872 1680 807 1680 807 1681 872 1681 873 1681 807 1682 873 1682 806 1682 806 1683 873 1683 874 1683 806 1684 874 1684 804 1684 804 1685 874 1685 875 1685 804 1686 875 1686 819 1686 819 1687 875 1687 876 1687 819 1688 876 1688 820 1688 820 1689 876 1689 877 1689 820 1690 877 1690 821 1690 821 1691 877 1691 878 1691 821 1692 878 1692 822 1692 822 1693 878 1693 879 1693 822 1694 879 1694 823 1694 823 1695 879 1695 880 1695 823 1696 880 1696 824 1696 824 1697 880 1697 881 1697 824 1698 881 1698 811 1698 811 1699 881 1699 882 1699 811 1700 882 1700 810 1700 810 1701 882 1701 883 1701 810 1702 883 1702 808 1702 808 1703 883 1703 848 1703 884 1704 885 1704 886 1704 886 1705 885 1705 887 1705 886 1706 887 1706 888 1706 888 1707 887 1707 889 1707 888 1708 889 1708 890 1708 890 1709 889 1709 891 1709 890 1710 891 1710 892 1710 892 1711 891 1711 893 1711 892 1712 893 1712 894 1712 894 1713 893 1713 895 1713 894 1714 895 1714 896 1714 896 1715 895 1715 897 1715 896 1716 897 1716 898 1716 898 1717 897 1717 899 1717 898 1718 899 1718 900 1718 900 1719 899 1719 901 1719 900 1720 901 1720 902 1720 902 1721 901 1721 903 1721 902 1722 903 1722 904 1722 904 1723 903 1723 905 1723 904 1724 905 1724 906 1724 906 1725 905 1725 907 1725 906 1726 907 1726 908 1726 908 1727 907 1727 909 1727 908 1728 909 1728 910 1728 910 1729 909 1729 911 1729 910 1730 911 1730 912 1730 912 1731 911 1731 913 1731 912 1732 913 1732 914 1732 914 1733 913 1733 915 1733 914 1734 915 1734 916 1734 916 1735 915 1735 917 1735 916 1736 917 1736 918 1736 918 1737 917 1737 919 1737 918 1738 919 1738 920 1738 920 1739 919 1739 921 1739 920 1740 921 1740 922 1740 922 1741 921 1741 923 1741 922 1742 923 1742 924 1742 924 1743 923 1743 925 1743 924 1744 925 1744 926 1744 926 1745 925 1745 927 1745 926 1746 927 1746 928 1746 928 1747 927 1747 929 1747 928 1748 929 1748 930 1748 930 1749 929 1749 931 1749 930 1750 931 1750 932 1750 932 1751 931 1751 933 1751 932 1752 933 1752 934 1752 934 1753 933 1753 935 1753 934 1754 935 1754 936 1754 936 1755 935 1755 937 1755 936 1756 937 1756 938 1756 938 1757 937 1757 939 1757 938 1758 939 1758 940 1758 940 1759 939 1759 941 1759 940 1760 941 1760 942 1760 942 1761 941 1761 943 1761 942 1762 943 1762 944 1762 944 1763 943 1763 945 1763 944 1764 945 1764 946 1764 946 1765 945 1765 947 1765 946 1766 947 1766 948 1766 948 1767 947 1767 949 1767 948 1768 949 1768 950 1768 950 1769 949 1769 951 1769 950 1770 951 1770 952 1770 952 1771 951 1771 953 1771 952 1772 953 1772 954 1772 954 1773 953 1773 955 1773 954 1774 955 1774 884 1774 884 1775 955 1775 885 1775 956 1776 957 1776 958 1776 958 1777 957 1777 959 1777 957 1778 960 1778 959 1778 959 1779 960 1779 961 1779 960 1780 962 1780 961 1780 961 1781 962 1781 963 1781 962 1782 964 1782 963 1782 963 1783 964 1783 965 1783 964 1784 966 1784 965 1784 965 1785 966 1785 967 1785 966 1786 956 1786 967 1786 967 1787 956 1787 958 1787 942 1788 944 1788 961 1788 942 1789 961 1789 940 1789 944 1790 946 1790 961 1790 961 1791 946 1791 948 1791 961 1792 948 1792 959 1792 959 1793 948 1793 950 1793 959 1794 950 1794 952 1794 894 1795 896 1795 958 1795 963 1796 936 1796 961 1796 961 1797 936 1797 938 1797 961 1798 938 1798 940 1798 952 1799 954 1799 959 1799 959 1800 954 1800 884 1800 959 1801 884 1801 886 1801 886 1802 888 1802 959 1802 959 1803 888 1803 890 1803 959 1804 890 1804 958 1804 958 1805 890 1805 892 1805 958 1806 892 1806 894 1806 930 1807 932 1807 963 1807 963 1808 932 1808 934 1808 963 1809 934 1809 936 1809 904 1810 906 1810 967 1810 896 1811 898 1811 958 1811 958 1812 898 1812 900 1812 958 1813 900 1813 967 1813 967 1814 900 1814 902 1814 967 1815 902 1815 904 1815 967 1816 912 1816 965 1816 965 1817 912 1817 914 1817 965 1818 914 1818 916 1818 916 1819 918 1819 965 1819 965 1820 918 1820 920 1820 965 1821 920 1821 922 1821 922 1822 924 1822 965 1822 965 1823 924 1823 926 1823 965 1824 926 1824 963 1824 963 1825 926 1825 928 1825 963 1826 928 1826 930 1826 906 1827 908 1827 967 1827 967 1828 908 1828 910 1828 967 1829 910 1829 912 1829 968 1830 969 1830 970 1830 970 1831 969 1831 971 1831 970 1832 971 1832 972 1832 972 1833 971 1833 973 1833 972 1834 973 1834 974 1834 974 1835 973 1835 975 1835 974 1836 975 1836 976 1836 976 1837 975 1837 977 1837 976 1838 977 1838 978 1838 978 1839 977 1839 979 1839 978 1840 979 1840 980 1840 980 1841 979 1841 981 1841 980 1842 981 1842 982 1842 982 1843 981 1843 983 1843 982 1844 983 1844 984 1844 984 1845 983 1845 985 1845 984 1846 985 1846 986 1846 986 1847 985 1847 987 1847 986 1848 987 1848 988 1848 988 1849 987 1849 989 1849 988 1850 989 1850 990 1850 990 1851 989 1851 991 1851 990 1852 991 1852 992 1852 992 1853 991 1853 993 1853 992 1854 993 1854 994 1854 994 1855 993 1855 995 1855 994 1856 995 1856 996 1856 996 1857 995 1857 997 1857 996 1858 997 1858 998 1858 998 1859 997 1859 999 1859 998 1860 999 1860 1000 1860 1000 1861 999 1861 1001 1861 1000 1862 1001 1862 1002 1862 1002 1863 1001 1863 1003 1863 1002 1864 1003 1864 1004 1864 1004 1865 1003 1865 1005 1865 1004 1866 1005 1866 1006 1866 1006 1867 1005 1867 1007 1867 1006 1868 1007 1868 1008 1868 1008 1869 1007 1869 1009 1869 1008 1870 1009 1870 1010 1870 1010 1871 1009 1871 1011 1871 1010 1872 1011 1872 1012 1872 1012 1873 1011 1873 1013 1873 1012 1874 1013 1874 1014 1874 1014 1875 1013 1875 1015 1875 1014 1876 1015 1876 1016 1876 1016 1877 1015 1877 1017 1877 1016 1878 1017 1878 1018 1878 1018 1879 1017 1879 1019 1879 1018 1880 1019 1880 1020 1880 1020 1881 1019 1881 1021 1881 1020 1882 1021 1882 1022 1882 1022 1883 1021 1883 1023 1883 1022 1884 1023 1884 1024 1884 1024 1885 1023 1885 1025 1885 1024 1886 1025 1886 1026 1886 1026 1887 1025 1887 1027 1887 1026 1888 1027 1888 1028 1888 1028 1889 1027 1889 1029 1889 1028 1890 1029 1890 1030 1890 1030 1891 1029 1891 1031 1891 1030 1892 1031 1892 1032 1892 1032 1893 1031 1893 1033 1893 1032 1894 1033 1894 1034 1894 1034 1895 1033 1895 1035 1895 1034 1896 1035 1896 1036 1896 1036 1897 1035 1897 1037 1897 1036 1898 1037 1898 1038 1898 1038 1899 1037 1899 1039 1899 1038 1900 1039 1900 968 1900 968 1901 1039 1901 969 1901 1040 1902 1041 1902 1042 1902 1042 1903 1041 1903 1043 1903 1041 1904 1044 1904 1043 1904 1043 1905 1044 1905 1045 1905 1044 1906 1046 1906 1045 1906 1045 1907 1046 1907 1047 1907 1046 1908 1048 1908 1047 1908 1047 1909 1048 1909 1049 1909 1048 1910 1050 1910 1049 1910 1049 1911 1050 1911 1051 1911 1050 1912 1040 1912 1051 1912 1051 1913 1040 1913 1042 1913 1024 1914 1026 1914 1045 1914 1034 1915 1043 1915 1032 1915 1032 1916 1043 1916 1045 1916 1034 1917 1036 1917 1043 1917 1043 1918 1036 1918 1038 1918 1043 1919 1038 1919 968 1919 1047 1920 1020 1920 1045 1920 1045 1921 1020 1921 1022 1921 1045 1922 1022 1922 1024 1922 1026 1923 1028 1923 1045 1923 1045 1924 1028 1924 1030 1924 1045 1925 1030 1925 1032 1925 974 1926 1042 1926 972 1926 972 1927 1042 1927 1043 1927 972 1928 1043 1928 970 1928 970 1929 1043 1929 968 1929 1047 1930 1012 1930 1014 1930 1004 1931 1049 1931 1002 1931 1002 1932 1049 1932 1000 1932 1004 1933 1006 1933 1049 1933 1049 1934 1006 1934 1008 1934 1049 1935 1008 1935 1047 1935 1047 1936 1008 1936 1010 1936 1047 1937 1010 1937 1012 1937 1014 1938 1016 1938 1047 1938 1047 1939 1016 1939 1018 1939 1047 1940 1018 1940 1020 1940 974 1941 976 1941 1042 1941 1042 1942 976 1942 978 1942 1042 1943 978 1943 980 1943 986 1944 1051 1944 984 1944 984 1945 1051 1945 1042 1945 984 1946 1042 1946 982 1946 982 1947 1042 1947 980 1947 986 1948 988 1948 1051 1948 1051 1949 988 1949 990 1949 1051 1950 990 1950 992 1950 992 1951 994 1951 1051 1951 1051 1952 994 1952 996 1952 1051 1953 996 1953 1049 1953 1049 1954 996 1954 998 1954 1049 1955 998 1955 1000 1955 1052 1956 1053 1956 1054 1956 1052 1957 1054 1957 1055 1957 1055 1958 1054 1958 1056 1958 1055 1959 1056 1959 1057 1959 1057 1960 1056 1960 1058 1960 1057 1961 1058 1961 1059 1961 1059 1962 1058 1962 1060 1962 1059 1963 1060 1963 1061 1963 1061 1964 1060 1964 1062 1964 1061 1965 1062 1965 1063 1965 1063 1966 1062 1966 1064 1966 1063 1967 1064 1967 1065 1967 1065 1968 1064 1968 1066 1968 1065 1969 1066 1969 1067 1969 1067 1970 1066 1970 1068 1970 1067 1971 1068 1971 1069 1971 1069 1972 1068 1972 1070 1972 1069 1973 1070 1973 1071 1973 1072 1974 1053 1974 1073 1974 1073 1975 1053 1975 1052 1975 1074 1976 1075 1976 1076 1976 1074 1977 1076 1977 1077 1977 1077 1978 1076 1978 1078 1978 1077 1979 1078 1979 1079 1979 1079 1980 1078 1980 1080 1980 1079 1981 1080 1981 1081 1981 1081 1982 1080 1982 1082 1982 1081 1983 1082 1983 1083 1983 1083 1984 1082 1984 1084 1984 1083 1985 1084 1985 1085 1985 1085 1986 1084 1986 1086 1986 1085 1987 1086 1987 1087 1987 1087 1988 1086 1988 1088 1988 1087 1989 1088 1989 1089 1989 1089 1990 1088 1990 1090 1990 1089 1991 1090 1991 1091 1991 1091 1992 1090 1992 1092 1992 1091 1993 1092 1993 1093 1993 1093 1994 1092 1994 1072 1994 1093 1995 1072 1995 1073 1995 1094 1996 1075 1996 1095 1996 1095 1997 1075 1997 1074 1997 1096 1998 1097 1998 1098 1998 1096 1999 1098 1999 1099 1999 1099 2000 1098 2000 1100 2000 1099 2001 1100 2001 1101 2001 1101 2002 1100 2002 1102 2002 1101 2003 1102 2003 1103 2003 1103 2004 1102 2004 1104 2004 1103 2005 1104 2005 1105 2005 1105 2006 1104 2006 1106 2006 1105 2007 1106 2007 1107 2007 1107 2008 1106 2008 1108 2008 1107 2009 1108 2009 1109 2009 1109 2010 1108 2010 1110 2010 1109 2011 1110 2011 1111 2011 1111 2012 1110 2012 1112 2012 1111 2013 1112 2013 1113 2013 1113 2014 1112 2014 1094 2014 1113 2015 1094 2015 1095 2015 1114 2016 1097 2016 1115 2016 1115 2017 1097 2017 1096 2017 1116 2018 1117 2018 1118 2018 1116 2019 1118 2019 1119 2019 1119 2020 1118 2020 1120 2020 1119 2021 1120 2021 1121 2021 1121 2022 1120 2022 1122 2022 1121 2023 1122 2023 1123 2023 1123 2024 1122 2024 1124 2024 1123 2025 1124 2025 1125 2025 1125 2026 1124 2026 1126 2026 1125 2027 1126 2027 1127 2027 1127 2028 1126 2028 1128 2028 1127 2029 1128 2029 1129 2029 1129 2030 1128 2030 1130 2030 1129 2031 1130 2031 1131 2031 1131 2032 1130 2032 1132 2032 1131 2033 1132 2033 1133 2033 1133 2034 1132 2034 1114 2034 1133 2035 1114 2035 1115 2035 1070 2036 1117 2036 1071 2036 1071 2037 1117 2037 1116 2037 784 2038 783 2038 1134 2038 1134 2039 783 2039 782 2039 1134 2040 782 2040 781 2040 787 2041 786 2041 1134 2041 1134 2042 786 2042 785 2042 1134 2043 785 2043 784 2043 790 2044 789 2044 1134 2044 1134 2045 789 2045 788 2045 1134 2046 788 2046 787 2046 793 2047 792 2047 1134 2047 1134 2048 792 2048 791 2048 1134 2049 791 2049 790 2049 796 2050 795 2050 1134 2050 1134 2051 795 2051 794 2051 1134 2052 794 2052 793 2052 799 2053 798 2053 1134 2053 1134 2054 798 2054 797 2054 1134 2055 797 2055 796 2055 766 2056 765 2056 1134 2056 1134 2057 765 2057 764 2057 1134 2058 764 2058 799 2058 769 2059 768 2059 1134 2059 1134 2060 768 2060 767 2060 1134 2061 767 2061 766 2061 772 2062 771 2062 1134 2062 1134 2063 771 2063 770 2063 1134 2064 770 2064 769 2064 775 2065 774 2065 1134 2065 1134 2066 774 2066 773 2066 1134 2067 773 2067 772 2067 778 2068 777 2068 1134 2068 1134 2069 777 2069 776 2069 1134 2070 776 2070 775 2070 781 2071 780 2071 1134 2071 1134 2072 780 2072 779 2072 1134 2073 779 2073 778 2073 868 2074 867 2074 1135 2074 1135 2075 867 2075 866 2075 1135 2076 866 2076 865 2076 871 2077 870 2077 1135 2077 1135 2078 870 2078 869 2078 1135 2079 869 2079 868 2079 874 2080 873 2080 1135 2080 1135 2081 873 2081 872 2081 1135 2082 872 2082 871 2082 877 2083 876 2083 1135 2083 1135 2084 876 2084 875 2084 1135 2085 875 2085 874 2085 880 2086 879 2086 1135 2086 1135 2087 879 2087 878 2087 1135 2088 878 2088 877 2088 883 2089 882 2089 1135 2089 1135 2090 882 2090 881 2090 1135 2091 881 2091 880 2091 850 2092 849 2092 1135 2092 1135 2093 849 2093 848 2093 1135 2094 848 2094 883 2094 853 2095 852 2095 1135 2095 1135 2096 852 2096 851 2096 1135 2097 851 2097 850 2097 856 2098 855 2098 1135 2098 1135 2099 855 2099 854 2099 1135 2100 854 2100 853 2100 859 2101 858 2101 1135 2101 1135 2102 858 2102 857 2102 1135 2103 857 2103 856 2103 862 2104 861 2104 1135 2104 1135 2105 861 2105 860 2105 1135 2106 860 2106 859 2106 865 2107 864 2107 1135 2107 1135 2108 864 2108 863 2108 1135 2109 863 2109 862 2109 925 2110 923 2110 1136 2110 1136 2111 923 2111 921 2111 1136 2112 921 2112 919 2112 931 2113 929 2113 1136 2113 1136 2114 929 2114 927 2114 1136 2115 927 2115 925 2115 937 2116 935 2116 1136 2116 1136 2117 935 2117 933 2117 1136 2118 933 2118 931 2118 943 2119 941 2119 1136 2119 1136 2120 941 2120 939 2120 1136 2121 939 2121 937 2121 949 2122 947 2122 1136 2122 1136 2123 947 2123 945 2123 1136 2124 945 2124 943 2124 955 2125 953 2125 1136 2125 1136 2126 953 2126 951 2126 1136 2127 951 2127 949 2127 889 2128 887 2128 1136 2128 1136 2129 887 2129 885 2129 1136 2130 885 2130 955 2130 895 2131 893 2131 1136 2131 1136 2132 893 2132 891 2132 1136 2133 891 2133 889 2133 901 2134 899 2134 1136 2134 1136 2135 899 2135 897 2135 1136 2136 897 2136 895 2136 907 2137 905 2137 1136 2137 1136 2138 905 2138 903 2138 1136 2139 903 2139 901 2139 913 2140 911 2140 1136 2140 1136 2141 911 2141 909 2141 1136 2142 909 2142 907 2142 919 2143 917 2143 1136 2143 1136 2144 917 2144 915 2144 1136 2145 915 2145 913 2145 960 2146 957 2146 1115 2146 1048 2147 1046 2147 846 2147 1040 2148 1050 2148 962 2148 1063 2149 1065 2149 758 2149 1079 2150 845 2150 1077 2150 1077 2151 845 2151 846 2151 843 2152 964 2152 847 2152 847 2153 964 2153 962 2153 847 2154 962 2154 846 2154 846 2155 962 2155 1050 2155 846 2156 1050 2156 1048 2156 1099 2157 1101 2157 1041 2157 1109 2158 1111 2158 1044 2158 1044 2159 1111 2159 1113 2159 1044 2160 1113 2160 1046 2160 1046 2161 1113 2161 1095 2161 1046 2162 1095 2162 846 2162 846 2163 1095 2163 1074 2163 846 2164 1074 2164 1077 2164 1121 2165 1123 2165 956 2165 956 2166 1123 2166 1125 2166 956 2167 1131 2167 957 2167 957 2168 1131 2168 1133 2168 957 2169 1133 2169 1115 2169 1071 2170 759 2170 1069 2170 1069 2171 759 2171 758 2171 1069 2172 758 2172 1067 2172 1067 2173 758 2173 1065 2173 761 2174 1073 2174 760 2174 760 2175 1073 2175 1052 2175 760 2176 1052 2176 1055 2176 962 2177 960 2177 1040 2177 1040 2178 960 2178 1115 2178 1040 2179 1115 2179 1041 2179 1041 2180 1115 2180 1096 2180 1041 2181 1096 2181 1099 2181 1125 2182 1127 2182 956 2182 956 2183 1127 2183 1129 2183 956 2184 1129 2184 1131 2184 1121 2185 956 2185 1119 2185 1119 2186 956 2186 966 2186 1119 2187 966 2187 1116 2187 1079 2188 1081 2188 845 2188 845 2189 1081 2189 1083 2189 845 2190 1083 2190 1085 2190 1091 2191 844 2191 1089 2191 1089 2192 844 2192 845 2192 1089 2193 845 2193 1087 2193 1087 2194 845 2194 1085 2194 1071 2195 1116 2195 759 2195 759 2196 1116 2196 966 2196 759 2197 966 2197 763 2197 763 2198 966 2198 964 2198 763 2199 964 2199 762 2199 762 2200 964 2200 843 2200 762 2201 843 2201 761 2201 761 2202 843 2202 842 2202 761 2203 842 2203 1073 2203 1073 2204 842 2204 844 2204 1073 2205 844 2205 1093 2205 1093 2206 844 2206 1091 2206 1101 2207 1103 2207 1041 2207 1041 2208 1103 2208 1105 2208 1041 2209 1105 2209 1044 2209 1044 2210 1105 2210 1107 2210 1044 2211 1107 2211 1109 2211 1055 2212 1057 2212 760 2212 760 2213 1057 2213 1059 2213 760 2214 1059 2214 758 2214 758 2215 1059 2215 1061 2215 758 2216 1061 2216 1063 2216 1009 2217 1007 2217 1137 2217 1137 2218 1007 2218 1005 2218 1137 2219 1005 2219 1003 2219 1015 2220 1013 2220 1137 2220 1137 2221 1013 2221 1011 2221 1137 2222 1011 2222 1009 2222 1021 2223 1019 2223 1137 2223 1137 2224 1019 2224 1017 2224 1137 2225 1017 2225 1015 2225 1027 2226 1025 2226 1137 2226 1137 2227 1025 2227 1023 2227 1137 2228 1023 2228 1021 2228 1033 2229 1031 2229 1137 2229 1137 2230 1031 2230 1029 2230 1137 2231 1029 2231 1027 2231 1039 2232 1037 2232 1137 2232 1137 2233 1037 2233 1035 2233 1137 2234 1035 2234 1033 2234 973 2235 971 2235 1137 2235 1137 2236 971 2236 969 2236 1137 2237 969 2237 1039 2237 979 2238 977 2238 1137 2238 1137 2239 977 2239 975 2239 1137 2240 975 2240 973 2240 985 2241 983 2241 1137 2241 1137 2242 983 2242 981 2242 1137 2243 981 2243 979 2243 991 2244 989 2244 1137 2244 1137 2245 989 2245 987 2245 1137 2246 987 2246 985 2246 997 2247 995 2247 1137 2247 1137 2248 995 2248 993 2248 1137 2249 993 2249 991 2249 1003 2250 1001 2250 1137 2250 1137 2251 1001 2251 999 2251 1137 2252 999 2252 997 2252 1138 2253 1139 2253 1140 2253 1140 2254 1139 2254 1141 2254 1142 2255 1138 2255 1143 2255 1143 2256 1138 2256 1140 2256 1144 2257 1142 2257 1145 2257 1145 2258 1142 2258 1143 2258 1146 2259 1144 2259 1147 2259 1147 2260 1144 2260 1145 2260 1148 2261 1146 2261 1149 2261 1149 2262 1146 2262 1147 2262 1139 2263 1148 2263 1141 2263 1141 2264 1148 2264 1149 2264 1150 2265 1151 2265 1152 2265 1152 2266 1151 2266 1153 2266 1154 2267 1150 2267 1155 2267 1155 2268 1150 2268 1152 2268 1156 2269 1154 2269 1157 2269 1157 2270 1154 2270 1155 2270 1158 2271 1156 2271 1159 2271 1159 2272 1156 2272 1157 2272 1160 2273 1158 2273 1161 2273 1161 2274 1158 2274 1159 2274 1151 2275 1160 2275 1153 2275 1153 2276 1160 2276 1161 2276 1162 2277 1163 2277 1164 2277 1164 2278 1163 2278 1165 2278 1166 2279 1162 2279 1167 2279 1167 2280 1162 2280 1164 2280 1168 2281 1166 2281 1169 2281 1169 2282 1166 2282 1167 2282 1170 2283 1168 2283 1171 2283 1171 2284 1168 2284 1169 2284 1172 2285 1170 2285 1173 2285 1173 2286 1170 2286 1171 2286 1163 2287 1172 2287 1165 2287 1165 2288 1172 2288 1173 2288 1124 2289 1122 2289 1174 2289 1140 2290 1141 2290 1053 2290 1175 2291 1176 2291 1070 2291 1177 2292 1132 2292 1130 2292 1124 2293 1174 2293 1126 2293 1177 2294 1130 2294 1174 2294 1174 2295 1130 2295 1128 2295 1174 2296 1128 2296 1126 2296 1114 2297 1173 2297 1097 2297 1097 2298 1173 2298 1171 2298 1097 2299 1171 2299 1098 2299 1169 2300 1108 2300 1106 2300 1082 2301 1080 2301 1143 2301 1122 2302 1120 2302 1174 2302 1174 2303 1120 2303 1118 2303 1174 2304 1118 2304 1176 2304 1176 2305 1118 2305 1117 2305 1176 2306 1117 2306 1070 2306 1178 2307 1165 2307 1179 2307 1179 2308 1165 2308 1173 2308 1179 2309 1173 2309 1177 2309 1177 2310 1173 2310 1114 2310 1177 2311 1114 2311 1132 2311 1141 2312 1149 2312 1159 2312 1159 2313 1149 2313 1147 2313 1178 2314 1175 2314 1165 2314 1165 2315 1175 2315 1070 2315 1165 2316 1070 2316 1164 2316 1161 2317 1159 2317 1167 2317 1167 2318 1159 2318 1147 2318 1167 2319 1147 2319 1145 2319 1053 2320 1072 2320 1140 2320 1140 2321 1072 2321 1092 2321 1140 2322 1092 2322 1090 2322 1159 2323 1157 2323 1141 2323 1141 2324 1157 2324 1155 2324 1141 2325 1155 2325 1053 2325 1053 2326 1155 2326 1152 2326 1053 2327 1152 2327 1054 2327 1106 2328 1104 2328 1169 2328 1169 2329 1104 2329 1102 2329 1169 2330 1102 2330 1171 2330 1171 2331 1102 2331 1100 2331 1171 2332 1100 2332 1098 2332 1066 2333 1064 2333 1153 2333 1153 2334 1064 2334 1062 2334 1145 2335 1094 2335 1167 2335 1167 2336 1094 2336 1112 2336 1167 2337 1112 2337 1169 2337 1169 2338 1112 2338 1110 2338 1169 2339 1110 2339 1108 2339 1090 2340 1088 2340 1140 2340 1140 2341 1088 2341 1086 2341 1140 2342 1086 2342 1143 2342 1143 2343 1086 2343 1084 2343 1143 2344 1084 2344 1082 2344 1167 2345 1164 2345 1161 2345 1161 2346 1164 2346 1070 2346 1161 2347 1070 2347 1153 2347 1153 2348 1070 2348 1068 2348 1153 2349 1068 2349 1066 2349 1080 2350 1078 2350 1143 2350 1143 2351 1078 2351 1076 2351 1143 2352 1076 2352 1145 2352 1145 2353 1076 2353 1075 2353 1145 2354 1075 2354 1094 2354 1062 2355 1060 2355 1153 2355 1153 2356 1060 2356 1058 2356 1153 2357 1058 2357 1152 2357 1152 2358 1058 2358 1056 2358 1152 2359 1056 2359 1054 2359 1180 2360 1181 2360 1175 2360 1175 2361 1181 2361 1176 2361 1182 2362 1180 2362 1178 2362 1178 2363 1180 2363 1175 2363 1183 2364 1182 2364 1179 2364 1179 2365 1182 2365 1178 2365 1184 2366 1183 2366 1177 2366 1177 2367 1183 2367 1179 2367 1185 2368 1184 2368 1174 2368 1174 2369 1184 2369 1177 2369 1181 2370 1185 2370 1176 2370 1176 2371 1185 2371 1174 2371 1186 2372 1187 2372 1188 2372 1188 2373 1187 2373 1189 2373 1190 2374 1191 2374 1192 2374 1190 2375 1192 2375 1193 2375 1193 2376 1192 2376 1194 2376 1193 2377 1194 2377 1195 2377 1195 2378 1194 2378 1196 2378 1195 2379 1196 2379 1197 2379 1197 2380 1196 2380 1198 2380 1197 2381 1198 2381 1199 2381 1199 2382 1198 2382 1200 2382 1199 2383 1200 2383 1201 2383 1201 2384 1200 2384 1202 2384 1201 2385 1202 2385 1203 2385 1203 2386 1202 2386 1204 2386 1203 2387 1204 2387 1205 2387 1205 2388 1204 2388 1206 2388 1205 2389 1206 2389 1207 2389 1207 2390 1206 2390 1186 2390 1207 2391 1186 2391 1188 2391 1208 2392 1191 2392 1209 2392 1209 2393 1191 2393 1190 2393 1210 2394 1211 2394 1212 2394 1210 2395 1212 2395 1213 2395 1213 2396 1212 2396 1214 2396 1213 2397 1214 2397 1215 2397 1215 2398 1214 2398 1216 2398 1215 2399 1216 2399 1217 2399 1217 2400 1216 2400 1218 2400 1217 2401 1218 2401 1219 2401 1219 2402 1218 2402 1220 2402 1219 2403 1220 2403 1221 2403 1221 2404 1220 2404 1222 2404 1221 2405 1222 2405 1223 2405 1223 2406 1222 2406 1224 2406 1223 2407 1224 2407 1225 2407 1225 2408 1224 2408 1226 2408 1225 2409 1226 2409 1227 2409 1227 2410 1226 2410 1228 2410 1227 2411 1228 2411 1229 2411 1229 2412 1228 2412 1208 2412 1229 2413 1208 2413 1209 2413 1230 2414 1211 2414 1231 2414 1231 2415 1211 2415 1210 2415 1232 2416 1233 2416 1234 2416 1232 2417 1234 2417 1235 2417 1235 2418 1234 2418 1236 2418 1235 2419 1236 2419 1237 2419 1237 2420 1236 2420 1238 2420 1237 2421 1238 2421 1239 2421 1239 2422 1238 2422 1240 2422 1239 2423 1240 2423 1241 2423 1241 2424 1240 2424 1242 2424 1241 2425 1242 2425 1243 2425 1243 2426 1242 2426 1244 2426 1243 2427 1244 2427 1245 2427 1245 2428 1244 2428 1246 2428 1245 2429 1246 2429 1247 2429 1247 2430 1246 2430 1248 2430 1247 2431 1248 2431 1249 2431 1249 2432 1248 2432 1230 2432 1249 2433 1230 2433 1231 2433 1250 2434 1233 2434 1251 2434 1251 2435 1233 2435 1232 2435 1189 2436 1187 2436 1252 2436 1189 2437 1252 2437 1253 2437 1253 2438 1252 2438 1254 2438 1253 2439 1254 2439 1255 2439 1255 2440 1254 2440 1256 2440 1255 2441 1256 2441 1257 2441 1257 2442 1256 2442 1258 2442 1257 2443 1258 2443 1259 2443 1259 2444 1258 2444 1260 2444 1259 2445 1260 2445 1261 2445 1261 2446 1260 2446 1262 2446 1261 2447 1262 2447 1263 2447 1263 2448 1262 2448 1264 2448 1263 2449 1264 2449 1265 2449 1265 2450 1264 2450 1266 2450 1265 2451 1266 2451 1267 2451 1267 2452 1266 2452 1250 2452 1267 2453 1250 2453 1251 2453 1243 2454 1245 2454 1168 2454 1183 2455 1184 2455 1251 2455 1172 2456 1163 2456 1182 2456 1162 2457 1166 2457 1144 2457 1182 2458 1183 2458 1172 2458 1172 2459 1183 2459 1251 2459 1172 2460 1251 2460 1170 2460 1170 2461 1251 2461 1232 2461 1170 2462 1232 2462 1235 2462 1201 2463 1203 2463 1151 2463 1148 2464 1180 2464 1146 2464 1146 2465 1180 2465 1182 2465 1146 2466 1182 2466 1144 2466 1144 2467 1182 2467 1163 2467 1144 2468 1163 2468 1162 2468 1235 2469 1237 2469 1170 2469 1170 2470 1237 2470 1239 2470 1170 2471 1239 2471 1168 2471 1168 2472 1239 2472 1241 2472 1168 2473 1241 2473 1243 2473 1245 2474 1247 2474 1168 2474 1168 2475 1247 2475 1249 2475 1168 2476 1249 2476 1166 2476 1166 2477 1249 2477 1231 2477 1166 2478 1231 2478 1144 2478 1185 2479 1257 2479 1259 2479 1185 2480 1265 2480 1184 2480 1184 2481 1265 2481 1267 2481 1184 2482 1267 2482 1251 2482 1203 2483 1205 2483 1151 2483 1151 2484 1205 2484 1207 2484 1151 2485 1207 2485 1160 2485 1154 2486 1209 2486 1150 2486 1150 2487 1209 2487 1190 2487 1150 2488 1190 2488 1193 2488 1160 2489 1181 2489 1158 2489 1158 2490 1181 2490 1180 2490 1158 2491 1180 2491 1156 2491 1156 2492 1180 2492 1148 2492 1156 2493 1148 2493 1154 2493 1154 2494 1148 2494 1139 2494 1154 2495 1139 2495 1209 2495 1209 2496 1139 2496 1138 2496 1209 2497 1138 2497 1229 2497 1229 2498 1138 2498 1227 2498 1259 2499 1261 2499 1185 2499 1185 2500 1261 2500 1263 2500 1185 2501 1263 2501 1265 2501 1207 2502 1188 2502 1160 2502 1160 2503 1188 2503 1189 2503 1160 2504 1189 2504 1181 2504 1181 2505 1189 2505 1253 2505 1181 2506 1253 2506 1185 2506 1185 2507 1253 2507 1255 2507 1185 2508 1255 2508 1257 2508 1142 2509 1217 2509 1219 2509 1231 2510 1210 2510 1144 2510 1144 2511 1210 2511 1213 2511 1144 2512 1213 2512 1142 2512 1142 2513 1213 2513 1215 2513 1142 2514 1215 2514 1217 2514 1193 2515 1195 2515 1150 2515 1150 2516 1195 2516 1197 2516 1150 2517 1197 2517 1151 2517 1151 2518 1197 2518 1199 2518 1151 2519 1199 2519 1201 2519 1219 2520 1221 2520 1142 2520 1142 2521 1221 2521 1223 2521 1142 2522 1223 2522 1138 2522 1138 2523 1223 2523 1225 2523 1138 2524 1225 2524 1227 2524 1268 2525 1269 2525 1270 2525 1270 2526 1269 2526 1271 2526 1270 2527 1271 2527 1272 2527 1272 2528 1271 2528 1273 2528 1272 2529 1273 2529 1274 2529 1274 2530 1273 2530 1275 2530 1274 2531 1275 2531 1276 2531 1276 2532 1275 2532 1277 2532 1276 2533 1277 2533 1278 2533 1278 2534 1277 2534 1279 2534 1278 2535 1279 2535 1280 2535 1280 2536 1279 2536 1281 2536 1280 2537 1281 2537 1282 2537 1282 2538 1281 2538 1283 2538 1282 2539 1283 2539 1284 2539 1284 2540 1283 2540 1285 2540 1284 2541 1285 2541 1286 2541 1286 2542 1285 2542 1287 2542 1286 2543 1287 2543 1288 2543 1288 2544 1287 2544 1289 2544 1288 2545 1289 2545 1290 2545 1290 2546 1289 2546 1291 2546 1290 2547 1291 2547 1292 2547 1292 2548 1291 2548 1293 2548 1292 2549 1293 2549 1294 2549 1294 2550 1293 2550 1295 2550 1294 2551 1295 2551 1296 2551 1296 2552 1295 2552 1297 2552 1296 2553 1297 2553 1298 2553 1298 2554 1297 2554 1299 2554 1298 2555 1299 2555 1300 2555 1300 2556 1299 2556 1301 2556 1300 2557 1301 2557 1302 2557 1302 2558 1301 2558 1303 2558 1302 2559 1303 2559 1304 2559 1304 2560 1303 2560 1305 2560 1304 2561 1305 2561 1306 2561 1306 2562 1305 2562 1307 2562 1306 2563 1307 2563 1308 2563 1308 2564 1307 2564 1309 2564 1308 2565 1309 2565 1310 2565 1310 2566 1309 2566 1311 2566 1310 2567 1311 2567 1312 2567 1312 2568 1311 2568 1313 2568 1312 2569 1313 2569 1314 2569 1314 2570 1313 2570 1315 2570 1314 2571 1315 2571 1316 2571 1316 2572 1315 2572 1317 2572 1316 2573 1317 2573 1318 2573 1318 2574 1317 2574 1319 2574 1318 2575 1319 2575 1320 2575 1320 2576 1319 2576 1321 2576 1320 2577 1321 2577 1322 2577 1322 2578 1321 2578 1323 2578 1322 2579 1323 2579 1324 2579 1324 2580 1323 2580 1325 2580 1324 2581 1325 2581 1326 2581 1326 2582 1325 2582 1327 2582 1326 2583 1327 2583 1328 2583 1328 2584 1327 2584 1329 2584 1328 2585 1329 2585 1330 2585 1330 2586 1329 2586 1331 2586 1330 2587 1331 2587 1332 2587 1332 2588 1331 2588 1333 2588 1332 2589 1333 2589 1334 2589 1334 2590 1333 2590 1335 2590 1334 2591 1335 2591 1336 2591 1336 2592 1335 2592 1337 2592 1336 2593 1337 2593 1338 2593 1338 2594 1337 2594 1339 2594 1338 2595 1339 2595 1268 2595 1268 2596 1339 2596 1269 2596 1340 2597 1341 2597 1342 2597 1342 2598 1341 2598 1343 2598 1342 2599 1343 2599 1344 2599 1344 2600 1343 2600 1345 2600 1344 2601 1345 2601 1346 2601 1346 2602 1345 2602 1347 2602 1346 2603 1347 2603 1348 2603 1348 2604 1347 2604 1349 2604 1348 2605 1349 2605 1350 2605 1350 2606 1349 2606 1351 2606 1350 2607 1351 2607 1352 2607 1352 2608 1351 2608 1353 2608 1352 2609 1353 2609 1354 2609 1354 2610 1353 2610 1355 2610 1354 2611 1355 2611 1356 2611 1356 2612 1355 2612 1357 2612 1356 2613 1357 2613 1358 2613 1358 2614 1357 2614 1359 2614 1358 2615 1359 2615 1360 2615 1360 2616 1359 2616 1361 2616 1360 2617 1361 2617 1362 2617 1362 2618 1361 2618 1363 2618 1362 2619 1363 2619 1364 2619 1364 2620 1363 2620 1365 2620 1364 2621 1365 2621 1366 2621 1366 2622 1365 2622 1367 2622 1366 2623 1367 2623 1368 2623 1368 2624 1367 2624 1369 2624 1368 2625 1369 2625 1370 2625 1370 2626 1369 2626 1371 2626 1370 2627 1371 2627 1372 2627 1372 2628 1371 2628 1373 2628 1372 2629 1373 2629 1374 2629 1374 2630 1373 2630 1375 2630 1374 2631 1375 2631 1376 2631 1376 2632 1375 2632 1377 2632 1376 2633 1377 2633 1378 2633 1378 2634 1377 2634 1379 2634 1378 2635 1379 2635 1380 2635 1380 2636 1379 2636 1381 2636 1380 2637 1381 2637 1382 2637 1382 2638 1381 2638 1383 2638 1382 2639 1383 2639 1384 2639 1384 2640 1383 2640 1385 2640 1384 2641 1385 2641 1386 2641 1386 2642 1385 2642 1387 2642 1386 2643 1387 2643 1388 2643 1388 2644 1387 2644 1389 2644 1388 2645 1389 2645 1390 2645 1390 2646 1389 2646 1391 2646 1390 2647 1391 2647 1392 2647 1392 2648 1391 2648 1393 2648 1392 2649 1393 2649 1394 2649 1394 2650 1393 2650 1395 2650 1394 2651 1395 2651 1396 2651 1396 2652 1395 2652 1397 2652 1396 2653 1397 2653 1398 2653 1398 2654 1397 2654 1399 2654 1398 2655 1399 2655 1400 2655 1400 2656 1399 2656 1401 2656 1400 2657 1401 2657 1402 2657 1402 2658 1401 2658 1403 2658 1402 2659 1403 2659 1404 2659 1404 2660 1403 2660 1405 2660 1404 2661 1405 2661 1406 2661 1406 2662 1405 2662 1407 2662 1406 2663 1407 2663 1408 2663 1408 2664 1407 2664 1409 2664 1408 2665 1409 2665 1410 2665 1410 2666 1409 2666 1411 2666 1410 2667 1411 2667 1340 2667 1340 2668 1411 2668 1341 2668 1412 2669 1413 2669 1414 2669 1414 2670 1413 2670 1415 2670 1414 2671 1415 2671 1416 2671 1416 2672 1415 2672 1417 2672 1416 2673 1417 2673 1418 2673 1418 2674 1417 2674 1419 2674 1418 2675 1419 2675 1420 2675 1420 2676 1419 2676 1421 2676 1420 2677 1421 2677 1422 2677 1422 2678 1421 2678 1423 2678 1422 2679 1423 2679 1424 2679 1424 2680 1423 2680 1425 2680 1424 2681 1425 2681 1426 2681 1426 2682 1425 2682 1427 2682 1426 2683 1427 2683 1428 2683 1428 2684 1427 2684 1429 2684 1428 2685 1429 2685 1430 2685 1430 2686 1429 2686 1431 2686 1430 2687 1431 2687 1432 2687 1432 2688 1431 2688 1433 2688 1432 2689 1433 2689 1434 2689 1434 2690 1433 2690 1435 2690 1434 2691 1435 2691 1436 2691 1436 2692 1435 2692 1437 2692 1436 2693 1437 2693 1438 2693 1438 2694 1437 2694 1439 2694 1438 2695 1439 2695 1440 2695 1440 2696 1439 2696 1441 2696 1440 2697 1441 2697 1442 2697 1442 2698 1441 2698 1443 2698 1442 2699 1443 2699 1444 2699 1444 2700 1443 2700 1445 2700 1444 2701 1445 2701 1446 2701 1446 2702 1445 2702 1447 2702 1446 2703 1447 2703 1448 2703 1448 2704 1447 2704 1449 2704 1448 2705 1449 2705 1450 2705 1450 2706 1449 2706 1451 2706 1450 2707 1451 2707 1452 2707 1452 2708 1451 2708 1453 2708 1452 2709 1453 2709 1454 2709 1454 2710 1453 2710 1455 2710 1454 2711 1455 2711 1456 2711 1456 2712 1455 2712 1457 2712 1456 2713 1457 2713 1458 2713 1458 2714 1457 2714 1459 2714 1458 2715 1459 2715 1460 2715 1460 2716 1459 2716 1461 2716 1460 2717 1461 2717 1462 2717 1462 2718 1461 2718 1463 2718 1462 2719 1463 2719 1464 2719 1464 2720 1463 2720 1465 2720 1464 2721 1465 2721 1466 2721 1466 2722 1465 2722 1467 2722 1466 2723 1467 2723 1468 2723 1468 2724 1467 2724 1469 2724 1468 2725 1469 2725 1470 2725 1470 2726 1469 2726 1471 2726 1470 2727 1471 2727 1472 2727 1472 2728 1471 2728 1473 2728 1472 2729 1473 2729 1474 2729 1474 2730 1473 2730 1475 2730 1474 2731 1475 2731 1476 2731 1476 2732 1475 2732 1477 2732 1476 2733 1477 2733 1478 2733 1478 2734 1477 2734 1479 2734 1478 2735 1479 2735 1480 2735 1480 2736 1479 2736 1481 2736 1480 2737 1481 2737 1482 2737 1482 2738 1481 2738 1483 2738 1482 2739 1483 2739 1412 2739 1412 2740 1483 2740 1413 2740 1186 2741 1319 2741 1317 2741 1309 2742 1187 2742 1311 2742 1311 2743 1187 2743 1313 2743 1357 2744 1230 2744 1359 2744 1359 2745 1230 2745 1248 2745 1359 2746 1248 2746 1361 2746 1361 2747 1248 2747 1246 2747 1361 2748 1246 2748 1363 2748 1363 2749 1246 2749 1244 2749 1363 2750 1244 2750 1365 2750 1365 2751 1244 2751 1242 2751 1365 2752 1242 2752 1367 2752 1367 2753 1242 2753 1240 2753 1367 2754 1240 2754 1369 2754 1369 2755 1240 2755 1238 2755 1369 2756 1238 2756 1371 2756 1371 2757 1238 2757 1236 2757 1371 2758 1236 2758 1373 2758 1373 2759 1236 2759 1234 2759 1373 2760 1234 2760 1375 2760 1375 2761 1234 2761 1233 2761 1375 2762 1233 2762 1377 2762 1389 2763 1387 2763 1250 2763 1250 2764 1387 2764 1385 2764 1186 2765 1317 2765 1187 2765 1187 2766 1317 2766 1315 2766 1187 2767 1315 2767 1313 2767 1357 2768 1355 2768 1230 2768 1230 2769 1355 2769 1353 2769 1230 2770 1353 2770 1351 2770 1289 2771 1287 2771 1455 2771 1469 2772 1467 2772 1191 2772 1385 2773 1383 2773 1250 2773 1250 2774 1383 2774 1381 2774 1250 2775 1381 2775 1233 2775 1233 2776 1381 2776 1379 2776 1233 2777 1379 2777 1377 2777 1484 2778 1485 2778 1393 2778 1484 2779 1393 2779 1486 2779 1395 2780 1393 2780 1297 2780 1297 2781 1393 2781 1487 2781 1488 2782 1489 2782 1305 2782 1305 2783 1489 2783 1490 2783 1305 2784 1490 2784 1491 2784 1492 2785 1187 2785 1493 2785 1493 2786 1187 2786 1309 2786 1493 2787 1309 2787 1491 2787 1491 2788 1309 2788 1307 2788 1491 2789 1307 2789 1305 2789 1492 2790 1494 2790 1187 2790 1187 2791 1494 2791 1495 2791 1187 2792 1495 2792 1252 2792 1252 2793 1495 2793 1496 2793 1252 2794 1496 2794 1254 2794 1254 2795 1496 2795 1497 2795 1254 2796 1497 2796 1256 2796 1256 2797 1497 2797 1498 2797 1256 2798 1498 2798 1258 2798 1258 2799 1498 2799 1499 2799 1258 2800 1499 2800 1260 2800 1260 2801 1499 2801 1500 2801 1260 2802 1500 2802 1262 2802 1262 2803 1500 2803 1501 2803 1262 2804 1501 2804 1264 2804 1264 2805 1501 2805 1502 2805 1264 2806 1502 2806 1266 2806 1266 2807 1502 2807 1503 2807 1266 2808 1503 2808 1250 2808 1250 2809 1503 2809 1504 2809 1389 2810 1250 2810 1391 2810 1391 2811 1250 2811 1504 2811 1391 2812 1504 2812 1393 2812 1393 2813 1504 2813 1505 2813 1393 2814 1505 2814 1486 2814 1301 2815 1299 2815 1506 2815 1506 2816 1299 2816 1297 2816 1506 2817 1297 2817 1507 2817 1507 2818 1297 2818 1487 2818 1351 2819 1349 2819 1230 2819 1230 2820 1349 2820 1347 2820 1230 2821 1347 2821 1291 2821 1291 2822 1347 2822 1345 2822 1291 2823 1345 2823 1343 2823 1343 2824 1341 2824 1291 2824 1291 2825 1341 2825 1411 2825 1291 2826 1411 2826 1409 2826 1289 2827 1455 2827 1291 2827 1485 2828 1508 2828 1393 2828 1393 2829 1508 2829 1509 2829 1393 2830 1509 2830 1510 2830 1510 2831 1511 2831 1393 2831 1393 2832 1511 2832 1512 2832 1393 2833 1512 2833 1513 2833 1506 2834 1514 2834 1301 2834 1301 2835 1514 2835 1515 2835 1301 2836 1515 2836 1303 2836 1303 2837 1515 2837 1516 2837 1303 2838 1516 2838 1305 2838 1305 2839 1516 2839 1517 2839 1305 2840 1517 2840 1488 2840 1401 2841 1399 2841 1297 2841 1297 2842 1399 2842 1397 2842 1297 2843 1397 2843 1395 2843 1283 2844 1467 2844 1285 2844 1285 2845 1467 2845 1465 2845 1285 2846 1465 2846 1287 2846 1287 2847 1465 2847 1463 2847 1287 2848 1463 2848 1461 2848 1461 2849 1459 2849 1287 2849 1287 2850 1459 2850 1457 2850 1287 2851 1457 2851 1455 2851 1513 2852 1518 2852 1393 2852 1393 2853 1518 2853 1519 2853 1393 2854 1519 2854 1487 2854 1295 2855 1405 2855 1297 2855 1297 2856 1405 2856 1403 2856 1297 2857 1403 2857 1401 2857 1409 2858 1407 2858 1291 2858 1291 2859 1407 2859 1405 2859 1291 2860 1405 2860 1293 2860 1293 2861 1405 2861 1295 2861 1291 2862 1455 2862 1230 2862 1230 2863 1455 2863 1453 2863 1230 2864 1453 2864 1451 2864 1451 2865 1449 2865 1230 2865 1230 2866 1449 2866 1447 2866 1230 2867 1447 2867 1445 2867 1475 2868 1473 2868 1191 2868 1191 2869 1473 2869 1471 2869 1191 2870 1471 2870 1469 2870 1283 2871 1281 2871 1467 2871 1467 2872 1281 2872 1279 2872 1467 2873 1279 2873 1277 2873 1277 2874 1275 2874 1467 2874 1467 2875 1275 2875 1273 2875 1467 2876 1273 2876 1191 2876 1191 2877 1273 2877 1271 2877 1445 2878 1443 2878 1230 2878 1230 2879 1443 2879 1441 2879 1230 2880 1441 2880 1439 2880 1439 2881 1437 2881 1230 2881 1230 2882 1437 2882 1435 2882 1230 2883 1435 2883 1211 2883 1211 2884 1435 2884 1433 2884 1483 2885 1481 2885 1208 2885 1208 2886 1481 2886 1479 2886 1208 2887 1479 2887 1191 2887 1191 2888 1479 2888 1477 2888 1191 2889 1477 2889 1475 2889 1271 2890 1269 2890 1191 2890 1191 2891 1269 2891 1339 2891 1191 2892 1339 2892 1192 2892 1192 2893 1339 2893 1337 2893 1192 2894 1337 2894 1194 2894 1194 2895 1337 2895 1335 2895 1194 2896 1335 2896 1196 2896 1196 2897 1335 2897 1333 2897 1196 2898 1333 2898 1198 2898 1198 2899 1333 2899 1331 2899 1198 2900 1331 2900 1200 2900 1200 2901 1331 2901 1329 2901 1200 2902 1329 2902 1202 2902 1202 2903 1329 2903 1327 2903 1202 2904 1327 2904 1204 2904 1204 2905 1327 2905 1325 2905 1204 2906 1325 2906 1206 2906 1206 2907 1325 2907 1323 2907 1206 2908 1323 2908 1186 2908 1186 2909 1323 2909 1321 2909 1186 2910 1321 2910 1319 2910 1433 2911 1431 2911 1211 2911 1211 2912 1431 2912 1429 2912 1211 2913 1429 2913 1212 2913 1212 2914 1429 2914 1427 2914 1212 2915 1427 2915 1214 2915 1214 2916 1427 2916 1425 2916 1214 2917 1425 2917 1216 2917 1216 2918 1425 2918 1423 2918 1216 2919 1423 2919 1218 2919 1218 2920 1423 2920 1421 2920 1218 2921 1421 2921 1220 2921 1220 2922 1421 2922 1419 2922 1483 2923 1208 2923 1413 2923 1413 2924 1208 2924 1228 2924 1413 2925 1228 2925 1415 2925 1415 2926 1228 2926 1226 2926 1415 2927 1226 2927 1417 2927 1417 2928 1226 2928 1224 2928 1417 2929 1224 2929 1419 2929 1419 2930 1224 2930 1222 2930 1419 2931 1222 2931 1220 2931 1520 2932 1515 2932 1521 2932 1521 2933 1515 2933 1514 2933 1521 2934 1514 2934 1522 2934 1522 2935 1514 2935 1506 2935 1522 2936 1506 2936 1523 2936 1523 2937 1506 2937 1507 2937 1523 2938 1507 2938 1524 2938 1524 2939 1507 2939 1487 2939 1524 2940 1487 2940 1525 2940 1525 2941 1487 2941 1519 2941 1525 2942 1519 2942 1526 2942 1526 2943 1519 2943 1518 2943 1526 2944 1518 2944 1527 2944 1527 2945 1518 2945 1513 2945 1527 2946 1513 2946 1528 2946 1528 2947 1513 2947 1512 2947 1528 2948 1512 2948 1529 2948 1529 2949 1512 2949 1511 2949 1529 2950 1511 2950 1530 2950 1530 2951 1511 2951 1510 2951 1530 2952 1510 2952 1531 2952 1531 2953 1510 2953 1509 2953 1531 2954 1509 2954 1532 2954 1532 2955 1509 2955 1508 2955 1532 2956 1508 2956 1533 2956 1533 2957 1508 2957 1485 2957 1533 2958 1485 2958 1534 2958 1534 2959 1485 2959 1484 2959 1534 2960 1484 2960 1535 2960 1535 2961 1484 2961 1486 2961 1535 2962 1486 2962 1536 2962 1536 2963 1486 2963 1505 2963 1536 2964 1505 2964 1537 2964 1537 2965 1505 2965 1504 2965 1537 2966 1504 2966 1538 2966 1538 2967 1504 2967 1503 2967 1538 2968 1503 2968 1539 2968 1539 2969 1503 2969 1502 2969 1539 2970 1502 2970 1540 2970 1540 2971 1502 2971 1501 2971 1540 2972 1501 2972 1541 2972 1541 2973 1501 2973 1500 2973 1541 2974 1500 2974 1542 2974 1542 2975 1500 2975 1499 2975 1542 2976 1499 2976 1543 2976 1543 2977 1499 2977 1498 2977 1543 2978 1498 2978 1544 2978 1544 2979 1498 2979 1497 2979 1544 2980 1497 2980 1545 2980 1545 2981 1497 2981 1496 2981 1545 2982 1496 2982 1546 2982 1546 2983 1496 2983 1495 2983 1546 2984 1495 2984 1547 2984 1547 2985 1495 2985 1494 2985 1547 2986 1494 2986 1548 2986 1548 2987 1494 2987 1492 2987 1548 2988 1492 2988 1549 2988 1549 2989 1492 2989 1493 2989 1549 2990 1493 2990 1550 2990 1550 2991 1493 2991 1491 2991 1550 2992 1491 2992 1551 2992 1551 2993 1491 2993 1490 2993 1551 2994 1490 2994 1552 2994 1552 2995 1490 2995 1489 2995 1552 2996 1489 2996 1553 2996 1553 2997 1489 2997 1488 2997 1553 2998 1488 2998 1554 2998 1554 2999 1488 2999 1517 2999 1554 3000 1517 3000 1555 3000 1555 3001 1517 3001 1516 3001 1555 3002 1516 3002 1520 3002 1520 3003 1516 3003 1515 3003 1556 3004 1557 3004 1558 3004 1559 3005 1556 3005 1560 3005 1560 3006 1561 3006 1559 3006 1559 3007 1561 3007 1562 3007 1559 3008 1562 3008 1563 3008 1563 3009 1562 3009 1564 3009 1563 3010 1564 3010 1565 3010 1565 3011 1564 3011 1566 3011 1565 3012 1566 3012 1567 3012 1567 3013 1566 3013 1568 3013 1567 3014 1568 3014 1569 3014 1570 3015 1571 3015 1572 3015 1569 3016 1568 3016 1572 3016 1572 3017 1568 3017 1573 3017 1572 3018 1573 3018 1570 3018 1556 3019 1558 3019 1560 3019 1560 3020 1558 3020 1574 3020 1560 3021 1574 3021 1575 3021 1575 3022 1574 3022 1576 3022 1575 3023 1576 3023 1577 3023 1577 3024 1576 3024 1578 3024 1577 3025 1578 3025 1579 3025 1580 3026 1581 3026 1582 3026 1583 3027 1584 3027 1585 3027 1586 3028 1587 3028 1588 3028 1589 3029 1590 3029 1591 3029 1591 3030 1590 3030 1592 3030 1591 3031 1592 3031 1593 3031 1594 3032 1595 3032 1596 3032 1597 3033 1598 3033 1589 3033 1589 3034 1598 3034 1599 3034 1589 3035 1599 3035 1590 3035 1590 3036 1599 3036 1600 3036 1601 3037 1602 3037 1600 3037 1600 3038 1602 3038 1603 3038 1600 3039 1603 3039 1590 3039 1590 3040 1603 3040 1604 3040 1605 3041 1606 3041 1607 3041 1608 3042 1609 3042 1604 3042 1604 3043 1609 3043 1610 3043 1604 3044 1610 3044 1590 3044 1590 3045 1610 3045 1611 3045 1612 3046 1613 3046 1614 3046 1615 3047 1616 3047 1611 3047 1611 3048 1616 3048 1617 3048 1611 3049 1617 3049 1590 3049 1590 3050 1617 3050 1618 3050 1619 3051 1620 3051 1618 3051 1618 3052 1620 3052 1621 3052 1618 3053 1621 3053 1590 3053 1590 3054 1621 3054 1622 3054 1590 3055 1623 3055 1624 3055 1625 3056 1626 3056 1627 3056 1627 3057 1626 3057 1628 3057 1629 3058 1630 3058 1622 3058 1622 3059 1630 3059 1631 3059 1622 3060 1631 3060 1590 3060 1590 3061 1631 3061 1632 3061 1633 3062 1634 3062 1590 3062 1588 3063 1633 3063 1586 3063 1586 3064 1633 3064 1590 3064 1586 3065 1590 3065 1635 3065 1635 3066 1590 3066 1624 3066 1635 3067 1624 3067 1636 3067 1636 3068 1624 3068 1637 3068 1638 3069 1639 3069 1632 3069 1632 3070 1639 3070 1640 3070 1632 3071 1640 3071 1590 3071 1590 3072 1640 3072 1641 3072 1642 3073 1643 3073 1590 3073 1596 3074 1642 3074 1594 3074 1594 3075 1642 3075 1590 3075 1594 3076 1590 3076 1644 3076 1644 3077 1590 3077 1634 3077 1644 3078 1634 3078 1645 3078 1645 3079 1634 3079 1646 3079 1647 3080 1648 3080 1590 3080 1649 3081 1650 3081 1643 3081 1643 3082 1650 3082 1651 3082 1643 3083 1651 3083 1590 3083 1590 3084 1651 3084 1652 3084 1653 3085 1654 3085 1590 3085 1582 3086 1647 3086 1580 3086 1580 3087 1647 3087 1590 3087 1580 3088 1590 3088 1655 3088 1655 3089 1590 3089 1641 3089 1655 3090 1641 3090 1656 3090 1656 3091 1641 3091 1657 3091 1607 3092 1653 3092 1605 3092 1605 3093 1653 3093 1590 3093 1605 3094 1590 3094 1658 3094 1658 3095 1590 3095 1652 3095 1658 3096 1652 3096 1659 3096 1659 3097 1652 3097 1660 3097 1585 3098 1623 3098 1583 3098 1583 3099 1623 3099 1590 3099 1583 3100 1590 3100 1661 3100 1661 3101 1590 3101 1648 3101 1661 3102 1648 3102 1662 3102 1662 3103 1648 3103 1663 3103 1664 3104 1665 3104 1654 3104 1654 3105 1665 3105 1666 3105 1654 3106 1666 3106 1590 3106 1590 3107 1666 3107 1667 3107 1668 3108 1570 3108 1669 3108 1669 3109 1570 3109 1573 3109 1669 3110 1573 3110 1628 3110 1628 3111 1573 3111 1590 3111 1628 3112 1590 3112 1627 3112 1627 3113 1590 3113 1670 3113 1614 3114 1670 3114 1612 3114 1612 3115 1670 3115 1590 3115 1612 3116 1590 3116 1671 3116 1671 3117 1590 3117 1667 3117 1671 3118 1667 3118 1672 3118 1672 3119 1667 3119 1673 3119 1674 3120 1592 3120 1675 3120 1675 3121 1592 3121 1590 3121 1675 3122 1590 3122 1676 3122 1590 3123 1677 3123 1676 3123 1676 3124 1677 3124 1678 3124 1676 3125 1678 3125 1679 3125 1679 3126 1678 3126 1680 3126 1679 3127 1680 3127 1681 3127 1681 3128 1680 3128 1682 3128 1681 3129 1682 3129 1683 3129 1683 3130 1682 3130 1684 3130 1683 3131 1684 3131 1685 3131 1686 3132 1687 3132 1688 3132 1685 3133 1684 3133 1688 3133 1688 3134 1684 3134 1689 3134 1688 3135 1689 3135 1686 3135 1686 3136 1689 3136 1690 3136 1686 3137 1690 3137 1691 3137 1691 3138 1690 3138 1692 3138 1691 3139 1692 3139 1693 3139 1693 3140 1692 3140 1694 3140 1693 3141 1694 3141 1695 3141 1696 3142 1695 3142 1697 3142 1697 3143 1695 3143 1694 3143 1578 3144 1698 3144 1579 3144 1579 3145 1698 3145 1699 3145 1432 3146 1434 3146 1700 3146 1290 3147 1292 3147 1456 3147 1292 3148 1448 3148 1450 3148 1298 3149 1547 3149 1548 3149 1520 3150 1440 3150 1555 3150 1555 3151 1440 3151 1554 3151 1404 3152 1406 3152 1528 3152 1450 3153 1452 3153 1292 3153 1292 3154 1452 3154 1454 3154 1292 3155 1454 3155 1456 3155 1296 3156 1298 3156 1551 3156 1520 3157 1521 3157 1440 3157 1440 3158 1521 3158 1522 3158 1440 3159 1522 3159 1523 3159 1352 3160 1354 3160 1701 3160 1290 3161 1456 3161 1288 3161 1288 3162 1456 3162 1458 3162 1288 3163 1458 3163 1460 3163 1548 3164 1549 3164 1298 3164 1298 3165 1549 3165 1550 3165 1298 3166 1550 3166 1551 3166 1554 3167 1440 3167 1553 3167 1553 3168 1440 3168 1442 3168 1553 3169 1442 3169 1552 3169 1552 3170 1442 3170 1444 3170 1552 3171 1444 3171 1446 3171 1440 3172 1406 3172 1408 3172 1700 3173 1346 3173 1348 3173 1446 3174 1448 3174 1552 3174 1552 3175 1448 3175 1292 3175 1552 3176 1292 3176 1551 3176 1551 3177 1292 3177 1294 3177 1551 3178 1294 3178 1296 3178 1528 3179 1406 3179 1527 3179 1700 3180 1348 3180 1701 3180 1701 3181 1348 3181 1350 3181 1701 3182 1350 3182 1352 3182 1523 3183 1524 3183 1440 3183 1440 3184 1524 3184 1525 3184 1440 3185 1525 3185 1406 3185 1406 3186 1525 3186 1526 3186 1406 3187 1526 3187 1527 3187 1434 3188 1342 3188 1700 3188 1700 3189 1342 3189 1344 3189 1700 3190 1344 3190 1346 3190 1354 3191 1356 3191 1701 3191 1701 3192 1356 3192 1358 3192 1701 3193 1358 3193 1702 3193 1702 3194 1358 3194 1360 3194 1702 3195 1360 3195 1703 3195 1703 3196 1360 3196 1362 3196 1703 3197 1362 3197 1704 3197 1704 3198 1362 3198 1364 3198 1704 3199 1364 3199 1705 3199 1705 3200 1364 3200 1366 3200 1705 3201 1366 3201 1706 3201 1706 3202 1366 3202 1368 3202 1376 3203 1699 3203 1374 3203 1374 3204 1699 3204 1707 3204 1374 3205 1707 3205 1372 3205 1372 3206 1707 3206 1708 3206 1372 3207 1708 3207 1370 3207 1370 3208 1708 3208 1709 3208 1370 3209 1709 3209 1368 3209 1368 3210 1709 3210 1710 3210 1368 3211 1710 3211 1706 3211 1579 3212 1384 3212 1386 3212 1386 3213 1388 3213 1579 3213 1579 3214 1388 3214 1390 3214 1579 3215 1390 3215 1392 3215 1306 3216 1308 3216 1573 3216 1573 3217 1308 3217 1310 3217 1573 3218 1310 3218 1312 3218 1312 3219 1314 3219 1573 3219 1573 3220 1314 3220 1316 3220 1573 3221 1316 3221 1590 3221 1590 3222 1316 3222 1318 3222 1398 3223 1400 3223 1528 3223 1528 3224 1400 3224 1402 3224 1528 3225 1402 3225 1404 3225 1434 3226 1436 3226 1342 3226 1342 3227 1436 3227 1438 3227 1342 3228 1438 3228 1340 3228 1340 3229 1438 3229 1440 3229 1340 3230 1440 3230 1410 3230 1410 3231 1440 3231 1408 3231 1376 3232 1378 3232 1699 3232 1699 3233 1378 3233 1380 3233 1699 3234 1380 3234 1579 3234 1579 3235 1380 3235 1382 3235 1579 3236 1382 3236 1384 3236 1298 3237 1300 3237 1547 3237 1547 3238 1300 3238 1302 3238 1547 3239 1302 3239 1304 3239 1530 3240 1392 3240 1529 3240 1529 3241 1392 3241 1394 3241 1529 3242 1394 3242 1528 3242 1528 3243 1394 3243 1396 3243 1528 3244 1396 3244 1398 3244 1268 3245 1694 3245 1338 3245 1338 3246 1694 3246 1692 3246 1338 3247 1692 3247 1336 3247 1336 3248 1692 3248 1690 3248 1336 3249 1690 3249 1334 3249 1334 3250 1690 3250 1689 3250 1334 3251 1689 3251 1332 3251 1332 3252 1689 3252 1684 3252 1332 3253 1684 3253 1330 3253 1330 3254 1684 3254 1682 3254 1330 3255 1682 3255 1328 3255 1328 3256 1682 3256 1680 3256 1328 3257 1680 3257 1326 3257 1326 3258 1680 3258 1678 3258 1326 3259 1678 3259 1324 3259 1324 3260 1678 3260 1677 3260 1324 3261 1677 3261 1322 3261 1322 3262 1677 3262 1590 3262 1322 3263 1590 3263 1320 3263 1320 3264 1590 3264 1318 3264 1304 3265 1306 3265 1547 3265 1547 3266 1306 3266 1573 3266 1547 3267 1573 3267 1546 3267 1546 3268 1573 3268 1568 3268 1546 3269 1568 3269 1545 3269 1545 3270 1568 3270 1566 3270 1545 3271 1566 3271 1544 3271 1544 3272 1566 3272 1564 3272 1544 3273 1564 3273 1543 3273 1543 3274 1564 3274 1562 3274 1543 3275 1562 3275 1542 3275 1542 3276 1562 3276 1561 3276 1542 3277 1561 3277 1541 3277 1541 3278 1561 3278 1560 3278 1541 3279 1560 3279 1540 3279 1540 3280 1560 3280 1575 3280 1540 3281 1575 3281 1539 3281 1539 3282 1575 3282 1577 3282 1539 3283 1577 3283 1538 3283 1538 3284 1577 3284 1579 3284 1538 3285 1579 3285 1537 3285 1276 3286 1278 3286 1697 3286 1278 3287 1280 3287 1697 3287 1697 3288 1280 3288 1282 3288 1697 3289 1282 3289 1284 3289 1460 3290 1462 3290 1288 3290 1288 3291 1462 3291 1464 3291 1288 3292 1464 3292 1286 3292 1286 3293 1464 3293 1466 3293 1286 3294 1466 3294 1284 3294 1284 3295 1466 3295 1468 3295 1284 3296 1468 3296 1470 3296 1530 3297 1531 3297 1392 3297 1392 3298 1531 3298 1532 3298 1392 3299 1532 3299 1533 3299 1533 3300 1534 3300 1392 3300 1392 3301 1534 3301 1535 3301 1392 3302 1535 3302 1579 3302 1579 3303 1535 3303 1536 3303 1579 3304 1536 3304 1537 3304 1268 3305 1270 3305 1694 3305 1694 3306 1270 3306 1272 3306 1694 3307 1272 3307 1697 3307 1697 3308 1272 3308 1274 3308 1697 3309 1274 3309 1276 3309 1480 3310 1697 3310 1478 3310 1478 3311 1697 3311 1284 3311 1478 3312 1284 3312 1476 3312 1470 3313 1472 3313 1284 3313 1284 3314 1472 3314 1474 3314 1284 3315 1474 3315 1476 3315 1480 3316 1482 3316 1697 3316 1697 3317 1482 3317 1412 3317 1697 3318 1412 3318 1711 3318 1711 3319 1412 3319 1414 3319 1711 3320 1414 3320 1712 3320 1712 3321 1414 3321 1416 3321 1712 3322 1416 3322 1713 3322 1713 3323 1416 3323 1418 3323 1713 3324 1418 3324 1714 3324 1714 3325 1418 3325 1420 3325 1714 3326 1420 3326 1715 3326 1715 3327 1420 3327 1422 3327 1715 3328 1422 3328 1716 3328 1716 3329 1422 3329 1424 3329 1716 3330 1424 3330 1717 3330 1717 3331 1424 3331 1426 3331 1717 3332 1426 3332 1718 3332 1718 3333 1426 3333 1428 3333 1718 3334 1428 3334 1700 3334 1700 3335 1428 3335 1430 3335 1700 3336 1430 3336 1432 3336 1719 3337 1720 3337 1721 3337 1721 3338 1720 3338 1722 3338 1723 3339 1724 3339 1725 3339 1725 3340 1724 3340 1726 3340 1727 3341 1728 3341 1729 3341 1729 3342 1728 3342 1730 3342 1731 3343 1732 3343 1733 3343 1733 3344 1732 3344 1734 3344 1735 3345 1736 3345 1737 3345 1737 3346 1736 3346 1738 3346 1737 3347 1738 3347 1739 3347 1740 3348 1741 3348 1742 3348 1742 3349 1741 3349 1743 3349 1742 3350 1743 3350 1744 3350 1745 3351 1746 3351 1747 3351 1747 3352 1746 3352 1748 3352 1749 3353 1750 3353 1751 3353 1751 3354 1750 3354 1752 3354 1753 3355 1754 3355 1755 3355 1755 3356 1754 3356 1756 3356 1755 3357 1756 3357 1757 3357 1758 3358 1759 3358 1760 3358 1760 3359 1759 3359 1761 3359 1570 3360 1668 3360 1762 3360 1763 3361 1571 3361 1570 3361 1764 3362 1765 3362 1766 3362 1766 3363 1765 3363 1767 3363 1570 3364 1762 3364 1763 3364 1763 3365 1762 3365 1768 3365 1763 3366 1768 3366 1769 3366 1769 3367 1768 3367 1770 3367 1769 3368 1770 3368 1771 3368 1771 3369 1770 3369 1766 3369 1771 3370 1766 3370 1772 3370 1772 3371 1766 3371 1767 3371 1772 3372 1767 3372 1773 3372 1774 3373 1775 3373 1776 3373 1776 3374 1775 3374 1777 3374 1778 3375 1779 3375 1780 3375 1780 3376 1779 3376 1781 3376 1782 3377 1783 3377 1784 3377 1784 3378 1783 3378 1785 3378 1786 3379 1787 3379 1788 3379 1788 3380 1787 3380 1789 3380 1790 3381 1791 3381 1792 3381 1792 3382 1791 3382 1793 3382 1592 3383 1674 3383 1794 3383 1795 3384 1796 3384 1797 3384 1798 3385 1593 3385 1592 3385 1592 3386 1794 3386 1798 3386 1798 3387 1794 3387 1799 3387 1798 3388 1799 3388 1800 3388 1800 3389 1799 3389 1801 3389 1800 3390 1801 3390 1802 3390 1802 3391 1801 3391 1795 3391 1802 3392 1795 3392 1803 3392 1803 3393 1795 3393 1797 3393 1803 3394 1797 3394 1804 3394 1805 3395 1806 3395 1807 3395 1807 3396 1806 3396 1808 3396 1809 3397 1810 3397 1811 3397 1811 3398 1810 3398 1812 3398 1811 3399 1812 3399 1813 3399 1814 3400 1815 3400 1816 3400 1816 3401 1815 3401 1817 3401 1818 3402 1819 3402 1820 3402 1820 3403 1819 3403 1821 3403 1822 3404 1823 3404 1824 3404 1824 3405 1823 3405 1698 3405 1824 3406 1698 3406 1825 3406 1825 3407 1698 3407 1557 3407 1557 3408 1698 3408 1578 3408 1557 3409 1578 3409 1558 3409 1558 3410 1578 3410 1576 3410 1558 3411 1576 3411 1574 3411 1826 3412 1827 3412 1828 3412 1828 3413 1827 3413 1696 3413 1827 3414 1829 3414 1696 3414 1696 3415 1829 3415 1687 3415 1696 3416 1687 3416 1695 3416 1695 3417 1687 3417 1686 3417 1695 3418 1686 3418 1693 3418 1693 3419 1686 3419 1691 3419 1830 3420 1773 3420 1767 3420 1831 3421 1830 3421 1702 3421 1702 3422 1703 3422 1831 3422 1831 3423 1703 3423 1704 3423 1831 3424 1704 3424 1832 3424 1832 3425 1704 3425 1705 3425 1832 3426 1705 3426 1833 3426 1833 3427 1705 3427 1706 3427 1833 3428 1706 3428 1834 3428 1834 3429 1706 3429 1710 3429 1834 3430 1710 3430 1835 3430 1824 3431 1825 3431 1836 3431 1835 3432 1710 3432 1836 3432 1836 3433 1710 3433 1709 3433 1836 3434 1709 3434 1824 3434 1824 3435 1709 3435 1708 3435 1824 3436 1708 3436 1822 3436 1822 3437 1708 3437 1707 3437 1822 3438 1707 3438 1823 3438 1823 3439 1707 3439 1699 3439 1823 3440 1699 3440 1698 3440 1830 3441 1767 3441 1702 3441 1702 3442 1767 3442 1765 3442 1702 3443 1765 3443 1701 3443 1837 3444 1701 3444 1838 3444 1838 3445 1701 3445 1765 3445 1838 3446 1765 3446 1764 3446 1839 3447 1840 3447 1837 3447 1837 3448 1840 3448 1841 3448 1837 3449 1841 3449 1701 3449 1701 3450 1841 3450 1842 3450 1701 3451 1842 3451 1700 3451 1843 3452 1844 3452 1845 3452 1846 3453 1847 3453 1700 3453 1848 3454 1720 3454 1719 3454 1845 3455 1846 3455 1843 3455 1843 3456 1846 3456 1700 3456 1843 3457 1700 3457 1849 3457 1849 3458 1700 3458 1842 3458 1849 3459 1842 3459 1850 3459 1850 3460 1842 3460 1851 3460 1852 3461 1853 3461 1700 3461 1854 3462 1819 3462 1818 3462 1719 3463 1852 3463 1848 3463 1848 3464 1852 3464 1700 3464 1848 3465 1700 3465 1855 3465 1855 3466 1700 3466 1847 3466 1855 3467 1847 3467 1774 3467 1774 3468 1847 3468 1775 3468 1856 3469 1857 3469 1700 3469 1759 3470 1758 3470 1853 3470 1853 3471 1758 3471 1858 3471 1853 3472 1858 3472 1700 3472 1700 3473 1858 3473 1854 3473 1700 3474 1854 3474 1856 3474 1856 3475 1854 3475 1818 3475 1859 3476 1724 3476 1723 3476 1860 3477 1861 3477 1700 3477 1723 3478 1860 3478 1859 3478 1859 3479 1860 3479 1700 3479 1859 3480 1700 3480 1862 3480 1862 3481 1700 3481 1857 3481 1862 3482 1857 3482 1778 3482 1778 3483 1857 3483 1779 3483 1863 3484 1815 3484 1814 3484 1864 3485 1865 3485 1700 3485 1814 3486 1864 3486 1863 3486 1863 3487 1864 3487 1700 3487 1863 3488 1700 3488 1866 3488 1866 3489 1700 3489 1861 3489 1866 3490 1861 3490 1754 3490 1754 3491 1861 3491 1756 3491 1867 3492 1728 3492 1727 3492 1868 3493 1869 3493 1700 3493 1727 3494 1868 3494 1867 3494 1867 3495 1868 3495 1700 3495 1867 3496 1700 3496 1870 3496 1870 3497 1700 3497 1865 3497 1870 3498 1865 3498 1782 3498 1782 3499 1865 3499 1783 3499 1871 3500 1809 3500 1811 3500 1872 3501 1873 3501 1700 3501 1811 3502 1872 3502 1871 3502 1871 3503 1872 3503 1700 3503 1871 3504 1700 3504 1874 3504 1874 3505 1700 3505 1869 3505 1874 3506 1869 3506 1749 3506 1749 3507 1869 3507 1750 3507 1875 3508 1732 3508 1731 3508 1876 3509 1877 3509 1700 3509 1731 3510 1876 3510 1875 3510 1875 3511 1876 3511 1700 3511 1875 3512 1700 3512 1878 3512 1878 3513 1700 3513 1873 3513 1878 3514 1873 3514 1786 3514 1786 3515 1873 3515 1787 3515 1879 3516 1806 3516 1805 3516 1880 3517 1881 3517 1700 3517 1805 3518 1880 3518 1879 3518 1879 3519 1880 3519 1700 3519 1879 3520 1700 3520 1882 3520 1882 3521 1700 3521 1877 3521 1882 3522 1877 3522 1745 3522 1745 3523 1877 3523 1746 3523 1883 3524 1735 3524 1737 3524 1884 3525 1885 3525 1700 3525 1737 3526 1884 3526 1883 3526 1883 3527 1884 3527 1700 3527 1883 3528 1700 3528 1886 3528 1886 3529 1700 3529 1881 3529 1886 3530 1881 3530 1790 3530 1790 3531 1881 3531 1791 3531 1804 3532 1797 3532 1887 3532 1887 3533 1797 3533 1700 3533 1887 3534 1700 3534 1888 3534 1888 3535 1700 3535 1885 3535 1888 3536 1885 3536 1742 3536 1742 3537 1885 3537 1740 3537 1889 3538 1829 3538 1827 3538 1890 3539 1889 3539 1713 3539 1713 3540 1714 3540 1890 3540 1890 3541 1714 3541 1715 3541 1890 3542 1715 3542 1891 3542 1891 3543 1715 3543 1716 3543 1891 3544 1716 3544 1892 3544 1892 3545 1716 3545 1717 3545 1892 3546 1717 3546 1893 3546 1893 3547 1717 3547 1718 3547 1893 3548 1718 3548 1894 3548 1797 3549 1796 3549 1895 3549 1894 3550 1718 3550 1895 3550 1895 3551 1718 3551 1700 3551 1895 3552 1700 3552 1797 3552 1889 3553 1827 3553 1713 3553 1713 3554 1827 3554 1826 3554 1713 3555 1826 3555 1712 3555 1712 3556 1826 3556 1828 3556 1712 3557 1828 3557 1711 3557 1711 3558 1828 3558 1696 3558 1711 3559 1696 3559 1697 3559 1557 3560 1556 3560 1825 3560 1825 3561 1556 3561 1836 3561 1572 3562 1830 3562 1569 3562 1569 3563 1830 3563 1831 3563 1569 3564 1831 3564 1832 3564 1832 3565 1833 3565 1569 3565 1569 3566 1833 3566 1834 3566 1569 3567 1834 3567 1835 3567 1836 3568 1556 3568 1835 3568 1835 3569 1556 3569 1559 3569 1835 3570 1559 3570 1563 3570 1563 3571 1565 3571 1835 3571 1835 3572 1565 3572 1567 3572 1835 3573 1567 3573 1569 3573 1772 3574 1773 3574 1830 3574 1571 3575 1763 3575 1572 3575 1572 3576 1763 3576 1769 3576 1572 3577 1769 3577 1830 3577 1830 3578 1769 3578 1771 3578 1830 3579 1771 3579 1772 3579 1846 3580 1845 3580 1896 3580 1896 3581 1845 3581 1897 3581 1856 3582 1818 3582 1898 3582 1898 3583 1818 3583 1820 3583 1779 3584 1857 3584 1781 3584 1781 3585 1857 3585 1899 3585 1899 3586 1857 3586 1900 3586 1900 3587 1857 3587 1856 3587 1900 3588 1856 3588 1898 3588 1864 3589 1814 3589 1901 3589 1901 3590 1814 3590 1816 3590 1783 3591 1865 3591 1785 3591 1785 3592 1865 3592 1902 3592 1902 3593 1865 3593 1903 3593 1903 3594 1865 3594 1864 3594 1903 3595 1864 3595 1901 3595 1872 3596 1811 3596 1904 3596 1904 3597 1811 3597 1813 3597 1787 3598 1873 3598 1789 3598 1789 3599 1873 3599 1905 3599 1873 3600 1872 3600 1905 3600 1905 3601 1872 3601 1904 3601 1880 3602 1805 3602 1906 3602 1906 3603 1805 3603 1807 3603 1791 3604 1881 3604 1793 3604 1793 3605 1881 3605 1907 3605 1880 3606 1906 3606 1881 3606 1881 3607 1906 3607 1908 3607 1881 3608 1908 3608 1907 3608 1794 3609 1674 3609 1675 3609 1796 3610 1795 3610 1895 3610 1895 3611 1795 3611 1801 3611 1895 3612 1801 3612 1675 3612 1675 3613 1801 3613 1799 3613 1675 3614 1799 3614 1794 3614 1895 3615 1675 3615 1676 3615 1685 3616 1688 3616 1889 3616 1895 3617 1676 3617 1894 3617 1894 3618 1676 3618 1679 3618 1894 3619 1679 3619 1681 3619 1889 3620 1890 3620 1685 3620 1685 3621 1890 3621 1891 3621 1685 3622 1891 3622 1892 3622 1681 3623 1683 3623 1894 3623 1894 3624 1683 3624 1685 3624 1894 3625 1685 3625 1893 3625 1893 3626 1685 3626 1892 3626 1688 3627 1687 3627 1889 3627 1889 3628 1687 3628 1829 3628 1886 3629 1790 3629 1909 3629 1909 3630 1790 3630 1792 3630 1735 3631 1883 3631 1736 3631 1736 3632 1883 3632 1910 3632 1886 3633 1909 3633 1883 3633 1883 3634 1909 3634 1911 3634 1883 3635 1911 3635 1910 3635 1878 3636 1786 3636 1912 3636 1912 3637 1786 3637 1788 3637 1732 3638 1875 3638 1734 3638 1734 3639 1875 3639 1913 3639 1878 3640 1912 3640 1875 3640 1875 3641 1912 3641 1914 3641 1875 3642 1914 3642 1913 3642 1870 3643 1782 3643 1915 3643 1915 3644 1782 3644 1784 3644 1728 3645 1867 3645 1730 3645 1730 3646 1867 3646 1916 3646 1870 3647 1915 3647 1867 3647 1867 3648 1915 3648 1917 3648 1867 3649 1917 3649 1916 3649 1862 3650 1778 3650 1918 3650 1918 3651 1778 3651 1780 3651 1724 3652 1859 3652 1726 3652 1726 3653 1859 3653 1919 3653 1919 3654 1859 3654 1920 3654 1920 3655 1859 3655 1862 3655 1920 3656 1862 3656 1918 3656 1855 3657 1774 3657 1921 3657 1921 3658 1774 3658 1776 3658 1720 3659 1848 3659 1722 3659 1722 3660 1848 3660 1922 3660 1855 3661 1921 3661 1848 3661 1848 3662 1921 3662 1923 3662 1848 3663 1923 3663 1922 3663 1762 3664 1668 3664 1669 3664 1764 3665 1766 3665 1838 3665 1838 3666 1766 3666 1770 3666 1838 3667 1770 3667 1669 3667 1669 3668 1770 3668 1768 3668 1669 3669 1768 3669 1762 3669 1628 3670 1924 3670 1669 3670 1669 3671 1924 3671 1925 3671 1669 3672 1925 3672 1926 3672 1927 3673 1928 3673 1838 3673 1838 3674 1928 3674 1929 3674 1838 3675 1929 3675 1837 3675 1926 3676 1930 3676 1669 3676 1669 3677 1930 3677 1931 3677 1669 3678 1931 3678 1838 3678 1838 3679 1931 3679 1932 3679 1838 3680 1932 3680 1927 3680 1858 3681 1758 3681 1933 3681 1933 3682 1758 3682 1760 3682 1819 3683 1854 3683 1821 3683 1821 3684 1854 3684 1934 3684 1934 3685 1854 3685 1935 3685 1935 3686 1854 3686 1858 3686 1935 3687 1858 3687 1933 3687 1866 3688 1754 3688 1936 3688 1936 3689 1754 3689 1753 3689 1815 3690 1863 3690 1817 3690 1817 3691 1863 3691 1937 3691 1863 3692 1866 3692 1937 3692 1937 3693 1866 3693 1936 3693 1874 3694 1749 3694 1938 3694 1938 3695 1749 3695 1751 3695 1809 3696 1871 3696 1810 3696 1810 3697 1871 3697 1939 3697 1871 3698 1874 3698 1939 3698 1939 3699 1874 3699 1938 3699 1882 3700 1745 3700 1940 3700 1940 3701 1745 3701 1747 3701 1806 3702 1879 3702 1808 3702 1808 3703 1879 3703 1941 3703 1882 3704 1940 3704 1879 3704 1879 3705 1940 3705 1942 3705 1879 3706 1942 3706 1941 3706 1888 3707 1742 3707 1943 3707 1943 3708 1742 3708 1744 3708 1803 3709 1804 3709 1887 3709 1593 3710 1798 3710 1591 3710 1591 3711 1798 3711 1800 3711 1591 3712 1800 3712 1887 3712 1887 3713 1800 3713 1802 3713 1887 3714 1802 3714 1803 3714 1884 3715 1737 3715 1944 3715 1944 3716 1737 3716 1739 3716 1740 3717 1885 3717 1741 3717 1741 3718 1885 3718 1945 3718 1884 3719 1944 3719 1885 3719 1885 3720 1944 3720 1946 3720 1885 3721 1946 3721 1945 3721 1876 3722 1731 3722 1947 3722 1947 3723 1731 3723 1733 3723 1746 3724 1877 3724 1748 3724 1748 3725 1877 3725 1948 3725 1876 3726 1947 3726 1877 3726 1877 3727 1947 3727 1949 3727 1877 3728 1949 3728 1948 3728 1868 3729 1727 3729 1950 3729 1950 3730 1727 3730 1729 3730 1750 3731 1869 3731 1752 3731 1752 3732 1869 3732 1951 3732 1868 3733 1950 3733 1869 3733 1869 3734 1950 3734 1952 3734 1869 3735 1952 3735 1951 3735 1860 3736 1723 3736 1953 3736 1953 3737 1723 3737 1725 3737 1756 3738 1861 3738 1757 3738 1757 3739 1861 3739 1954 3739 1861 3740 1860 3740 1954 3740 1954 3741 1860 3741 1953 3741 1852 3742 1719 3742 1955 3742 1955 3743 1719 3743 1721 3743 1759 3744 1853 3744 1761 3744 1761 3745 1853 3745 1956 3745 1956 3746 1853 3746 1957 3746 1957 3747 1853 3747 1852 3747 1957 3748 1852 3748 1955 3748 1958 3749 1847 3749 1959 3749 1959 3750 1847 3750 1846 3750 1959 3751 1846 3751 1896 3751 1666 3752 1960 3752 1667 3752 1667 3753 1960 3753 1961 3753 1667 3754 1961 3754 1962 3754 1775 3755 1847 3755 1777 3755 1777 3756 1847 3756 1958 3756 1666 3757 1665 3757 1960 3757 1960 3758 1665 3758 1963 3758 1673 3759 1667 3759 1964 3759 1964 3760 1667 3760 1962 3760 1665 3761 1664 3761 1963 3761 1963 3762 1664 3762 1965 3762 1845 3763 1844 3763 1897 3763 1897 3764 1844 3764 1966 3764 1672 3765 1673 3765 1967 3765 1967 3766 1673 3766 1964 3766 1664 3767 1654 3767 1965 3767 1965 3768 1654 3768 1968 3768 1844 3769 1843 3769 1966 3769 1966 3770 1843 3770 1969 3770 1671 3771 1672 3771 1970 3771 1970 3772 1672 3772 1967 3772 1653 3773 1971 3773 1654 3773 1654 3774 1971 3774 1972 3774 1654 3775 1972 3775 1968 3775 1969 3776 1843 3776 1973 3776 1973 3777 1843 3777 1849 3777 1973 3778 1849 3778 1974 3778 1671 3779 1970 3779 1612 3779 1612 3780 1970 3780 1975 3780 1612 3781 1975 3781 1976 3781 1653 3782 1607 3782 1971 3782 1971 3783 1607 3783 1977 3783 1849 3784 1850 3784 1974 3784 1974 3785 1850 3785 1978 3785 1613 3786 1612 3786 1979 3786 1979 3787 1612 3787 1976 3787 1607 3788 1606 3788 1977 3788 1977 3789 1606 3789 1980 3789 1850 3790 1851 3790 1978 3790 1978 3791 1851 3791 1981 3791 1614 3792 1613 3792 1982 3792 1982 3793 1613 3793 1979 3793 1606 3794 1605 3794 1980 3794 1980 3795 1605 3795 1983 3795 1851 3796 1842 3796 1981 3796 1981 3797 1842 3797 1984 3797 1670 3798 1614 3798 1985 3798 1985 3799 1614 3799 1982 3799 1658 3800 1986 3800 1605 3800 1605 3801 1986 3801 1987 3801 1605 3802 1987 3802 1983 3802 1984 3803 1842 3803 1988 3803 1988 3804 1842 3804 1841 3804 1988 3805 1841 3805 1989 3805 1989 3806 1841 3806 1990 3806 1627 3807 1670 3807 1985 3807 1985 3808 1991 3808 1627 3808 1627 3809 1991 3809 1992 3809 1627 3810 1992 3810 1993 3810 1658 3811 1659 3811 1986 3811 1986 3812 1659 3812 1994 3812 1841 3813 1840 3813 1990 3813 1990 3814 1840 3814 1995 3814 1625 3815 1627 3815 1996 3815 1996 3816 1627 3816 1993 3816 1659 3817 1660 3817 1994 3817 1994 3818 1660 3818 1997 3818 1840 3819 1839 3819 1995 3819 1995 3820 1839 3820 1998 3820 1626 3821 1625 3821 1999 3821 1999 3822 1625 3822 1996 3822 1660 3823 1652 3823 1997 3823 1997 3824 1652 3824 2000 3824 1839 3825 1837 3825 1998 3825 1998 3826 1837 3826 1929 3826 1628 3827 1626 3827 1924 3827 1924 3828 1626 3828 1999 3828 1651 3829 2001 3829 1652 3829 1652 3830 2001 3830 2002 3830 1652 3831 2002 3831 2000 3831 1651 3832 1650 3832 2001 3832 2001 3833 1650 3833 2003 3833 1650 3834 1649 3834 2003 3834 2003 3835 1649 3835 2004 3835 1649 3836 1643 3836 2004 3836 2004 3837 1643 3837 2005 3837 1642 3838 2006 3838 1643 3838 1643 3839 2006 3839 2007 3839 1643 3840 2007 3840 2005 3840 1642 3841 1596 3841 2006 3841 2006 3842 1596 3842 2008 3842 1596 3843 1595 3843 2008 3843 2008 3844 1595 3844 2009 3844 1595 3845 1594 3845 2009 3845 2009 3846 1594 3846 2010 3846 1644 3847 2011 3847 1594 3847 1594 3848 2011 3848 2012 3848 1594 3849 2012 3849 2010 3849 1644 3850 1645 3850 2011 3850 2011 3851 1645 3851 2013 3851 1645 3852 1646 3852 2013 3852 2013 3853 1646 3853 2014 3853 1646 3854 1634 3854 2014 3854 2014 3855 1634 3855 2015 3855 1634 3856 1633 3856 2015 3856 2015 3857 1633 3857 2016 3857 1633 3858 1588 3858 2016 3858 2016 3859 1588 3859 2017 3859 1587 3860 2018 3860 1588 3860 1588 3861 2018 3861 2019 3861 1588 3862 2019 3862 2017 3862 1587 3863 1586 3863 2018 3863 2018 3864 1586 3864 2020 3864 1586 3865 1635 3865 2020 3865 2020 3866 1635 3866 2021 3866 1635 3867 1636 3867 2021 3867 2021 3868 1636 3868 2022 3868 1636 3869 1637 3869 2022 3869 2022 3870 1637 3870 2023 3870 1637 3871 1624 3871 2023 3871 2023 3872 1624 3872 2024 3872 1623 3873 2025 3873 1624 3873 1624 3874 2025 3874 2026 3874 1624 3875 2026 3875 2024 3875 1623 3876 1585 3876 2025 3876 2025 3877 1585 3877 2027 3877 1585 3878 1584 3878 2027 3878 2027 3879 1584 3879 2028 3879 1584 3880 1583 3880 2028 3880 2028 3881 1583 3881 2029 3881 2029 3882 1583 3882 2030 3882 2030 3883 1583 3883 1661 3883 2030 3884 1661 3884 2031 3884 1661 3885 1662 3885 2031 3885 2031 3886 1662 3886 2032 3886 1662 3887 1663 3887 2032 3887 2032 3888 1663 3888 2033 3888 1663 3889 1648 3889 2033 3889 2033 3890 1648 3890 2034 3890 2034 3891 1648 3891 2035 3891 2035 3892 1648 3892 1647 3892 2035 3893 1647 3893 2036 3893 1647 3894 1582 3894 2036 3894 2036 3895 1582 3895 2037 3895 1582 3896 1581 3896 2037 3896 2037 3897 1581 3897 2038 3897 1581 3898 1580 3898 2038 3898 2038 3899 1580 3899 2039 3899 1580 3900 1655 3900 2039 3900 2039 3901 1655 3901 2040 3901 1655 3902 1656 3902 2040 3902 2040 3903 1656 3903 2041 3903 2041 3904 1656 3904 2042 3904 2042 3905 1656 3905 1657 3905 2042 3906 1657 3906 2043 3906 1657 3907 1641 3907 2043 3907 2043 3908 1641 3908 2044 3908 1641 3909 1640 3909 2044 3909 2044 3910 1640 3910 2045 3910 1640 3911 1639 3911 2045 3911 2045 3912 1639 3912 2046 3912 1639 3913 1638 3913 2046 3913 2046 3914 1638 3914 2047 3914 1638 3915 1632 3915 2047 3915 2047 3916 1632 3916 2048 3916 2048 3917 1632 3917 2049 3917 2049 3918 1632 3918 1631 3918 2049 3919 1631 3919 2050 3919 1631 3920 1630 3920 2050 3920 2050 3921 1630 3921 2051 3921 1630 3922 1629 3922 2051 3922 2051 3923 1629 3923 2052 3923 1629 3924 1622 3924 2052 3924 2052 3925 1622 3925 2053 3925 2053 3926 1622 3926 2054 3926 2054 3927 1622 3927 1621 3927 2054 3928 1621 3928 2055 3928 1621 3929 1620 3929 2055 3929 2055 3930 1620 3930 2056 3930 1620 3931 1619 3931 2056 3931 2056 3932 1619 3932 2057 3932 1619 3933 1618 3933 2057 3933 2057 3934 1618 3934 2058 3934 2058 3935 1618 3935 2059 3935 2059 3936 1618 3936 1617 3936 2059 3937 1617 3937 2060 3937 1617 3938 1616 3938 2060 3938 2060 3939 1616 3939 2061 3939 1616 3940 1615 3940 2061 3940 2061 3941 1615 3941 2062 3941 1615 3942 1611 3942 2062 3942 2062 3943 1611 3943 2063 3943 2063 3944 1611 3944 2064 3944 2064 3945 1611 3945 1610 3945 2064 3946 1610 3946 2065 3946 1610 3947 1609 3947 2065 3947 2065 3948 1609 3948 2066 3948 1609 3949 1608 3949 2066 3949 2066 3950 1608 3950 2067 3950 1608 3951 1604 3951 2067 3951 2067 3952 1604 3952 2068 3952 2068 3953 1604 3953 2069 3953 2069 3954 1604 3954 1603 3954 2069 3955 1603 3955 2070 3955 1603 3956 1602 3956 2070 3956 2070 3957 1602 3957 2071 3957 2071 3958 1602 3958 2072 3958 2072 3959 1602 3959 1601 3959 2072 3960 1601 3960 2073 3960 1601 3961 1600 3961 2073 3961 2073 3962 1600 3962 2074 3962 2074 3963 1600 3963 2075 3963 2075 3964 1600 3964 1599 3964 2075 3965 1599 3965 2076 3965 1599 3966 1598 3966 2076 3966 2076 3967 1598 3967 2077 3967 2077 3968 1598 3968 2078 3968 2078 3969 1598 3969 1597 3969 2078 3970 1597 3970 2079 3970 1597 3971 1589 3971 2079 3971 2079 3972 1589 3972 2080 3972 2081 3973 1887 3973 1943 3973 1943 3974 1887 3974 1888 3974 2081 3975 2082 3975 1887 3975 1887 3976 2082 3976 2083 3976 1887 3977 2083 3977 1591 3977 1591 3978 2083 3978 2084 3978 2084 3979 2085 3979 1591 3979 1591 3980 2085 3980 2080 3980 1591 3981 2080 3981 1589 3981 2086 3982 2087 3982 2088 3982 2086 3983 2088 3983 2089 3983 2090 3984 2091 3984 2088 3984 2088 3985 2091 3985 2092 3985 2088 3986 2092 3986 2089 3986 2093 3987 2094 3987 2088 3987 2088 3988 2094 3988 2095 3988 2088 3989 2095 3989 2090 3989 2096 3990 2097 3990 2088 3990 2088 3991 2097 3991 2098 3991 2088 3992 2098 3992 2093 3992 2099 3993 2100 3993 2088 3993 2088 3994 2100 3994 2101 3994 2088 3995 2101 3995 2096 3995 2102 3996 2103 3996 2088 3996 2088 3997 2103 3997 2104 3997 2088 3998 2104 3998 2099 3998 2105 3999 2106 3999 2088 3999 2088 4000 2106 4000 2107 4000 2088 4001 2107 4001 2102 4001 2108 4002 2109 4002 2088 4002 2088 4003 2109 4003 2110 4003 2088 4004 2110 4004 2105 4004 2111 4005 2112 4005 2088 4005 2088 4006 2112 4006 2113 4006 2088 4007 2113 4007 2108 4007 2114 4008 2115 4008 2088 4008 2088 4009 2115 4009 2116 4009 2088 4010 2116 4010 2111 4010 2117 4011 2118 4011 2088 4011 2088 4012 2118 4012 2119 4012 2088 4013 2119 4013 2114 4013 2120 4014 2121 4014 2088 4014 2088 4015 2121 4015 2122 4015 2088 4016 2122 4016 2117 4016 2123 4017 2124 4017 2088 4017 2088 4018 2124 4018 2125 4018 2088 4019 2125 4019 2120 4019 2126 4020 2127 4020 2088 4020 2088 4021 2127 4021 2128 4021 2088 4022 2128 4022 2123 4022 2129 4023 2130 4023 2088 4023 2088 4024 2130 4024 2131 4024 2088 4025 2131 4025 2126 4025 2132 4026 2133 4026 2088 4026 2088 4027 2133 4027 2134 4027 2088 4028 2134 4028 2129 4028 2135 4029 2136 4029 2088 4029 2088 4030 2136 4030 2137 4030 2088 4031 2137 4031 2132 4031 2138 4032 2139 4032 2088 4032 2088 4033 2139 4033 2140 4033 2088 4034 2140 4034 2135 4034 2087 4035 2141 4035 2088 4035 2088 4036 2141 4036 2142 4036 2088 4037 2142 4037 2138 4037 1899 4038 1900 4038 2101 4038 1904 4039 1813 4039 1812 4039 2000 4040 2002 4040 2132 4040 2024 4041 2026 4041 2130 4041 2034 4042 2035 4042 2126 4042 2048 4043 2049 4043 2128 4043 2078 4044 2079 4044 2080 4044 1744 4045 1743 4045 1943 4045 1943 4046 1743 4046 2111 4046 1943 4047 2111 4047 2081 4047 2081 4048 2111 4048 2116 4048 2081 4049 2116 4049 2082 4049 2082 4050 2116 4050 2115 4050 2082 4051 2115 4051 2083 4051 2083 4052 2115 4052 2114 4052 2083 4053 2114 4053 2084 4053 2084 4054 2114 4054 2119 4054 2084 4055 2119 4055 2085 4055 2085 4056 2119 4056 2118 4056 2085 4057 2118 4057 2080 4057 2080 4058 2118 4058 2117 4058 2080 4059 2117 4059 2078 4059 2077 4060 2078 4060 2076 4060 2076 4061 2078 4061 2117 4061 2076 4062 2117 4062 2075 4062 2075 4063 2117 4063 2122 4063 2075 4064 2122 4064 2074 4064 2074 4065 2122 4065 2121 4065 2074 4066 2121 4066 2073 4066 2073 4067 2121 4067 2072 4067 2066 4068 2067 4068 2065 4068 2065 4069 2067 4069 2068 4069 2071 4070 2072 4070 2070 4070 2070 4071 2072 4071 2121 4071 2070 4072 2121 4072 2069 4072 2069 4073 2121 4073 2120 4073 2069 4074 2120 4074 2068 4074 2068 4075 2120 4075 2125 4075 2068 4076 2125 4076 2065 4076 2061 4077 2062 4077 2060 4077 2060 4078 2062 4078 2063 4078 2059 4079 2060 4079 2124 4079 2124 4080 2060 4080 2063 4080 2124 4081 2063 4081 2125 4081 2125 4082 2063 4082 2064 4082 2125 4083 2064 4083 2065 4083 2056 4084 2057 4084 2055 4084 2055 4085 2057 4085 2058 4085 2059 4086 2124 4086 2058 4086 2058 4087 2124 4087 2123 4087 2058 4088 2123 4088 2055 4088 2051 4089 2052 4089 2050 4089 2050 4090 2052 4090 2053 4090 2049 4091 2050 4091 2128 4091 2128 4092 2050 4092 2053 4092 2128 4093 2053 4093 2123 4093 2123 4094 2053 4094 2054 4094 2123 4095 2054 4095 2055 4095 2045 4096 2046 4096 2047 4096 2047 4097 2048 4097 2045 4097 2045 4098 2048 4098 2128 4098 2045 4099 2128 4099 2044 4099 2044 4100 2128 4100 2127 4100 2044 4101 2127 4101 2043 4101 2043 4102 2127 4102 2042 4102 2037 4103 2038 4103 2036 4103 2036 4104 2038 4104 2039 4104 2041 4105 2042 4105 2040 4105 2040 4106 2042 4106 2127 4106 2040 4107 2127 4107 2039 4107 2039 4108 2127 4108 2126 4108 2039 4109 2126 4109 2036 4109 2036 4110 2126 4110 2035 4110 2031 4111 2032 4111 2033 4111 2027 4112 2028 4112 2025 4112 2025 4113 2028 4113 2029 4113 2033 4114 2034 4114 2031 4114 2031 4115 2034 4115 2126 4115 2031 4116 2126 4116 2030 4116 2030 4117 2126 4117 2131 4117 2030 4118 2131 4118 2029 4118 2029 4119 2131 4119 2130 4119 2029 4120 2130 4120 2025 4120 2025 4121 2130 4121 2026 4121 2021 4122 2022 4122 2023 4122 2023 4123 2024 4123 2021 4123 2021 4124 2024 4124 2130 4124 2021 4125 2130 4125 2020 4125 2020 4126 2130 4126 2129 4126 2020 4127 2129 4127 2018 4127 2018 4128 2129 4128 2019 4128 2011 4129 2129 4129 2012 4129 2012 4130 2129 4130 2134 4130 2012 4131 2134 4131 2010 4131 2017 4132 2019 4132 2016 4132 2016 4133 2019 4133 2129 4133 2016 4134 2129 4134 2015 4134 2015 4135 2129 4135 2011 4135 2015 4136 2011 4136 2014 4136 2014 4137 2011 4137 2013 4137 2006 4138 2008 4138 2009 4138 2003 4139 2004 4139 2001 4139 2001 4140 2004 4140 2005 4140 2009 4141 2010 4141 2006 4141 2006 4142 2010 4142 2134 4142 2006 4143 2134 4143 2007 4143 2007 4144 2134 4144 2133 4144 2007 4145 2133 4145 2005 4145 2005 4146 2133 4146 2132 4146 2005 4147 2132 4147 2001 4147 2001 4148 2132 4148 2002 4148 1986 4149 1994 4149 1997 4149 1971 4150 2137 4150 1972 4150 1972 4151 2137 4151 2136 4151 1972 4152 2136 4152 1968 4152 1997 4153 2000 4153 1986 4153 1986 4154 2000 4154 2132 4154 1986 4155 2132 4155 1987 4155 1987 4156 2132 4156 2137 4156 1987 4157 2137 4157 1983 4157 1983 4158 2137 4158 1971 4158 1983 4159 1971 4159 1980 4159 1980 4160 1971 4160 1977 4160 1960 4161 1963 4161 1965 4161 1970 4162 2135 4162 1975 4162 1975 4163 2135 4163 2140 4163 1975 4164 2140 4164 1976 4164 1965 4165 1968 4165 1960 4165 1960 4166 1968 4166 2136 4166 1960 4167 2136 4167 1961 4167 1961 4168 2136 4168 2135 4168 1961 4169 2135 4169 1962 4169 1962 4170 2135 4170 1970 4170 1962 4171 1970 4171 1964 4171 1964 4172 1970 4172 1967 4172 1985 4173 1982 4173 1979 4173 1979 4174 1976 4174 1985 4174 1985 4175 1976 4175 2140 4175 1985 4176 2140 4176 1991 4176 1991 4177 2140 4177 2139 4177 1991 4178 2139 4178 1992 4178 1992 4179 2139 4179 2138 4179 1992 4180 2138 4180 1993 4180 1924 4181 1999 4181 1996 4181 1739 4182 1738 4182 1944 4182 1944 4183 1738 4183 2113 4183 1944 4184 2113 4184 1946 4184 1946 4185 2113 4185 2112 4185 1946 4186 2112 4186 1945 4186 1945 4187 2112 4187 2111 4187 1945 4188 2111 4188 1741 4188 1741 4189 2111 4189 1743 4189 1911 4190 2108 4190 1910 4190 1910 4191 2108 4191 2113 4191 1910 4192 2113 4192 1736 4192 1736 4193 2113 4193 1738 4193 1792 4194 1793 4194 1909 4194 1909 4195 1793 4195 1907 4195 1908 4196 2109 4196 1907 4196 1907 4197 2109 4197 2108 4197 1907 4198 2108 4198 1909 4198 1909 4199 2108 4199 1911 4199 1807 4200 1808 4200 1906 4200 1906 4201 1808 4201 1941 4201 1942 4202 2110 4202 1941 4202 1941 4203 2110 4203 2109 4203 1941 4204 2109 4204 1906 4204 1906 4205 2109 4205 1908 4205 1747 4206 1748 4206 1940 4206 1940 4207 1748 4207 1948 4207 1942 4208 1940 4208 2110 4208 2110 4209 1940 4209 1948 4209 2110 4210 1948 4210 2105 4210 2105 4211 1948 4211 1949 4211 2105 4212 1949 4212 1947 4212 1733 4213 1734 4213 1947 4213 1947 4214 1734 4214 1913 4214 1947 4215 1913 4215 2105 4215 2105 4216 1913 4216 2106 4216 1788 4217 1789 4217 1912 4217 1912 4218 1789 4218 1905 4218 1913 4219 1914 4219 2106 4219 2106 4220 1914 4220 1912 4220 2106 4221 1912 4221 2107 4221 2107 4222 1912 4222 1905 4222 1905 4223 1904 4223 2107 4223 2107 4224 1904 4224 1812 4224 2107 4225 1812 4225 1939 4225 1939 4226 1812 4226 1810 4226 1751 4227 1752 4227 1938 4227 1938 4228 1752 4228 1951 4228 1939 4229 1938 4229 2107 4229 2107 4230 1938 4230 1951 4230 2107 4231 1951 4231 2102 4231 2102 4232 1951 4232 1952 4232 2102 4233 1952 4233 2103 4233 2103 4234 1952 4234 1950 4234 1915 4235 1784 4235 1785 4235 1785 4236 1902 4236 1915 4236 1915 4237 1902 4237 2104 4237 1915 4238 2104 4238 1917 4238 1917 4239 2104 4239 2103 4239 1917 4240 2103 4240 1916 4240 1916 4241 2103 4241 1950 4241 1916 4242 1950 4242 1730 4242 1730 4243 1950 4243 1729 4243 1816 4244 1817 4244 1901 4244 1901 4245 1817 4245 1937 4245 1902 4246 1903 4246 2104 4246 2104 4247 1903 4247 1901 4247 2104 4248 1901 4248 2099 4248 2099 4249 1901 4249 1937 4249 2099 4250 1937 4250 1936 4250 1755 4251 1757 4251 1954 4251 1953 4252 2100 4252 1954 4252 1954 4253 2100 4253 2099 4253 1954 4254 2099 4254 1755 4254 1755 4255 2099 4255 1936 4255 1755 4256 1936 4256 1753 4256 1918 4257 1780 4257 1781 4257 1781 4258 1899 4258 1918 4258 1918 4259 1899 4259 2101 4259 1918 4260 2101 4260 1920 4260 1920 4261 2101 4261 2100 4261 1920 4262 2100 4262 1919 4262 1919 4263 2100 4263 1953 4263 1919 4264 1953 4264 1726 4264 1726 4265 1953 4265 1725 4265 1820 4266 1821 4266 1898 4266 1898 4267 1821 4267 1934 4267 1933 4268 1760 4268 1761 4268 1761 4269 1956 4269 1933 4269 1933 4270 1956 4270 2097 4270 1933 4271 2097 4271 1935 4271 1935 4272 2097 4272 2096 4272 1935 4273 2096 4273 1934 4273 1934 4274 2096 4274 2101 4274 1934 4275 2101 4275 1898 4275 1898 4276 2101 4276 1900 4276 1721 4277 1722 4277 1955 4277 1955 4278 1722 4278 1922 4278 1956 4279 1957 4279 2097 4279 2097 4280 1957 4280 1955 4280 2097 4281 1955 4281 2098 4281 2098 4282 1955 4282 1922 4282 1776 4283 1777 4283 1921 4283 1921 4284 1777 4284 1958 4284 1922 4285 1923 4285 2098 4285 2098 4286 1923 4286 1921 4286 2098 4287 1921 4287 2093 4287 2093 4288 1921 4288 1958 4288 1897 4289 1966 4289 1896 4289 1896 4290 1966 4290 1969 4290 1958 4291 1959 4291 2093 4291 2093 4292 1959 4292 1896 4292 2093 4293 1896 4293 2094 4293 2094 4294 1896 4294 1969 4294 2094 4295 1969 4295 1973 4295 1978 4296 1981 4296 1974 4296 1974 4297 1981 4297 1984 4297 1990 4298 2091 4298 2090 4298 1973 4299 1974 4299 2094 4299 2094 4300 1974 4300 1984 4300 2094 4301 1984 4301 2095 4301 2095 4302 1984 4302 1988 4302 2095 4303 1988 4303 2090 4303 2090 4304 1988 4304 1989 4304 2090 4305 1989 4305 1990 4305 1996 4306 1993 4306 1924 4306 1924 4307 1993 4307 2138 4307 1924 4308 2138 4308 1925 4308 1925 4309 2138 4309 2142 4309 1925 4310 2142 4310 1926 4310 1926 4311 2142 4311 2141 4311 1926 4312 2141 4312 1930 4312 1930 4313 2141 4313 2087 4313 1930 4314 2087 4314 1931 4314 1931 4315 2087 4315 2086 4315 1931 4316 2086 4316 1932 4316 1932 4317 2086 4317 2089 4317 1932 4318 2089 4318 1927 4318 1927 4319 2089 4319 2092 4319 1927 4320 2092 4320 1928 4320 1928 4321 2092 4321 2091 4321 1928 4322 2091 4322 1929 4322 1929 4323 2091 4323 1990 4323 1929 4324 1990 4324 1998 4324 1998 4325 1990 4325 1995 4325 2143 4326 2144 4326 2145 4326 2145 4327 2144 4327 2146 4327 2145 4328 2146 4328 2147 4328 2148 4329 2149 4329 2145 4329 2145 4330 2149 4330 2150 4330 2145 4331 2150 4331 2143 4331 2151 4332 2152 4332 2145 4332 2145 4333 2152 4333 2153 4333 2145 4334 2153 4334 2148 4334 2154 4335 2155 4335 2145 4335 2145 4336 2155 4336 2156 4336 2145 4337 2156 4337 2151 4337 2157 4338 2158 4338 2145 4338 2145 4339 2158 4339 2159 4339 2145 4340 2159 4340 2154 4340 2160 4341 2161 4341 2145 4341 2145 4342 2161 4342 2162 4342 2145 4343 2162 4343 2157 4343 2163 4344 2164 4344 2145 4344 2145 4345 2164 4345 2165 4345 2145 4346 2165 4346 2160 4346 2166 4347 2167 4347 2145 4347 2145 4348 2167 4348 2168 4348 2145 4349 2168 4349 2163 4349 2169 4350 2170 4350 2145 4350 2145 4351 2170 4351 2171 4351 2145 4352 2171 4352 2166 4352 2172 4353 2173 4353 2145 4353 2145 4354 2173 4354 2174 4354 2145 4355 2174 4355 2169 4355 2175 4356 2176 4356 2145 4356 2145 4357 2176 4357 2177 4357 2145 4358 2177 4358 2172 4358 2147 4359 2178 4359 2145 4359 2145 4360 2178 4360 2179 4360 2145 4361 2179 4361 2175 4361 2165 4362 2180 4362 2160 4362 2160 4363 2180 4363 2181 4363 2160 4364 2181 4364 2161 4364 2161 4365 2181 4365 2182 4365 2161 4366 2182 4366 2162 4366 2162 4367 2182 4367 2183 4367 2162 4368 2183 4368 2157 4368 2157 4369 2183 4369 2184 4369 2157 4370 2184 4370 2158 4370 2158 4371 2184 4371 2185 4371 2158 4372 2185 4372 2159 4372 2159 4373 2185 4373 2186 4373 2159 4374 2186 4374 2154 4374 2154 4375 2186 4375 2187 4375 2154 4376 2187 4376 2155 4376 2155 4377 2187 4377 2188 4377 2155 4378 2188 4378 2156 4378 2156 4379 2188 4379 2189 4379 2156 4380 2189 4380 2151 4380 2151 4381 2189 4381 2190 4381 2151 4382 2190 4382 2152 4382 2152 4383 2190 4383 2191 4383 2152 4384 2191 4384 2153 4384 2153 4385 2191 4385 2192 4385 2153 4386 2192 4386 2148 4386 2148 4387 2192 4387 2193 4387 2148 4388 2193 4388 2149 4388 2149 4389 2193 4389 2194 4389 2149 4390 2194 4390 2150 4390 2150 4391 2194 4391 2195 4391 2150 4392 2195 4392 2143 4392 2143 4393 2195 4393 2196 4393 2143 4394 2196 4394 2144 4394 2144 4395 2196 4395 2197 4395 2144 4396 2197 4396 2146 4396 2146 4397 2197 4397 2198 4397 2146 4398 2198 4398 2147 4398 2147 4399 2198 4399 2199 4399 2147 4400 2199 4400 2178 4400 2178 4401 2199 4401 2200 4401 2178 4402 2200 4402 2179 4402 2179 4403 2200 4403 2201 4403 2179 4404 2201 4404 2175 4404 2175 4405 2201 4405 2202 4405 2175 4406 2202 4406 2176 4406 2176 4407 2202 4407 2203 4407 2176 4408 2203 4408 2177 4408 2177 4409 2203 4409 2204 4409 2177 4410 2204 4410 2172 4410 2172 4411 2204 4411 2205 4411 2172 4412 2205 4412 2173 4412 2173 4413 2205 4413 2206 4413 2173 4414 2206 4414 2174 4414 2174 4415 2206 4415 2207 4415 2174 4416 2207 4416 2169 4416 2169 4417 2207 4417 2208 4417 2169 4418 2208 4418 2170 4418 2170 4419 2208 4419 2209 4419 2170 4420 2209 4420 2171 4420 2171 4421 2209 4421 2210 4421 2171 4422 2210 4422 2166 4422 2166 4423 2210 4423 2211 4423 2166 4424 2211 4424 2167 4424 2167 4425 2211 4425 2212 4425 2167 4426 2212 4426 2168 4426 2168 4427 2212 4427 2213 4427 2168 4428 2213 4428 2163 4428 2163 4429 2213 4429 2214 4429 2163 4430 2214 4430 2164 4430 2164 4431 2214 4431 2215 4431 2164 4432 2215 4432 2165 4432 2165 4433 2215 4433 2180 4433 2200 4434 2199 4434 2216 4434 2216 4435 2199 4435 2198 4435 2216 4436 2198 4436 2197 4436 2203 4437 2202 4437 2216 4437 2216 4438 2202 4438 2201 4438 2216 4439 2201 4439 2200 4439 2206 4440 2205 4440 2216 4440 2216 4441 2205 4441 2204 4441 2216 4442 2204 4442 2203 4442 2209 4443 2208 4443 2216 4443 2216 4444 2208 4444 2207 4444 2216 4445 2207 4445 2206 4445 2212 4446 2211 4446 2216 4446 2216 4447 2211 4447 2210 4447 2216 4448 2210 4448 2209 4448 2215 4449 2214 4449 2216 4449 2216 4450 2214 4450 2213 4450 2216 4451 2213 4451 2212 4451 2182 4452 2181 4452 2216 4452 2216 4453 2181 4453 2180 4453 2216 4454 2180 4454 2215 4454 2185 4455 2184 4455 2216 4455 2216 4456 2184 4456 2183 4456 2216 4457 2183 4457 2182 4457 2188 4458 2187 4458 2216 4458 2216 4459 2187 4459 2186 4459 2216 4460 2186 4460 2185 4460 2191 4461 2190 4461 2216 4461 2216 4462 2190 4462 2189 4462 2216 4463 2189 4463 2188 4463 2194 4464 2193 4464 2216 4464 2216 4465 2193 4465 2192 4465 2216 4466 2192 4466 2191 4466 2197 4467 2196 4467 2216 4467 2216 4468 2196 4468 2195 4468 2216 4469 2195 4469 2194 4469 2217 4470 2218 4470 2219 4470 2219 4471 2218 4471 2220 4471 2219 4472 2220 4472 2221 4472 2222 4473 2223 4473 2219 4473 2219 4474 2223 4474 2224 4474 2219 4475 2224 4475 2217 4475 2225 4476 2226 4476 2219 4476 2219 4477 2226 4477 2227 4477 2219 4478 2227 4478 2222 4478 2228 4479 2229 4479 2219 4479 2219 4480 2229 4480 2230 4480 2219 4481 2230 4481 2225 4481 2231 4482 2232 4482 2219 4482 2219 4483 2232 4483 2233 4483 2219 4484 2233 4484 2228 4484 2234 4485 2235 4485 2219 4485 2219 4486 2235 4486 2236 4486 2219 4487 2236 4487 2231 4487 2237 4488 2238 4488 2219 4488 2219 4489 2238 4489 2239 4489 2219 4490 2239 4490 2234 4490 2240 4491 2241 4491 2219 4491 2219 4492 2241 4492 2242 4492 2219 4493 2242 4493 2237 4493 2243 4494 2244 4494 2219 4494 2219 4495 2244 4495 2245 4495 2219 4496 2245 4496 2240 4496 2246 4497 2247 4497 2219 4497 2219 4498 2247 4498 2248 4498 2219 4499 2248 4499 2243 4499 2249 4500 2250 4500 2219 4500 2219 4501 2250 4501 2251 4501 2219 4502 2251 4502 2246 4502 2221 4503 2252 4503 2219 4503 2219 4504 2252 4504 2253 4504 2219 4505 2253 4505 2249 4505 2254 4506 2239 4506 2255 4506 2255 4507 2239 4507 2238 4507 2255 4508 2238 4508 2256 4508 2256 4509 2238 4509 2237 4509 2256 4510 2237 4510 2257 4510 2257 4511 2237 4511 2242 4511 2257 4512 2242 4512 2258 4512 2258 4513 2242 4513 2241 4513 2258 4514 2241 4514 2259 4514 2259 4515 2241 4515 2240 4515 2259 4516 2240 4516 2260 4516 2260 4517 2240 4517 2245 4517 2260 4518 2245 4518 2261 4518 2261 4519 2245 4519 2244 4519 2261 4520 2244 4520 2262 4520 2262 4521 2244 4521 2243 4521 2262 4522 2243 4522 2263 4522 2263 4523 2243 4523 2248 4523 2263 4524 2248 4524 2264 4524 2264 4525 2248 4525 2247 4525 2264 4526 2247 4526 2265 4526 2265 4527 2247 4527 2246 4527 2265 4528 2246 4528 2266 4528 2266 4529 2246 4529 2251 4529 2266 4530 2251 4530 2267 4530 2267 4531 2251 4531 2250 4531 2267 4532 2250 4532 2268 4532 2268 4533 2250 4533 2249 4533 2268 4534 2249 4534 2269 4534 2269 4535 2249 4535 2253 4535 2269 4536 2253 4536 2270 4536 2270 4537 2253 4537 2252 4537 2270 4538 2252 4538 2271 4538 2271 4539 2252 4539 2221 4539 2271 4540 2221 4540 2272 4540 2272 4541 2221 4541 2220 4541 2272 4542 2220 4542 2273 4542 2273 4543 2220 4543 2218 4543 2273 4544 2218 4544 2274 4544 2274 4545 2218 4545 2217 4545 2274 4546 2217 4546 2275 4546 2275 4547 2217 4547 2224 4547 2275 4548 2224 4548 2276 4548 2276 4549 2224 4549 2223 4549 2276 4550 2223 4550 2277 4550 2277 4551 2223 4551 2222 4551 2277 4552 2222 4552 2278 4552 2278 4553 2222 4553 2227 4553 2278 4554 2227 4554 2279 4554 2279 4555 2227 4555 2226 4555 2279 4556 2226 4556 2280 4556 2280 4557 2226 4557 2225 4557 2280 4558 2225 4558 2281 4558 2281 4559 2225 4559 2230 4559 2281 4560 2230 4560 2282 4560 2282 4561 2230 4561 2229 4561 2282 4562 2229 4562 2283 4562 2283 4563 2229 4563 2228 4563 2283 4564 2228 4564 2284 4564 2284 4565 2228 4565 2233 4565 2284 4566 2233 4566 2285 4566 2285 4567 2233 4567 2232 4567 2285 4568 2232 4568 2286 4568 2286 4569 2232 4569 2231 4569 2286 4570 2231 4570 2287 4570 2287 4571 2231 4571 2236 4571 2287 4572 2236 4572 2288 4572 2288 4573 2236 4573 2235 4573 2288 4574 2235 4574 2289 4574 2289 4575 2235 4575 2234 4575 2289 4576 2234 4576 2254 4576 2254 4577 2234 4577 2239 4577 2270 4578 2271 4578 2290 4578 2290 4579 2271 4579 2272 4579 2290 4580 2272 4580 2273 4580 2267 4581 2268 4581 2290 4581 2290 4582 2268 4582 2269 4582 2290 4583 2269 4583 2270 4583 2264 4584 2265 4584 2290 4584 2290 4585 2265 4585 2266 4585 2290 4586 2266 4586 2267 4586 2261 4587 2262 4587 2290 4587 2290 4588 2262 4588 2263 4588 2290 4589 2263 4589 2264 4589 2258 4590 2259 4590 2290 4590 2290 4591 2259 4591 2260 4591 2290 4592 2260 4592 2261 4592 2255 4593 2256 4593 2290 4593 2290 4594 2256 4594 2257 4594 2290 4595 2257 4595 2258 4595 2288 4596 2289 4596 2290 4596 2290 4597 2289 4597 2254 4597 2290 4598 2254 4598 2255 4598 2285 4599 2286 4599 2290 4599 2290 4600 2286 4600 2287 4600 2290 4601 2287 4601 2288 4601 2282 4602 2283 4602 2290 4602 2290 4603 2283 4603 2284 4603 2290 4604 2284 4604 2285 4604 2279 4605 2280 4605 2290 4605 2290 4606 2280 4606 2281 4606 2290 4607 2281 4607 2282 4607 2276 4608 2277 4608 2290 4608 2290 4609 2277 4609 2278 4609 2290 4610 2278 4610 2279 4610 2273 4611 2274 4611 2290 4611 2290 4612 2274 4612 2275 4612 2290 4613 2275 4613 2276 4613 2291 4614 2292 4614 2293 4614 2293 4615 2292 4615 2294 4615 2293 4616 2294 4616 2295 4616 2296 4617 2297 4617 2293 4617 2293 4618 2297 4618 2298 4618 2293 4619 2298 4619 2291 4619 2299 4620 2300 4620 2293 4620 2293 4621 2300 4621 2301 4621 2293 4622 2301 4622 2296 4622 2302 4623 2303 4623 2293 4623 2293 4624 2303 4624 2304 4624 2293 4625 2304 4625 2299 4625 2305 4626 2306 4626 2293 4626 2293 4627 2306 4627 2307 4627 2293 4628 2307 4628 2302 4628 2308 4629 2309 4629 2293 4629 2293 4630 2309 4630 2310 4630 2293 4631 2310 4631 2305 4631 2311 4632 2312 4632 2293 4632 2293 4633 2312 4633 2313 4633 2293 4634 2313 4634 2308 4634 2314 4635 2315 4635 2293 4635 2293 4636 2315 4636 2316 4636 2293 4637 2316 4637 2311 4637 2317 4638 2318 4638 2293 4638 2293 4639 2318 4639 2319 4639 2293 4640 2319 4640 2314 4640 2320 4641 2321 4641 2293 4641 2293 4642 2321 4642 2322 4642 2293 4643 2322 4643 2317 4643 2323 4644 2324 4644 2293 4644 2293 4645 2324 4645 2325 4645 2293 4646 2325 4646 2320 4646 2295 4647 2326 4647 2293 4647 2293 4648 2326 4648 2327 4648 2293 4649 2327 4649 2323 4649 2313 4650 2328 4650 2308 4650 2308 4651 2328 4651 2329 4651 2308 4652 2329 4652 2309 4652 2309 4653 2329 4653 2330 4653 2309 4654 2330 4654 2310 4654 2310 4655 2330 4655 2331 4655 2310 4656 2331 4656 2305 4656 2305 4657 2331 4657 2332 4657 2305 4658 2332 4658 2306 4658 2306 4659 2332 4659 2333 4659 2306 4660 2333 4660 2307 4660 2307 4661 2333 4661 2334 4661 2307 4662 2334 4662 2302 4662 2302 4663 2334 4663 2335 4663 2302 4664 2335 4664 2303 4664 2303 4665 2335 4665 2336 4665 2303 4666 2336 4666 2304 4666 2304 4667 2336 4667 2337 4667 2304 4668 2337 4668 2299 4668 2299 4669 2337 4669 2338 4669 2299 4670 2338 4670 2300 4670 2300 4671 2338 4671 2339 4671 2300 4672 2339 4672 2301 4672 2301 4673 2339 4673 2340 4673 2301 4674 2340 4674 2296 4674 2296 4675 2340 4675 2341 4675 2296 4676 2341 4676 2297 4676 2297 4677 2341 4677 2342 4677 2297 4678 2342 4678 2298 4678 2298 4679 2342 4679 2343 4679 2298 4680 2343 4680 2291 4680 2291 4681 2343 4681 2344 4681 2291 4682 2344 4682 2292 4682 2292 4683 2344 4683 2345 4683 2292 4684 2345 4684 2294 4684 2294 4685 2345 4685 2346 4685 2294 4686 2346 4686 2295 4686 2295 4687 2346 4687 2347 4687 2295 4688 2347 4688 2326 4688 2326 4689 2347 4689 2348 4689 2326 4690 2348 4690 2327 4690 2327 4691 2348 4691 2349 4691 2327 4692 2349 4692 2323 4692 2323 4693 2349 4693 2350 4693 2323 4694 2350 4694 2324 4694 2324 4695 2350 4695 2351 4695 2324 4696 2351 4696 2325 4696 2325 4697 2351 4697 2352 4697 2325 4698 2352 4698 2320 4698 2320 4699 2352 4699 2353 4699 2320 4700 2353 4700 2321 4700 2321 4701 2353 4701 2354 4701 2321 4702 2354 4702 2322 4702 2322 4703 2354 4703 2355 4703 2322 4704 2355 4704 2317 4704 2317 4705 2355 4705 2356 4705 2317 4706 2356 4706 2318 4706 2318 4707 2356 4707 2357 4707 2318 4708 2357 4708 2319 4708 2319 4709 2357 4709 2358 4709 2319 4710 2358 4710 2314 4710 2314 4711 2358 4711 2359 4711 2314 4712 2359 4712 2315 4712 2315 4713 2359 4713 2360 4713 2315 4714 2360 4714 2316 4714 2316 4715 2360 4715 2361 4715 2316 4716 2361 4716 2311 4716 2311 4717 2361 4717 2362 4717 2311 4718 2362 4718 2312 4718 2312 4719 2362 4719 2363 4719 2312 4720 2363 4720 2313 4720 2313 4721 2363 4721 2328 4721 2348 4722 2347 4722 2364 4722 2364 4723 2347 4723 2346 4723 2364 4724 2346 4724 2345 4724 2351 4725 2350 4725 2364 4725 2364 4726 2350 4726 2349 4726 2364 4727 2349 4727 2348 4727 2354 4728 2353 4728 2364 4728 2364 4729 2353 4729 2352 4729 2364 4730 2352 4730 2351 4730 2357 4731 2356 4731 2364 4731 2364 4732 2356 4732 2355 4732 2364 4733 2355 4733 2354 4733 2360 4734 2359 4734 2364 4734 2364 4735 2359 4735 2358 4735 2364 4736 2358 4736 2357 4736 2363 4737 2362 4737 2364 4737 2364 4738 2362 4738 2361 4738 2364 4739 2361 4739 2360 4739 2330 4740 2329 4740 2364 4740 2364 4741 2329 4741 2328 4741 2364 4742 2328 4742 2363 4742 2333 4743 2332 4743 2364 4743 2364 4744 2332 4744 2331 4744 2364 4745 2331 4745 2330 4745 2336 4746 2335 4746 2364 4746 2364 4747 2335 4747 2334 4747 2364 4748 2334 4748 2333 4748 2339 4749 2338 4749 2364 4749 2364 4750 2338 4750 2337 4750 2364 4751 2337 4751 2336 4751 2342 4752 2341 4752 2364 4752 2364 4753 2341 4753 2340 4753 2364 4754 2340 4754 2339 4754 2345 4755 2344 4755 2364 4755 2364 4756 2344 4756 2343 4756 2364 4757 2343 4757 2342 4757 2365 4758 2366 4758 2367 4758 2367 4759 2366 4759 2368 4759 2367 4760 2368 4760 2369 4760 2370 4761 2371 4761 2367 4761 2367 4762 2371 4762 2372 4762 2367 4763 2372 4763 2365 4763 2373 4764 2374 4764 2367 4764 2367 4765 2374 4765 2375 4765 2367 4766 2375 4766 2370 4766 2376 4767 2377 4767 2367 4767 2367 4768 2377 4768 2378 4768 2367 4769 2378 4769 2373 4769 2379 4770 2380 4770 2367 4770 2367 4771 2380 4771 2381 4771 2367 4772 2381 4772 2376 4772 2382 4773 2383 4773 2367 4773 2367 4774 2383 4774 2384 4774 2367 4775 2384 4775 2379 4775 2385 4776 2386 4776 2367 4776 2367 4777 2386 4777 2387 4777 2367 4778 2387 4778 2382 4778 2388 4779 2389 4779 2367 4779 2367 4780 2389 4780 2390 4780 2367 4781 2390 4781 2385 4781 2391 4782 2392 4782 2367 4782 2367 4783 2392 4783 2393 4783 2367 4784 2393 4784 2388 4784 2394 4785 2395 4785 2367 4785 2367 4786 2395 4786 2396 4786 2367 4787 2396 4787 2391 4787 2397 4788 2398 4788 2367 4788 2367 4789 2398 4789 2399 4789 2367 4790 2399 4790 2394 4790 2369 4791 2400 4791 2367 4791 2367 4792 2400 4792 2401 4792 2367 4793 2401 4793 2397 4793 2402 4794 2387 4794 2403 4794 2403 4795 2387 4795 2386 4795 2403 4796 2386 4796 2404 4796 2404 4797 2386 4797 2385 4797 2404 4798 2385 4798 2405 4798 2405 4799 2385 4799 2390 4799 2405 4800 2390 4800 2406 4800 2406 4801 2390 4801 2389 4801 2406 4802 2389 4802 2407 4802 2407 4803 2389 4803 2388 4803 2407 4804 2388 4804 2408 4804 2408 4805 2388 4805 2393 4805 2408 4806 2393 4806 2409 4806 2409 4807 2393 4807 2392 4807 2409 4808 2392 4808 2410 4808 2410 4809 2392 4809 2391 4809 2410 4810 2391 4810 2411 4810 2411 4811 2391 4811 2396 4811 2411 4812 2396 4812 2412 4812 2412 4813 2396 4813 2395 4813 2412 4814 2395 4814 2413 4814 2413 4815 2395 4815 2394 4815 2413 4816 2394 4816 2414 4816 2414 4817 2394 4817 2399 4817 2414 4818 2399 4818 2415 4818 2415 4819 2399 4819 2398 4819 2415 4820 2398 4820 2416 4820 2416 4821 2398 4821 2397 4821 2416 4822 2397 4822 2417 4822 2417 4823 2397 4823 2401 4823 2417 4824 2401 4824 2418 4824 2418 4825 2401 4825 2400 4825 2418 4826 2400 4826 2419 4826 2419 4827 2400 4827 2369 4827 2419 4828 2369 4828 2420 4828 2420 4829 2369 4829 2368 4829 2420 4830 2368 4830 2421 4830 2421 4831 2368 4831 2366 4831 2421 4832 2366 4832 2422 4832 2422 4833 2366 4833 2365 4833 2422 4834 2365 4834 2423 4834 2423 4835 2365 4835 2372 4835 2423 4836 2372 4836 2424 4836 2424 4837 2372 4837 2371 4837 2424 4838 2371 4838 2425 4838 2425 4839 2371 4839 2370 4839 2425 4840 2370 4840 2426 4840 2426 4841 2370 4841 2375 4841 2426 4842 2375 4842 2427 4842 2427 4843 2375 4843 2374 4843 2427 4844 2374 4844 2428 4844 2428 4845 2374 4845 2373 4845 2428 4846 2373 4846 2429 4846 2429 4847 2373 4847 2378 4847 2429 4848 2378 4848 2430 4848 2430 4849 2378 4849 2377 4849 2430 4850 2377 4850 2431 4850 2431 4851 2377 4851 2376 4851 2431 4852 2376 4852 2432 4852 2432 4853 2376 4853 2381 4853 2432 4854 2381 4854 2433 4854 2433 4855 2381 4855 2380 4855 2433 4856 2380 4856 2434 4856 2434 4857 2380 4857 2379 4857 2434 4858 2379 4858 2435 4858 2435 4859 2379 4859 2384 4859 2435 4860 2384 4860 2436 4860 2436 4861 2384 4861 2383 4861 2436 4862 2383 4862 2437 4862 2437 4863 2383 4863 2382 4863 2437 4864 2382 4864 2402 4864 2402 4865 2382 4865 2387 4865 2418 4866 2419 4866 2438 4866 2438 4867 2419 4867 2420 4867 2438 4868 2420 4868 2421 4868 2415 4869 2416 4869 2438 4869 2438 4870 2416 4870 2417 4870 2438 4871 2417 4871 2418 4871 2412 4872 2413 4872 2438 4872 2438 4873 2413 4873 2414 4873 2438 4874 2414 4874 2415 4874 2409 4875 2410 4875 2438 4875 2438 4876 2410 4876 2411 4876 2438 4877 2411 4877 2412 4877 2406 4878 2407 4878 2438 4878 2438 4879 2407 4879 2408 4879 2438 4880 2408 4880 2409 4880 2403 4881 2404 4881 2438 4881 2438 4882 2404 4882 2405 4882 2438 4883 2405 4883 2406 4883 2436 4884 2437 4884 2438 4884 2438 4885 2437 4885 2402 4885 2438 4886 2402 4886 2403 4886 2433 4887 2434 4887 2438 4887 2438 4888 2434 4888 2435 4888 2438 4889 2435 4889 2436 4889 2430 4890 2431 4890 2438 4890 2438 4891 2431 4891 2432 4891 2438 4892 2432 4892 2433 4892 2427 4893 2428 4893 2438 4893 2438 4894 2428 4894 2429 4894 2438 4895 2429 4895 2430 4895 2424 4896 2425 4896 2438 4896 2438 4897 2425 4897 2426 4897 2438 4898 2426 4898 2427 4898 2421 4899 2422 4899 2438 4899 2438 4900 2422 4900 2423 4900 2438 4901 2423 4901 2424 4901 2439 4902 2440 4902 2441 4902 2441 4903 2440 4903 2442 4903 2441 4904 2442 4904 2443 4904 2444 4905 2445 4905 2441 4905 2441 4906 2445 4906 2446 4906 2441 4907 2446 4907 2439 4907 2447 4908 2448 4908 2441 4908 2441 4909 2448 4909 2449 4909 2441 4910 2449 4910 2444 4910 2450 4911 2451 4911 2441 4911 2441 4912 2451 4912 2452 4912 2441 4913 2452 4913 2447 4913 2453 4914 2454 4914 2441 4914 2441 4915 2454 4915 2455 4915 2441 4916 2455 4916 2450 4916 2456 4917 2457 4917 2441 4917 2441 4918 2457 4918 2458 4918 2441 4919 2458 4919 2453 4919 2459 4920 2460 4920 2441 4920 2441 4921 2460 4921 2461 4921 2441 4922 2461 4922 2456 4922 2462 4923 2463 4923 2441 4923 2441 4924 2463 4924 2464 4924 2441 4925 2464 4925 2459 4925 2465 4926 2466 4926 2441 4926 2441 4927 2466 4927 2467 4927 2441 4928 2467 4928 2462 4928 2468 4929 2469 4929 2441 4929 2441 4930 2469 4930 2470 4930 2441 4931 2470 4931 2465 4931 2471 4932 2472 4932 2441 4932 2441 4933 2472 4933 2473 4933 2441 4934 2473 4934 2468 4934 2443 4935 2474 4935 2441 4935 2441 4936 2474 4936 2475 4936 2441 4937 2475 4937 2471 4937 2476 4938 2461 4938 2477 4938 2477 4939 2461 4939 2460 4939 2477 4940 2460 4940 2478 4940 2478 4941 2460 4941 2459 4941 2478 4942 2459 4942 2479 4942 2479 4943 2459 4943 2464 4943 2479 4944 2464 4944 2480 4944 2480 4945 2464 4945 2463 4945 2480 4946 2463 4946 2481 4946 2481 4947 2463 4947 2462 4947 2481 4948 2462 4948 2482 4948 2482 4949 2462 4949 2467 4949 2482 4950 2467 4950 2483 4950 2483 4951 2467 4951 2466 4951 2483 4952 2466 4952 2484 4952 2484 4953 2466 4953 2465 4953 2484 4954 2465 4954 2485 4954 2485 4955 2465 4955 2470 4955 2485 4956 2470 4956 2486 4956 2486 4957 2470 4957 2469 4957 2486 4958 2469 4958 2487 4958 2487 4959 2469 4959 2468 4959 2487 4960 2468 4960 2488 4960 2488 4961 2468 4961 2473 4961 2488 4962 2473 4962 2489 4962 2489 4963 2473 4963 2472 4963 2489 4964 2472 4964 2490 4964 2490 4965 2472 4965 2471 4965 2490 4966 2471 4966 2491 4966 2491 4967 2471 4967 2475 4967 2491 4968 2475 4968 2492 4968 2492 4969 2475 4969 2474 4969 2492 4970 2474 4970 2493 4970 2493 4971 2474 4971 2443 4971 2493 4972 2443 4972 2494 4972 2494 4973 2443 4973 2442 4973 2494 4974 2442 4974 2495 4974 2495 4975 2442 4975 2440 4975 2495 4976 2440 4976 2496 4976 2496 4977 2440 4977 2439 4977 2496 4978 2439 4978 2497 4978 2497 4979 2439 4979 2446 4979 2497 4980 2446 4980 2498 4980 2498 4981 2446 4981 2445 4981 2498 4982 2445 4982 2499 4982 2499 4983 2445 4983 2444 4983 2499 4984 2444 4984 2500 4984 2500 4985 2444 4985 2449 4985 2500 4986 2449 4986 2501 4986 2501 4987 2449 4987 2448 4987 2501 4988 2448 4988 2502 4988 2502 4989 2448 4989 2447 4989 2502 4990 2447 4990 2503 4990 2503 4991 2447 4991 2452 4991 2503 4992 2452 4992 2504 4992 2504 4993 2452 4993 2451 4993 2504 4994 2451 4994 2505 4994 2505 4995 2451 4995 2450 4995 2505 4996 2450 4996 2506 4996 2506 4997 2450 4997 2455 4997 2506 4998 2455 4998 2507 4998 2507 4999 2455 4999 2454 4999 2507 5000 2454 5000 2508 5000 2508 5001 2454 5001 2453 5001 2508 5002 2453 5002 2509 5002 2509 5003 2453 5003 2458 5003 2509 5004 2458 5004 2510 5004 2510 5005 2458 5005 2457 5005 2510 5006 2457 5006 2511 5006 2511 5007 2457 5007 2456 5007 2511 5008 2456 5008 2476 5008 2476 5009 2456 5009 2461 5009 2492 5010 2493 5010 2512 5010 2512 5011 2493 5011 2494 5011 2512 5012 2494 5012 2495 5012 2489 5013 2490 5013 2512 5013 2512 5014 2490 5014 2491 5014 2512 5015 2491 5015 2492 5015 2486 5016 2487 5016 2512 5016 2512 5017 2487 5017 2488 5017 2512 5018 2488 5018 2489 5018 2483 5019 2484 5019 2512 5019 2512 5020 2484 5020 2485 5020 2512 5021 2485 5021 2486 5021 2480 5022 2481 5022 2512 5022 2512 5023 2481 5023 2482 5023 2512 5024 2482 5024 2483 5024 2477 5025 2478 5025 2512 5025 2512 5026 2478 5026 2479 5026 2512 5027 2479 5027 2480 5027 2510 5028 2511 5028 2512 5028 2512 5029 2511 5029 2476 5029 2512 5030 2476 5030 2477 5030 2507 5031 2508 5031 2512 5031 2512 5032 2508 5032 2509 5032 2512 5033 2509 5033 2510 5033 2504 5034 2505 5034 2512 5034 2512 5035 2505 5035 2506 5035 2512 5036 2506 5036 2507 5036 2501 5037 2502 5037 2512 5037 2512 5038 2502 5038 2503 5038 2512 5039 2503 5039 2504 5039 2498 5040 2499 5040 2512 5040 2512 5041 2499 5041 2500 5041 2512 5042 2500 5042 2501 5042 2495 5043 2496 5043 2512 5043 2512 5044 2496 5044 2497 5044 2512 5045 2497 5045 2498 5045 2513 5046 2514 5046 2515 5046 2515 5047 2514 5047 2516 5047 2515 5048 2516 5048 2517 5048 2518 5049 2519 5049 2515 5049 2515 5050 2519 5050 2520 5050 2515 5051 2520 5051 2513 5051 2521 5052 2522 5052 2515 5052 2515 5053 2522 5053 2523 5053 2515 5054 2523 5054 2518 5054 2524 5055 2525 5055 2515 5055 2515 5056 2525 5056 2526 5056 2515 5057 2526 5057 2521 5057 2527 5058 2528 5058 2515 5058 2515 5059 2528 5059 2529 5059 2515 5060 2529 5060 2524 5060 2530 5061 2531 5061 2515 5061 2515 5062 2531 5062 2532 5062 2515 5063 2532 5063 2527 5063 2533 5064 2534 5064 2515 5064 2515 5065 2534 5065 2535 5065 2515 5066 2535 5066 2530 5066 2536 5067 2537 5067 2515 5067 2515 5068 2537 5068 2538 5068 2515 5069 2538 5069 2533 5069 2539 5070 2540 5070 2515 5070 2515 5071 2540 5071 2541 5071 2515 5072 2541 5072 2536 5072 2542 5073 2543 5073 2515 5073 2515 5074 2543 5074 2544 5074 2515 5075 2544 5075 2539 5075 2545 5076 2546 5076 2515 5076 2515 5077 2546 5077 2547 5077 2515 5078 2547 5078 2542 5078 2517 5079 2548 5079 2515 5079 2515 5080 2548 5080 2549 5080 2515 5081 2549 5081 2545 5081 2535 5082 2550 5082 2530 5082 2530 5083 2550 5083 2551 5083 2530 5084 2551 5084 2531 5084 2531 5085 2551 5085 2552 5085 2531 5086 2552 5086 2532 5086 2532 5087 2552 5087 2553 5087 2532 5088 2553 5088 2527 5088 2527 5089 2553 5089 2554 5089 2527 5090 2554 5090 2528 5090 2528 5091 2554 5091 2555 5091 2528 5092 2555 5092 2529 5092 2529 5093 2555 5093 2556 5093 2529 5094 2556 5094 2524 5094 2524 5095 2556 5095 2557 5095 2524 5096 2557 5096 2525 5096 2525 5097 2557 5097 2558 5097 2525 5098 2558 5098 2526 5098 2526 5099 2558 5099 2559 5099 2526 5100 2559 5100 2521 5100 2521 5101 2559 5101 2560 5101 2521 5102 2560 5102 2522 5102 2522 5103 2560 5103 2561 5103 2522 5104 2561 5104 2523 5104 2523 5105 2561 5105 2562 5105 2523 5106 2562 5106 2518 5106 2518 5107 2562 5107 2563 5107 2518 5108 2563 5108 2519 5108 2519 5109 2563 5109 2564 5109 2519 5110 2564 5110 2520 5110 2520 5111 2564 5111 2565 5111 2520 5112 2565 5112 2513 5112 2513 5113 2565 5113 2566 5113 2513 5114 2566 5114 2514 5114 2514 5115 2566 5115 2567 5115 2514 5116 2567 5116 2516 5116 2516 5117 2567 5117 2568 5117 2516 5118 2568 5118 2517 5118 2517 5119 2568 5119 2569 5119 2517 5120 2569 5120 2548 5120 2548 5121 2569 5121 2570 5121 2548 5122 2570 5122 2549 5122 2549 5123 2570 5123 2571 5123 2549 5124 2571 5124 2545 5124 2545 5125 2571 5125 2572 5125 2545 5126 2572 5126 2546 5126 2546 5127 2572 5127 2573 5127 2546 5128 2573 5128 2547 5128 2547 5129 2573 5129 2574 5129 2547 5130 2574 5130 2542 5130 2542 5131 2574 5131 2575 5131 2542 5132 2575 5132 2543 5132 2543 5133 2575 5133 2576 5133 2543 5134 2576 5134 2544 5134 2544 5135 2576 5135 2577 5135 2544 5136 2577 5136 2539 5136 2539 5137 2577 5137 2578 5137 2539 5138 2578 5138 2540 5138 2540 5139 2578 5139 2579 5139 2540 5140 2579 5140 2541 5140 2541 5141 2579 5141 2580 5141 2541 5142 2580 5142 2536 5142 2536 5143 2580 5143 2581 5143 2536 5144 2581 5144 2537 5144 2537 5145 2581 5145 2582 5145 2537 5146 2582 5146 2538 5146 2538 5147 2582 5147 2583 5147 2538 5148 2583 5148 2533 5148 2533 5149 2583 5149 2584 5149 2533 5150 2584 5150 2534 5150 2534 5151 2584 5151 2585 5151 2534 5152 2585 5152 2535 5152 2535 5153 2585 5153 2550 5153 2570 5154 2569 5154 2586 5154 2586 5155 2569 5155 2568 5155 2586 5156 2568 5156 2567 5156 2573 5157 2572 5157 2586 5157 2586 5158 2572 5158 2571 5158 2586 5159 2571 5159 2570 5159 2576 5160 2575 5160 2586 5160 2586 5161 2575 5161 2574 5161 2586 5162 2574 5162 2573 5162 2579 5163 2578 5163 2586 5163 2586 5164 2578 5164 2577 5164 2586 5165 2577 5165 2576 5165 2582 5166 2581 5166 2586 5166 2586 5167 2581 5167 2580 5167 2586 5168 2580 5168 2579 5168 2585 5169 2584 5169 2586 5169 2586 5170 2584 5170 2583 5170 2586 5171 2583 5171 2582 5171 2552 5172 2551 5172 2586 5172 2586 5173 2551 5173 2550 5173 2586 5174 2550 5174 2585 5174 2555 5175 2554 5175 2586 5175 2586 5176 2554 5176 2553 5176 2586 5177 2553 5177 2552 5177 2558 5178 2557 5178 2586 5178 2586 5179 2557 5179 2556 5179 2586 5180 2556 5180 2555 5180 2561 5181 2560 5181 2586 5181 2586 5182 2560 5182 2559 5182 2586 5183 2559 5183 2558 5183 2564 5184 2563 5184 2586 5184 2586 5185 2563 5185 2562 5185 2586 5186 2562 5186 2561 5186 2567 5187 2566 5187 2586 5187 2586 5188 2566 5188 2565 5188 2586 5189 2565 5189 2564 5189 2587 5190 2588 5190 2589 5190 2589 5191 2588 5191 2590 5191 2589 5192 2590 5192 2591 5192 2591 5193 2590 5193 2592 5193 2591 5194 2592 5194 2593 5194 2593 5195 2592 5195 2594 5195 2593 5196 2594 5196 2595 5196 2595 5197 2594 5197 2596 5197 2595 5198 2596 5198 2597 5198 2597 5199 2596 5199 2598 5199 2597 5200 2598 5200 2599 5200 2599 5201 2598 5201 2600 5201 2599 5202 2600 5202 2601 5202 2601 5203 2600 5203 2602 5203 2601 5204 2602 5204 2603 5204 2603 5205 2602 5205 2604 5205 2603 5206 2604 5206 2605 5206 2605 5207 2604 5207 2606 5207 2605 5208 2606 5208 2607 5208 2607 5209 2606 5209 2608 5209 2607 5210 2608 5210 2609 5210 2609 5211 2608 5211 2610 5211 2609 5212 2610 5212 2611 5212 2611 5213 2610 5213 2612 5213 2611 5214 2612 5214 2613 5214 2613 5215 2612 5215 2614 5215 2613 5216 2614 5216 2615 5216 2615 5217 2614 5217 2616 5217 2615 5218 2616 5218 2617 5218 2617 5219 2616 5219 2618 5219 2617 5220 2618 5220 2619 5220 2619 5221 2618 5221 2620 5221 2619 5222 2620 5222 2621 5222 2621 5223 2620 5223 2622 5223 2621 5224 2622 5224 2623 5224 2623 5225 2622 5225 2624 5225 2623 5226 2624 5226 2625 5226 2625 5227 2624 5227 2626 5227 2625 5228 2626 5228 2627 5228 2627 5229 2626 5229 2628 5229 2627 5230 2628 5230 2629 5230 2629 5231 2628 5231 2630 5231 2629 5232 2630 5232 2631 5232 2631 5233 2630 5233 2632 5233 2631 5234 2632 5234 2633 5234 2633 5235 2632 5235 2634 5235 2633 5236 2634 5236 2635 5236 2635 5237 2634 5237 2636 5237 2635 5238 2636 5238 2637 5238 2637 5239 2636 5239 2638 5239 2637 5240 2638 5240 2639 5240 2639 5241 2638 5241 2640 5241 2639 5242 2640 5242 2641 5242 2641 5243 2640 5243 2642 5243 2641 5244 2642 5244 2643 5244 2643 5245 2642 5245 2644 5245 2643 5246 2644 5246 2645 5246 2645 5247 2644 5247 2646 5247 2645 5248 2646 5248 2647 5248 2647 5249 2646 5249 2648 5249 2647 5250 2648 5250 2649 5250 2649 5251 2648 5251 2650 5251 2649 5252 2650 5252 2651 5252 2651 5253 2650 5253 2652 5253 2651 5254 2652 5254 2653 5254 2653 5255 2652 5255 2654 5255 2653 5256 2654 5256 2655 5256 2655 5257 2654 5257 2656 5257 2655 5258 2656 5258 2657 5258 2657 5259 2656 5259 2658 5259 2657 5260 2658 5260 2587 5260 2587 5261 2658 5261 2588 5261 2619 5262 2621 5262 2659 5262 2659 5263 2621 5263 2623 5263 2659 5264 2623 5264 2625 5264 2613 5265 2615 5265 2659 5265 2659 5266 2615 5266 2617 5266 2659 5267 2617 5267 2619 5267 2607 5268 2609 5268 2659 5268 2659 5269 2609 5269 2611 5269 2659 5270 2611 5270 2613 5270 2601 5271 2603 5271 2659 5271 2659 5272 2603 5272 2605 5272 2659 5273 2605 5273 2607 5273 2595 5274 2597 5274 2659 5274 2659 5275 2597 5275 2599 5275 2659 5276 2599 5276 2601 5276 2589 5277 2591 5277 2659 5277 2659 5278 2591 5278 2593 5278 2659 5279 2593 5279 2595 5279 2655 5280 2657 5280 2659 5280 2659 5281 2657 5281 2587 5281 2659 5282 2587 5282 2589 5282 2649 5283 2651 5283 2659 5283 2659 5284 2651 5284 2653 5284 2659 5285 2653 5285 2655 5285 2643 5286 2645 5286 2659 5286 2659 5287 2645 5287 2647 5287 2659 5288 2647 5288 2649 5288 2637 5289 2639 5289 2659 5289 2659 5290 2639 5290 2641 5290 2659 5291 2641 5291 2643 5291 2631 5292 2633 5292 2659 5292 2659 5293 2633 5293 2635 5293 2659 5294 2635 5294 2637 5294 2625 5295 2627 5295 2659 5295 2659 5296 2627 5296 2629 5296 2659 5297 2629 5297 2631 5297 2628 5298 2626 5298 2660 5298 2660 5299 2626 5299 2624 5299 2660 5300 2624 5300 2622 5300 2634 5301 2632 5301 2660 5301 2660 5302 2632 5302 2630 5302 2660 5303 2630 5303 2628 5303 2640 5304 2638 5304 2660 5304 2660 5305 2638 5305 2636 5305 2660 5306 2636 5306 2634 5306 2646 5307 2644 5307 2660 5307 2660 5308 2644 5308 2642 5308 2660 5309 2642 5309 2640 5309 2652 5310 2650 5310 2660 5310 2660 5311 2650 5311 2648 5311 2660 5312 2648 5312 2646 5312 2658 5313 2656 5313 2660 5313 2660 5314 2656 5314 2654 5314 2660 5315 2654 5315 2652 5315 2592 5316 2590 5316 2660 5316 2660 5317 2590 5317 2588 5317 2660 5318 2588 5318 2658 5318 2598 5319 2596 5319 2660 5319 2660 5320 2596 5320 2594 5320 2660 5321 2594 5321 2592 5321 2604 5322 2602 5322 2660 5322 2660 5323 2602 5323 2600 5323 2660 5324 2600 5324 2598 5324 2610 5325 2608 5325 2660 5325 2660 5326 2608 5326 2606 5326 2660 5327 2606 5327 2604 5327 2616 5328 2614 5328 2660 5328 2660 5329 2614 5329 2612 5329 2660 5330 2612 5330 2610 5330 2622 5331 2620 5331 2660 5331 2660 5332 2620 5332 2618 5332 2660 5333 2618 5333 2616 5333 2661 5334 2662 5334 2663 5334 2663 5335 2662 5335 2664 5335 2663 5336 2664 5336 2665 5336 2666 5337 2667 5337 2663 5337 2663 5338 2667 5338 2668 5338 2663 5339 2668 5339 2661 5339 2669 5340 2670 5340 2663 5340 2663 5341 2670 5341 2671 5341 2663 5342 2671 5342 2666 5342 2672 5343 2673 5343 2663 5343 2663 5344 2673 5344 2674 5344 2663 5345 2674 5345 2669 5345 2675 5346 2676 5346 2663 5346 2663 5347 2676 5347 2677 5347 2663 5348 2677 5348 2672 5348 2678 5349 2679 5349 2663 5349 2663 5350 2679 5350 2680 5350 2663 5351 2680 5351 2675 5351 2681 5352 2682 5352 2663 5352 2663 5353 2682 5353 2683 5353 2663 5354 2683 5354 2678 5354 2684 5355 2685 5355 2663 5355 2663 5356 2685 5356 2686 5356 2663 5357 2686 5357 2681 5357 2687 5358 2688 5358 2663 5358 2663 5359 2688 5359 2689 5359 2663 5360 2689 5360 2684 5360 2690 5361 2691 5361 2663 5361 2663 5362 2691 5362 2692 5362 2663 5363 2692 5363 2687 5363 2693 5364 2694 5364 2663 5364 2663 5365 2694 5365 2695 5365 2663 5366 2695 5366 2690 5366 2665 5367 2696 5367 2663 5367 2663 5368 2696 5368 2697 5368 2663 5369 2697 5369 2693 5369 2683 5370 2698 5370 2678 5370 2678 5371 2698 5371 2699 5371 2678 5372 2699 5372 2679 5372 2679 5373 2699 5373 2700 5373 2679 5374 2700 5374 2680 5374 2680 5375 2700 5375 2701 5375 2680 5376 2701 5376 2675 5376 2675 5377 2701 5377 2702 5377 2675 5378 2702 5378 2676 5378 2676 5379 2702 5379 2703 5379 2676 5380 2703 5380 2677 5380 2677 5381 2703 5381 2704 5381 2677 5382 2704 5382 2672 5382 2672 5383 2704 5383 2705 5383 2672 5384 2705 5384 2673 5384 2673 5385 2705 5385 2706 5385 2673 5386 2706 5386 2674 5386 2674 5387 2706 5387 2707 5387 2674 5388 2707 5388 2669 5388 2669 5389 2707 5389 2708 5389 2669 5390 2708 5390 2670 5390 2670 5391 2708 5391 2709 5391 2670 5392 2709 5392 2671 5392 2671 5393 2709 5393 2710 5393 2671 5394 2710 5394 2666 5394 2666 5395 2710 5395 2711 5395 2666 5396 2711 5396 2667 5396 2667 5397 2711 5397 2712 5397 2667 5398 2712 5398 2668 5398 2668 5399 2712 5399 2713 5399 2668 5400 2713 5400 2661 5400 2661 5401 2713 5401 2714 5401 2661 5402 2714 5402 2662 5402 2662 5403 2714 5403 2715 5403 2662 5404 2715 5404 2664 5404 2664 5405 2715 5405 2716 5405 2664 5406 2716 5406 2665 5406 2665 5407 2716 5407 2717 5407 2665 5408 2717 5408 2696 5408 2696 5409 2717 5409 2718 5409 2696 5410 2718 5410 2697 5410 2697 5411 2718 5411 2719 5411 2697 5412 2719 5412 2693 5412 2693 5413 2719 5413 2720 5413 2693 5414 2720 5414 2694 5414 2694 5415 2720 5415 2721 5415 2694 5416 2721 5416 2695 5416 2695 5417 2721 5417 2722 5417 2695 5418 2722 5418 2690 5418 2690 5419 2722 5419 2723 5419 2690 5420 2723 5420 2691 5420 2691 5421 2723 5421 2724 5421 2691 5422 2724 5422 2692 5422 2692 5423 2724 5423 2725 5423 2692 5424 2725 5424 2687 5424 2687 5425 2725 5425 2726 5425 2687 5426 2726 5426 2688 5426 2688 5427 2726 5427 2727 5427 2688 5428 2727 5428 2689 5428 2689 5429 2727 5429 2728 5429 2689 5430 2728 5430 2684 5430 2684 5431 2728 5431 2729 5431 2684 5432 2729 5432 2685 5432 2685 5433 2729 5433 2730 5433 2685 5434 2730 5434 2686 5434 2686 5435 2730 5435 2731 5435 2686 5436 2731 5436 2681 5436 2681 5437 2731 5437 2732 5437 2681 5438 2732 5438 2682 5438 2682 5439 2732 5439 2733 5439 2682 5440 2733 5440 2683 5440 2683 5441 2733 5441 2698 5441 2718 5442 2717 5442 2734 5442 2734 5443 2717 5443 2716 5443 2734 5444 2716 5444 2715 5444 2721 5445 2720 5445 2734 5445 2734 5446 2720 5446 2719 5446 2734 5447 2719 5447 2718 5447 2724 5448 2723 5448 2734 5448 2734 5449 2723 5449 2722 5449 2734 5450 2722 5450 2721 5450 2727 5451 2726 5451 2734 5451 2734 5452 2726 5452 2725 5452 2734 5453 2725 5453 2724 5453 2730 5454 2729 5454 2734 5454 2734 5455 2729 5455 2728 5455 2734 5456 2728 5456 2727 5456 2733 5457 2732 5457 2734 5457 2734 5458 2732 5458 2731 5458 2734 5459 2731 5459 2730 5459 2700 5460 2699 5460 2734 5460 2734 5461 2699 5461 2698 5461 2734 5462 2698 5462 2733 5462 2703 5463 2702 5463 2734 5463 2734 5464 2702 5464 2701 5464 2734 5465 2701 5465 2700 5465 2706 5466 2705 5466 2734 5466 2734 5467 2705 5467 2704 5467 2734 5468 2704 5468 2703 5468 2709 5469 2708 5469 2734 5469 2734 5470 2708 5470 2707 5470 2734 5471 2707 5471 2706 5471 2712 5472 2711 5472 2734 5472 2734 5473 2711 5473 2710 5473 2734 5474 2710 5474 2709 5474 2715 5475 2714 5475 2734 5475 2734 5476 2714 5476 2713 5476 2734 5477 2713 5477 2712 5477</p>
                </triangles>
            </mesh>
        </geometry>
    </library_geometries>
    <library_visual_scenes>
        <visual_scene id="VisualSceneNode" name="VisualScene">
            <node id="node" name="node">
                <instance_geometry url="#shape0-lib"/>
            </node>
        </visual_scene>
    </library_visual_scenes>
    <scene>
        <instance_visual_scene url="#VisualSceneNode"/>
    </scene>
</COLLADA>
