<?xml version="1.0" encoding="UTF-8"?>
<COLLADA xmlns="http://www.collada.org/2005/11/COLLADASchema" version="1.4.1">
    <asset>
        <contributor>
            <author>VCGLab</author>
            <authoring_tool>VCGLib | MeshLab</authoring_tool>
        </contributor>
        <created>Sun May 11 17:23:03 2025 GMT</created>
        <modified>Sun May 11 17:23:03 2025 GMT</modified>
        <up_axis>Y_UP</up_axis>
    </asset>
    <library_geometries>
        <geometry id="shape0-lib" name="shape0">
            <mesh>
                <source id="shape0-lib-positions" name="position">
                    <float_array id="shape0-lib-positions-array" count="10512">-15.3929 -2.57971 3.59932 -17.9716 -3.32903 3.6917 -17.6216 -4.63251 4.48269 -11.8518 -0.447733 2.47654 -13.1433 -0.712637 2.50706 -12.8239 -1.90173 3.52001 -12.4716 -8.35575 6.3617 -12.5232 -8.16142 6.35692 -13.7968 -8.56363 6.25465 -11.1374 -8.20725 6.40756 -11.19 -8.261 6.39951 -9.87478 -7.81907 6.40644 -2.88748 -3.88715 5.38256 -2.90321 -3.83062 5.38582 -4.02708 -4.57929 5.69122 -32.4896 -11.62 4.42935 -32.6232 -11.1211 4.45765 -37.8916 -12.1353 4.25983 -24.2163 -11.3609 4.7432 -24.1943 -11.4429 4.6971 -21.5301 -10.9548 5.0552 -24.9072 -8.78557 4.85363 -25.0734 -8.16597 4.72959 -27.6802 -8.84179 4.60192 -22.6359 -6.82041 4.66253 -22.8055 -6.18717 4.41869 -25.3986 -6.95253 4.37062 -23.1382 -4.94631 3.86551 -37.5552 -13.3977 3.99383 -42.9419 -13.9731 3.90887 -42.9404 -13.9785 3.90491 -21.9239 -11.0411 4.98997 -7.424 -6.71658 6.26956 -6.58819 -6.27946 6.16999 -6.35358 -6.06941 6.14807 -6.33047 1.54731 1.23548 -7.00167 1.56751 1.1283 -6.97762 1.47022 1.2469 -11.6595 1.38069 0.680234 -12.3161 1.29226 0.6814 -12.2817 1.16334 0.82679 -27.7627 -3.25945 2.52591 -27.7797 -3.26587 2.52764 -27.7774 -3.27433 2.53313 -29.0279 -3.74031 2.64414 -29.0435 -3.74631 2.64547 -29.0413 -3.75457 2.6506 -30.29 -4.22654 2.74303 -30.3043 -4.23209 2.74404 -30.3022 -4.24013 2.74885 -32.8054 -5.21632 2.8907 -32.8171 -5.22097 2.89125 -32.8151 -5.22848 2.8955 -34.0589 -5.72048 2.94344 -34.0693 -5.72466 2.94382 -34.0673 -5.73188 2.94783 -34.2001 -5.77772 2.94863 -41.5283 -8.90243 3.08977 -44.0019 -10.017 3.11936 -44.0014 -10.019 3.11982 -31.5621 -4.72355 2.82531 -31.5491 -4.71844 2.82456 -31.56 -4.73133 2.82983 -29.7801 -4.02928 2.70524 -29.6721 -3.99667 2.70201 -29.6743 -3.98851 2.69705 -25.2399 -2.32864 2.23263 -25.53 -2.42596 2.26514 -26.5103 -2.79913 2.39446 -26.4943 -2.78365 2.38638 -26.5126 -2.79049 2.38856 -23.9685 -1.85479 2.04103 -25.2226 -2.3126 2.22357 -25.2423 -2.31987 2.22628 -22.6886 -1.40847 1.84727 -22.691 -1.39951 1.83991 -23.9661 -1.86367 2.04787 -23.9474 -1.84717 2.03781 -20.9376 -0.801588 1.55446 -21.3859 -0.950922 1.62746 -21.4073 -0.967939 1.63924 -21.4098 -0.958944 1.63136 -22.6686 -1.39163 1.83629 -18.7934 -0.294554 1.36419 -20.0993 -0.52997 1.41979 -20.1245 -0.538004 1.4238 -21.3683 -1.11203 1.75386 -18.8351 -0.141611 1.22567 -17.5388 0.216475 1.05467 -18.8084 -0.133711 1.22174 -17.5412 0.225325 1.04541 -16.2428 0.557882 0.891442 -17.3686 0.271696 1.02321 -17.5131 0.232924 1.04176 -16.2133 0.565004 0.888314 -16.2021 0.408384 1.04207 -15.5919 0.70973 0.826958 -14.9373 0.842642 0.782011 -15.5616 0.716539 0.824188 -14.814 0.877108 0.762879 -14.9086 0.857595 0.769868 -14.9396 0.851145 0.77221 -13.6315 1.1002 0.696144 -14.2544 0.987539 0.726413 -13.5932 0.958052 0.852117 -14.2862 0.981504 0.728254 -14.8999 0.704805 0.926535 -12.3182 1.30018 0.671571 -12.9423 1.21166 0.676324 -12.9755 1.20661 0.676935 -13.599 1.10578 0.694878 -12.2812 1.30505 0.671688 -12.2842 1.30466 0.671676 -10.3376 1.50227 0.739007 -10.9638 1.45132 0.704366 -10.9652 1.31773 0.85464 -10.9993 1.44807 0.702766 -11.6247 1.38456 0.681077 -9.63725 1.54513 0.791974 -9.6743 1.54323 0.7888 -9.67249 1.53616 0.798025 -9.69231 1.5423 0.787273 -10.3014 1.50486 0.741385 -8.30382 1.58561 0.933229 -8.34245 1.58519 0.928406 -8.31389 1.47159 1.06593 -8.97142 1.57206 0.855975 -9.00927 1.57089 0.851986 -9.64283 1.42062 0.934763 -7.02219 1.57401 1.11723 -7.63433 1.5857 1.02358 -7.67377 1.58607 1.0179 -6.96288 1.57228 1.12686 -7.00314 1.57346 1.12031 -4.97874 1.45415 1.50346 -5.61381 1.50465 1.37158 -5.63327 1.41607 1.47646 -5.65571 1.50756 1.36325 -6.2894 1.54527 1.24291 -5.54657 1.06591 1.89137 -5.36128 0.333536 2.68494 -4.29224 0.679033 2.46033 -4.30533 1.38765 1.6546 -4.936 1.45033 1.51271 -4.30566 1.38332 1.66024 -4.30576 1.38183 1.6621 -4.31316 1.2488 1.82117 -4.31341 0.975702 2.13599 -4.94216 -1.26245 4.12728 -4.01276 -0.486532 3.59744 -5.15971 -0.44309 3.43191 -4.19479 0.115042 3.03667 -4.23318 0.292128 2.86121 -3.40141 -1.69907 4.56744 -3.48427 -1.56769 4.47595 -4.70806 -2.12676 4.75968 -3.61769 -1.34032 4.30734 -3.78135 -1.02766 4.05982 -2.84579 -2.44195 4.9789 -3.14931 -2.9465 5.19823 -2.63957 -2.67216 5.06333 -3.02822 -3.3821 5.32712 -2.49903 -2.81813 5.10316 -2.96614 -3.60487 5.36919 -2.24656 -3.06082 5.13587 -2.93475 -3.71746 5.38182 -2.07571 -3.21219 5.12347 -9.83853 -7.82296 6.40147 -8.95132 -7.44234 6.37938 -9.87022 -7.83603 6.4017 -11.3547 -8.40857 6.37123 -13.6438 -9.14107 6.19897 -13.6392 -9.15821 6.19303 -12.3134 -8.63817 6.33989 -16.2355 -9.84213 5.86919 -16.2313 -9.85818 5.86262 -13.8213 -9.21211 6.17346 -17.152 -10.0767 5.72565 -31.0931 -12.5466 4.1693 -29.5315 -12.3033 4.27109 -32.1896 -12.6925 4.13838 -32.2006 -12.694 4.13807 -23.928 -2.00528 2.14649 -26.4737 -2.93623 2.47873 -26.3264 -3.48697 2.80311 -29.0064 -3.88547 2.72336 -31.5271 -4.85446 2.89344 -31.3952 -5.34819 3.13683 -28.8662 -4.41076 3.00249 -31.1269 -6.35174 3.57577 -28.5805 -5.48009 3.50964 -44.0009 -10.0209 3.12037 -44 -10.024 3.12135 -39.0268 -7.90538 3.10782 -36.5582 -6.74887 3.01657 -36.5659 -6.7521 3.01674 -34.0368 -5.84574 3.0041 -33.9145 -6.30219 3.21905 -23.301 -4.33915 3.55881 -23.4615 -3.74123 3.23324 -26.0257 -4.61075 3.39793 -28.4347 -6.02529 3.73825 -28.2871 -6.57693 3.94971 -27.9868 -7.69812 4.31807 -43.8525 -10.5747 3.39513 -38.7277 -9.0148 3.5858 -43.9686 -10.1412 3.18497 -38.928 -8.27145 3.27893 -43.9923 -10.0528 3.13867 -22.4638 -7.4632 4.87796 -22.2885 -8.11826 5.04916 -22.1105 -8.78373 5.17005 -33.1533 -9.14279 4.19853 -33.4121 -8.17696 3.93261 -33.6661 -7.22913 3.60483 -27.5241 -9.42345 4.69168 -27.3667 -10.0098 4.73693 -24.7391 -9.41227 4.93019 -24.57 -10.0429 4.95355 -21.9305 -9.4565 5.23434 -21.75 -10.132 5.23051 -29.5972 -12.0574 4.37846 -29.5632 -12.1839 4.32636 -26.8992 -11.7499 4.51418 -26.8813 -11.8165 4.48189 -26.8165 -11.8183 4.48043 -26.3885 -11.8135 4.47597 -32.2151 -12.6446 4.16577 -29.5469 -12.2447 4.29455 -32.2299 -12.5893 4.19595 -32.2925 -12.3556 4.28685 -38.3157 -10.5493 4.05694 -38.105 -11.3364 4.20944 -32.8902 -10.1245 4.39178 -37.4709 -13.3952 3.98947 -37.5664 -13.3558 4.02226 -37.5782 -13.3116 4.04658 -37.6027 -13.2193 4.08685 -37.628 -13.1244 4.11999 -37.6796 -12.9306 4.17188 -42.95 -13.9427 3.9281 -42.954 -13.9278 3.9361 -42.9715 -13.8626 3.96439 -42.9964 -13.7698 3.99421 -43.0298 -13.645 4.02344 -43.1241 -13.2929 4.06561 -7.16035 -2.91422 5.0415 -7.00668 -3.47806 5.37343 -4.45172 -3.05807 5.27605 -4.10072 -4.31647 5.67254 -4.17339 -4.05704 5.62423 -4.31513 -3.54961 5.47546 -3.02052 -2.22993 4.88138 -3.18165 -2.01824 4.76733 -11.9547 -5.14696 5.65156 -11.7646 -5.85838 5.95696 -10.5156 -5.43414 5.94383 -11.5687 -6.5915 6.20125 -10.3238 -6.14814 6.1956 -2.0088 -3.26887 5.10447 -5.64471 -3.57069 5.48811 -5.49153 -4.12358 5.70932 -5.33273 -4.6941 5.8736 -5.25135 -4.98566 5.92645 -5.16893 -5.28087 5.946 -4.00867 -4.64508 5.68726 -2.8691 -3.95333 5.37163 -2.8336 -3.92788 5.36111 -1.97812 -3.29438 5.0904 -4.25014 -4.89386 5.73755 -4.04634 -4.68967 5.69574 -5.14834 -5.35474 5.94119 -6.3292 -5.93621 6.14897 -6.41862 -5.61332 6.12981 -6.50696 -5.29421 6.07426 -6.67956 -4.66941 5.89905 -6.84628 -4.06357 5.66149 -5.1243 -5.44114 5.92626 -6.30687 -6.01693 6.14316 -7.48466 -6.63246 6.29196 -7.50832 -6.54611 6.29894 -8.70671 -7.11142 6.39474 -7.60311 -6.20035 6.28157 -8.8054 -6.74763 6.38062 -7.69685 -5.85831 6.22523 -8.90313 -6.38735 6.32552 -7.88026 -5.18811 6.04385 -9.09467 -5.68068 6.14297 -8.05775 -4.53776 5.79563 -9.28043 -4.99428 5.88993 -9.45994 -4.32989 5.5797 -11.2143 -7.91906 6.42535 -11.2657 -7.72659 6.41663 -9.92479 -7.63294 6.43519 -10.0261 -7.25606 6.4259 -14.3012 -6.66332 5.87534 -14.1024 -7.41163 6.08851 -12.8288 -7.01212 6.16337 -15.0453 -3.87425 4.48374 -12.4893 -3.14961 4.45417 -14.6837 -5.22714 5.26937 -12.1387 -4.45918 5.29286 -14.4952 -5.93441 5.5997 -13.8994 -8.17646 6.22524 -12.6261 -7.77457 6.31833 -11.3678 -7.34403 6.37046 -10.1266 -6.88225 6.37416 -11.1629 -8.11161 6.41942 -9.89958 -7.72676 6.42519 -8.68211 -7.20213 6.38637 -8.73392 -7.25833 6.38518 -7.45708 -6.73329 6.27292 -16.4839 -8.9047 5.94647 -16.6831 -8.15382 5.85438 -16.8793 -7.4152 5.68706 -17.0716 -6.69234 5.45794 -17.2593 -5.98783 5.17447 -19.673 -7.42042 5.2624 -19.4865 -8.12002 5.43701 -19.2971 -8.8311 5.55197 -19.1059 -9.54961 5.59471 -16.3837 -9.28283 5.95437 -13.7453 -8.75783 6.25484 -12.42 -8.5499 6.35171 -37.9985 -11.7349 4.24986 -32.757 -10.6217 4.44371 -29.9942 -10.5787 4.5825 -27.2088 -10.5978 4.73249 -24.401 -10.6725 4.91323 -21.6601 -10.4681 5.19445 -19.0103 -9.90928 5.57968 -18.9627 -10.0882 5.55872 -16.3337 -9.47176 5.94417 -16.284 -9.65944 5.91964 -13.694 -8.9515 6.24028 -13.6686 -9.04732 6.22407 -12.3944 -8.64616 6.33775 -29.8481 -11.123 4.56153 -29.7033 -11.6625 4.48579 -27.0517 -11.1823 4.66879 -26.9743 -11.4702 4.60752 -24.3174 -10.984 4.86133 -24.2762 -11.1375 4.82377 -21.6157 -10.6345 5.16389 -21.5719 -10.7983 5.12076 -18.9157 -10.2651 5.52423 -18.8926 -10.3518 5.49887 -16.2595 -9.75185 5.89875 -37.785 -12.535 4.23595 -32.3573 -12.1136 4.35088 -29.6321 -11.9275 4.4208 -26.9363 -11.6117 4.56618 -24.2358 -11.288 4.77464 -21.5506 -10.878 5.0917 -18.8663 -10.4508 5.45819 -18.8417 -10.4457 5.46209 -10.2684 -1.31734 3.46537 -9.26696 -0.0268764 2.48991 -10.5602 -0.219149 2.47103 -9.52195 0.951845 1.46929 -10.8344 0.819674 1.41056 -7.71863 -0.832392 3.43727 -6.66908 0.249315 2.59766 -7.97044 0.129225 2.53238 -6.8791 1.0752 1.71077 -8.20387 1.0371 1.56972 -9.95953 -2.47301 4.38683 -7.44884 -1.84597 4.2783 -9.63271 -3.68916 5.21971 -5.08994 -5.42031 5.91947 -12.1424 0.640821 1.39464 -13.4469 0.415655 1.42233 -14.7485 0.146883 1.49025 -16.047 -0.160997 1.59172 -23.7748 -2.57495 2.52751 -21.211 -1.69268 2.19829 -18.6351 -0.875902 1.86837 -19.8559 -6.73519 5.03504 -17.4422 -5.30294 4.84366 -20.0348 -6.06594 4.76154 -20.2108 -5.40871 4.4585 -20.555 -4.12585 3.78461 -20.8887 -2.88626 3.02915 -18.3096 -2.076 2.81805 -15.727 -1.34122 2.63299 -14.4351 -1.01173 2.56057 -38.5234 -9.77485 3.84616 -43.2561 -12.8006 4.05506 -43.3359 -12.5027 4.01597 -43.4548 -12.0588 3.91933 -43.485 -11.9462 3.88995 -43.6314 -11.3997 3.72277 -43.7748 -10.8644 3.52062 -39.0479 -7.80606 3.05975 -39.053 -7.80828 3.05981 -40.4515 -8.41742 3.07688 -41.5258 -8.90128 3.08974 -43.4593 -12.042 3.56831 -43.6924 -11.1722 3.40547 -43.7415 -10.9889 3.36554 -43.2044 -12.9933 3.69336 -43.9747 -10.1184 3.14775 -43.9994 -10.0262 3.12204 -43.9864 -10.0747 3.13554 -43.9835 -10.0858 3.1386 -42.9567 -13.9177 3.78368 -42.9662 -13.8823 3.77463 -42.9962 -13.7704 3.75568 -43.177 -13.0955 3.70161 -42.9478 -13.9508 3.79477 -42.9408 -13.9771 3.80665 -42.9328 -14.0068 3.87255 -42.9392 -13.9832 3.81025 -42.9321 -14.0097 3.86548 -42.9493 -13.9455 3.79275 -42.9341 -14.0021 3.88075 -42.9347 -13.9998 3.8841 -42.9375 -13.9896 3.81478 -42.935 -13.9987 3.82313 -42.9337 -14.0035 3.8289 -42.9324 -14.0083 3.83693 -42.9318 -14.0107 3.84293 -42.9316 -14.0114 3.84557 -42.9315 -14.0118 3.84798 -42.9371 -13.991 3.89416 -42.9333 -14.005 3.83105 -42.9314 -14.0121 3.85321 -42.9316 -14.0115 3.85882 5.77315 14.0408 3.59835 6.4147 16.6509 3.69075 5.11081 16.9996 4.48282 5.8455 9.90562 2.4761 6.26299 11.1573 2.50604 5.07435 11.475 3.51919 3.12633 14.7502 5.27006 3.75578 17.3635 5.17568 3.05166 17.5532 5.45968 7.66914 38.6183 4.08696 7.57692 38.6432 4.04669 5.52639 33.6453 4.19638 5.15801 25.3937 4.85488 5.77793 25.2277 4.73055 6.49663 27.8259 4.60263 5.72419 22.4412 4.66334 6.35764 22.2715 4.41905 6.99189 24.9026 4.37097 7.59897 21.939 3.86494 5.5532 34.0327 4.10972 5.41871 33.6742 4.13086 7.48356 38.6684 3.98819 4.41465 31.1651 4.25028 -1.66434 3.94354 5.3827 -1.7753 5.22241 5.66599 -1.67422 3.94303 5.37956 -1.32694 3.94529 5.40324 -1.36887 5.11836 5.66417 -1.63225 5.18571 5.68281 4.02507 3.01811 1.53287 4.42132 3.56719 1.38002 4.3388 3.58552 1.48407 4.59526 3.80823 1.31292 4.79154 4.13243 1.25443 11.8029 27.7945 2.74306 12.0065 29.1308 2.82458 11.9987 29.1329 2.8291 13.0927 37.2617 3.0609 13.3797 39.8611 3.08876 13.076 37.17 3.06294 13.6421 42.5646 3.11982 13.6402 42.5651 3.12037 13.6441 42.564 3.11936 12.7318 34.487 2.99448 13.0806 37.1686 3.05867 12.2034 30.4677 2.89072 12.1959 30.4697 2.89497 12.2612 30.8693 2.90787 11.593 26.4584 2.64418 11.6987 27.1264 2.69591 11.6906 27.1286 2.70088 11.7949 27.7966 2.74787 11.1547 23.786 2.38646 11.3768 25.1223 2.52597 11.3683 25.1246 2.53147 11.5419 26.1393 2.61779 10.918 22.4515 2.23002 10.9267 22.4491 2.22367 11.146 23.7883 2.39236 10.6834 21.1145 2.04477 10.7162 21.2464 2.05744 10.4251 19.7821 1.83137 10.6896 21.1128 2.03681 10.0344 18.4864 1.75025 10.1605 18.4515 1.62593 10.5416 21.1523 2.14351 9.89997 17.1235 1.42833 9.89642 17.1234 1.4209 9.58868 15.8081 1.23386 9.79028 16.5897 1.3385 8.76456 13.2478 1.03915 9.25229 14.504 1.05926 9.45345 15.8454 1.36053 8.90563 13.2106 0.898011 8.9443 13.31 0.899398 8.91132 13.2091 0.891308 8.70329 12.5723 0.840256 8.49577 11.9371 0.789333 8.36894 11.9709 0.924334 8.28883 11.3037 0.738555 7.93348 10.7118 0.850906 8.06739 10.6762 0.704811 8.14407 10.8606 0.703032 8.06924 10.6766 0.702246 7.45396 9.47274 0.826839 7.5685 9.44477 0.696984 7.81878 10.0604 0.699614 6.92766 8.25471 0.856064 6.75199 7.63103 0.765251 7.04891 8.22425 0.714259 7.31841 8.82955 0.694357 7.17367 8.47349 0.692836 5.73146 5.8804 1.07032 5.48925 5.28484 1.04652 5.83488 5.85573 0.943523 6.15559 6.43951 0.86767 5.99944 6.12752 0.894488 3.56693 2.46678 1.76268 3.62524 2.46406 1.68711 3.22179 1.905 1.84274 2.94439 1.58931 1.98853 2.96869 1.55951 1.9446 2.97069 1.55705 1.93961 1.9136 2.61207 3.39833 2.22028 2.34971 3.03916 2.65208 2.72537 2.79712 2.47142 2.1108 2.71267 3.27155 2.55123 2.11779 1.68441 4.32326 4.12469 1.29877 3.05496 4.0189 1.34422 3.02567 3.97701 2.49945 4.10287 3.43198 0.188972 3.61894 4.85692 0.355339 3.55211 4.75463 0.822334 4.55174 4.75468 0.590485 3.44725 4.5954 0.761612 3.36317 4.46922 -0.52668 3.83748 5.20218 -0.374985 3.80053 5.14167 -0.10862 4.79443 5.26911 -0.600624 4.9214 5.46778 -1.10891 5.05184 5.61602 -0.907478 3.90748 5.32347 -1.27634 3.94301 5.39756 -1.60944 3.94589 5.39636 -1.58019 3.94681 5.40139 -1.46655 3.9482 5.40985 -0.783249 15.8066 6.2019 -0.800339 15.8111 6.19599 -1.0932 14.4913 6.31254 3.44505 28.6416 4.43688 2.19435 25.2733 4.80403 2.51111 26.102 4.70711 1.5752 23.555 5.05066 3.79707 29.5666 4.36063 9.68265 43.6255 3.90491 8.23047 40.3893 3.95979 9.68794 43.6241 3.90882 11.0089 23.8251 2.47672 10.4582 23.973 2.80146 11.4538 26.4958 2.72213 11.5847 26.4606 2.64931 11.8756 29.166 2.89275 11.3818 29.2986 3.13629 10.9286 26.6371 3.00151 10.3782 29.5681 3.57554 9.85935 26.9244 3.50911 13.6371 42.5659 3.12135 12.9846 37.1943 3.10776 12.3761 31.8092 2.95216 12.3832 31.8069 2.93032 12.2724 31.8377 3.00376 11.8158 31.96 3.2188 8.20641 21.7764 3.55777 8.80463 21.6164 3.23173 9.33429 24.2746 3.39697 9.3141 27.0708 3.73795 8.76237 27.2188 3.94962 7.64084 27.5195 4.3184 13.0864 42.7135 3.39513 11.874 37.49 3.58586 13.5199 42.5973 3.18497 12.6181 37.2918 3.27891 13.6083 42.5736 3.13867 5.08124 22.6137 4.87921 4.426 22.7894 5.05083 3.76038 22.9681 5.17213 8.97417 32.7214 4.19879 9.94035 32.4625 3.93272 10.8885 32.2085 3.60478 5.91463 27.9816 4.69256 5.32785 28.1385 4.73797 4.53096 25.5616 4.9317 3.89999 25.7304 4.9553 3.08747 23.1488 5.2368 2.41178 23.3302 5.23331 10.3386 37.9006 4.05709 9.55146 38.1117 4.20962 7.99211 32.9845 4.39216 7.9577 38.5405 4.17203 7.76397 38.5928 4.12012 5.7602 33.5827 4.2873 3.51971 28.6217 4.48322 4.54333 31.1307 4.32714 4.48252 31.1469 4.29533 5.47113 33.6601 4.16619 7.53273 38.6551 4.02236 4.66997 31.0968 4.37925 3.58634 28.6039 4.51551 2.58099 26.0833 4.74533 9.71836 43.6159 3.9281 9.73326 43.6119 3.9361 9.79849 43.5945 3.96439 9.89134 43.5696 3.99421 10.0161 43.5362 4.02344 10.3682 43.4418 4.06561 1.36675 7.07168 5.03827 0.802902 7.22017 5.36961 2.41965 14.9405 5.60082 2.32934 17.7482 5.68932 1.69146 15.137 5.87689 0.0434494 6.08527 5.48251 -0.5103 6.22861 5.70317 -1.08209 6.37588 5.86706 -1.37441 6.45096 5.9198 -1.67041 6.52695 5.93935 -1.69817 5.2026 5.67886 -1.74446 6.54598 5.93457 -1.6592 7.86096 6.14401 -1.33557 7.77716 6.12483 -1.01574 7.69431 6.06932 -0.389725 7.53179 5.89435 0.216957 7.37364 5.65718 1.29163 9.77306 5.57788 0.627312 9.94956 5.88799 0.411652 8.66119 5.79253 -0.0592194 10.1316 6.14098 -0.239243 8.83232 6.04055 -0.766167 10.3188 6.32356 -0.910278 9.00826 6.22182 -1.12664 10.4142 6.37873 -1.25282 9.09792 6.27816 -1.49064 10.5105 6.39295 -1.59911 9.18855 6.29561 -1.68558 9.2112 6.28865 -1.74009 7.88194 6.13823 -1.83463 7.90648 6.12134 -1.81786 6.56489 5.92281 -1.83309 6.66681 5.93629 -1.3343 11.8276 6.43486 -0.95752 11.727 6.42543 -0.746025 13.0371 6.41748 -0.583824 11.6272 6.37358 -0.363808 12.9343 6.37114 0.150017 11.4311 6.19486 0.388046 12.7322 6.20165 0.863686 11.2404 5.94298 1.12052 12.5353 5.95711 1.83133 12.3444 5.65149 -0.206497 15.6503 6.2573 0.180168 15.5456 6.22767 0.841301 18.1507 5.94972 0.944016 15.339 6.0905 1.59139 17.9476 5.85715 4.47855 14.387 4.4836 3.82716 11.809 4.4536 2.51855 12.1599 5.2926 0.653465 14.035 6.16468 -0.108078 14.2406 6.32001 -0.494461 14.3449 6.3588 -0.938324 13.0888 6.42628 -1.78038 9.34541 6.27933 -1.77116 9.23363 6.27355 -1.68727 10.5625 6.36347 -1.58141 10.5345 6.38462 -1.4281 11.8526 6.42491 -1.13071 13.1405 6.42044 -0.688568 14.3974 6.36368 3.72218 20.1728 5.26429 3.02277 20.3611 5.4394 2.31195 20.5527 5.55483 1.59378 20.7465 5.59802 0.463585 18.253 5.95784 -0.400436 15.7029 6.25759 -0.882484 14.4498 6.35378 -1.22628 13.1663 6.40862 -1.52073 11.8774 6.40612 -1.52888 11.9451 6.40188 9.15293 38.2188 4.25004 7.49476 33.1178 4.44413 6.14962 30.7011 4.58319 4.73949 28.2958 4.73366 3.26991 25.899 4.91519 2.07565 23.4205 5.1974 1.23428 20.8436 5.58319 1.05545 20.8919 5.56232 0.274864 18.3041 5.94775 0.0873795 18.355 5.92332 -0.593857 15.7552 6.24314 -0.689568 15.7812 6.22698 -0.978638 14.4757 6.33988 -1.07327 14.5013 6.31691 -1.32051 13.1916 6.3878 -1.33739 13.1961 6.38277 -0.484085 17.0683 6.05039 -0.111176 18.4087 5.86639 -0.00494385 18.38 5.90248 0.792 20.963 5.50259 0.878593 20.9396 5.52792 1.74538 23.5093 5.12384 1.90919 23.4652 5.1669 2.80449 26.0235 4.82585 2.95818 25.9824 4.86337 3.86627 28.5291 4.60883 4.15445 28.4522 4.67006 5.06511 30.9912 4.48658 5.60502 30.8468 4.56228 6.49611 33.3854 4.42981 6.99512 33.2517 4.4581 8.75268 38.3265 4.26002 8.35306 38.434 4.23612 6.00227 33.5178 4.35134 4.79997 31.0621 4.42159 3.72465 28.567 4.5675 2.65388 26.0638 4.77675 1.66565 23.5307 5.09481 0.707901 20.9857 5.46915 3.26968 3.89 2.68788 3.99363 3.68511 1.89737 4.30093 8.96803 3.46484 4.91493 7.45505 2.49074 5.3964 8.67199 2.47121 5.88821 7.18693 1.47145 6.43169 8.39036 1.41155 6.35375 7.05742 0.937634 6.45422 7.03614 0.816386 3.44401 6.51555 3.43705 3.85225 5.06552 2.59988 4.40044 6.25339 2.5339 4.66994 4.83513 1.71545 5.30122 6.00212 1.57311 5.06006 4.72325 1.25287 5.14148 4.71042 1.15015 1.93211 9.60255 5.21806 2.43369 6.78808 4.27648 3.14717 9.27795 4.38569 6.93236 9.61325 1.39451 7.39109 10.8563 1.42117 7.81039 12.1187 1.48828 8.19415 13.3981 1.58918 8.87089 15.999 1.86525 9.45285 18.6406 2.19525 9.9716 21.3045 2.52502 4.4073 19.9885 5.03642 4.44044 17.1794 4.84434 5.07654 19.8088 4.76238 5.73386 19.6325 4.4588 7.01723 19.2891 3.78381 8.25782 18.9582 3.02723 7.6689 16.3172 2.81601 7.01242 13.711 2.63123 6.65091 12.4265 2.55911 11.1134 37.6932 3.84627 12.7967 42.7911 3.52062 12.2614 42.9345 3.72277 11.7149 43.0809 3.88995 11.6023 43.1111 3.91933 11.1584 43.2301 4.01597 10.8605 43.3099 4.05506 0.597527 20.6988 5.50927 11.6191 43.1066 3.56831 12.4889 42.8736 3.40547 12.6722 42.8245 3.36554 10.6678 43.3615 3.69336 13.5427 42.5912 3.14775 9.74339 43.6092 3.78368 9.71564 43.6167 3.79275 9.7103 43.6181 3.79477 9.77879 43.5997 3.77463 13.6349 42.5665 3.12204 13.5864 42.5795 3.13554 13.5753 42.5825 3.1386 9.89075 43.5697 3.75568 10.5656 43.3889 3.70161 9.68396 43.6251 3.80665 9.65426 43.6331 3.87255 9.67793 43.6268 3.81025 9.65134 43.6339 3.86548 9.65897 43.6318 3.88075 9.66133 43.6312 3.8841 9.67013 43.6289 3.89416 9.67154 43.6285 3.81478 9.66241 43.6309 3.82313 9.65763 43.6322 3.8289 9.65276 43.6335 3.83693 9.65041 43.6341 3.84293 9.64973 43.6343 3.84557 9.64931 43.6344 3.84798 9.65613 43.6326 3.83105 9.64905 43.6345 3.85321 9.64964 43.6343 3.85882 -0.614433 0.0627308 6.18358 -0.530403 0.162874 6.18358 -1.06072 0.693205 6.18358 -0.194183 -1.0919 6.18358 -0.317032 -1.04718 6.18358 -1.2976 -3.79071 6.18358 0.430115 0.246908 6.18358 0.530266 0.162874 6.18358 3.01839 1.49753 6.18358 1.34509 -1.22892 6.18358 1.50888 -1.1693 6.18358 0.679665 -0.68442 6.18358 1.68054 -1.13902 6.18358 0.861389 -2.55784 6.18358 0.801773 -2.39404 6.18358 -2.21648 -3.08819 6.18358 4.31329 -1.71095 6.18358 2.76389 -2.04806 6.18358 4.29018 -2.27545 6.18358 2.76389 -2.22238 6.18358 4.18411 -2.79296 6.18358 2.73363 -2.39404 6.18358 4.00884 -3.24112 6.18358 2.674 -2.55784 6.18358 3.80278 -3.58627 6.18358 2.58685 -2.7088 6.18358 3.53546 -3.90299 6.18358 2.47481 -2.84233 6.18358 3.40289 -4.02612 6.18358 2.34128 -2.95437 6.18358 3.08909 -4.25644 6.18358 2.71156 -4.45019 6.18358 2.19032 -3.04153 6.18358 2.25387 -4.59696 6.18358 2.02652 -3.10115 6.18358 1.85485 -3.13142 6.18358 1.69984 -4.67647 6.18358 1.68054 -3.13142 6.18358 1.2184 -4.67453 6.18358 1.50888 -3.10115 6.18358 0.529472 -4.57306 6.18358 0.771507 -2.04806 6.18358 0.801773 -1.8764 6.18358 0.316895 -1.04718 6.18358 0.861389 -1.7126 6.18358 0.948547 -1.56164 6.18358 -0.430252 -0.981817 6.18358 -0.530403 -0.897783 6.18358 -3.01852 -2.23244 6.18358 -0.614433 -0.79764 6.18358 -0.679802 -0.68442 6.18358 1.19413 -1.31607 6.18358 0.614304 -0.79764 6.18358 1.06059 -1.42812 6.18358 0.530266 -0.897783 6.18358 0.430115 -0.981817 6.18358 0.614304 0.0627308 6.18358 0.679665 -0.0504894 6.18358 3.61602 0.608156 6.18358 0.724373 -0.173342 6.18358 4.01266 -0.248495 6.18358 0.747078 -0.302088 6.18358 4.23298 -1.02669 6.18358 0.747078 -0.432821 6.18358 0.724373 -0.561567 6.18358 2.19032 -1.22892 6.18358 2.02652 -1.1693 6.18358 1.85485 -1.13902 6.18358 2.34128 -1.31607 6.18358 2.47481 -1.42812 6.18358 2.58685 -1.56164 6.18358 2.674 -1.7126 6.18358 2.73363 -1.8764 6.18358 1.34509 -3.04153 6.18358 1.19413 -2.95437 6.18358 -0.350868 -4.28895 6.18358 1.06059 -2.84233 6.18358 0.948547 -2.7088 6.18358 -0.771645 1.31315 6.18358 -0.801903 1.14149 6.18358 -0.317032 0.312273 6.18358 -0.861526 0.97769 6.18358 -0.948685 0.826735 6.18358 0.0653 0.379694 6.18358 0.194054 0.356993 6.18358 0.316895 0.312273 6.18358 -0.72451 -0.561567 6.18358 -1.50902 0.434389 6.18358 -0.747215 -0.432821 6.18358 -1.68068 0.404116 6.18358 -1.855 0.404116 6.18358 -0.430252 0.246908 6.18358 -0.771645 1.48747 6.18358 -0.194183 0.356993 6.18358 -0.0654297 0.379694 6.18358 0.771507 -2.22238 6.18358 0.194054 -1.0919 6.18358 0.0653 -1.1146 6.18358 -0.0654297 -1.1146 6.18358 -1.19426 0.581156 6.18358 -0.72451 -0.173342 6.18358 -0.679802 -0.0504894 6.18358 -0.747215 -0.302088 6.18358 -1.34521 0.494005 6.18358 -2.02666 0.434389 6.18358 -2.19045 0.494005 6.18358 -3.61616 -1.34307 6.18358 -2.34142 0.581156 6.18358 -4.0128 -0.486414 6.18358 -2.47495 0.693205 6.18358 -2.58698 0.826735 6.18358 -4.23312 0.291777 6.18358 -2.67414 0.97769 6.18358 -4.31342 0.976046 6.18358 -2.73376 1.14149 6.18358 -2.76403 1.31315 6.18358 -4.29031 1.54054 6.18358 -2.76403 1.48747 6.18358 -4.18425 2.05805 6.18358 -2.73376 1.65913 6.18358 -4.00898 2.50621 6.18358 -2.67414 1.82293 6.18358 -3.80292 2.85136 6.18358 -2.58698 1.97389 6.18358 -3.5356 3.16808 6.18358 -2.47495 2.10742 6.18358 -3.40303 3.29121 6.18358 -2.34142 2.21947 6.18358 -3.08923 3.52153 6.18358 -2.7117 3.71528 6.18358 -2.19045 2.30662 6.18358 -2.25401 3.86205 6.18358 -2.02666 2.36623 6.18358 -1.855 2.39651 6.18358 -1.69997 3.94156 6.18358 -1.68068 2.39651 6.18358 -1.21854 3.93962 6.18358 -1.50902 2.36623 6.18358 -0.52961 3.83815 6.18358 -1.34521 2.30662 6.18358 -1.19426 2.21947 6.18358 0.350739 3.55404 6.18358 -1.06072 2.10742 6.18358 1.29746 3.0558 6.18358 -0.801903 1.65913 6.18358 2.21634 2.35328 6.18358 -0.861526 1.82293 6.18358 -0.948685 1.97389 6.18358 0.801773 -1.8764 1.18358 0.771507 -2.04806 1.18358 0.316895 -1.04718 1.18358 -3.61616 -1.34307 1.18358 -3.01852 -2.23244 1.18358 0.771507 -2.22238 1.18358 -2.21648 -3.08819 1.18358 0.801773 -2.39404 1.18358 -1.2976 -3.79071 1.18358 -0.530403 -0.897783 1.18358 -0.614433 -0.79764 1.18358 -0.679802 -0.68442 1.18358 -0.430252 0.246908 1.18358 -0.530403 0.162874 1.18358 -1.06072 0.693205 1.18358 -0.430252 -0.981817 1.18358 -0.317032 -1.04718 1.18358 -0.194183 -1.0919 1.18358 -0.0654297 -1.1146 1.18358 2.21634 2.35328 1.18358 3.01839 1.49753 1.18358 0.614304 0.0627308 1.18358 0.316895 0.312273 1.18358 1.29746 3.0558 1.18358 0.430115 0.246908 1.18358 0.530266 0.162874 1.18358 0.0653 -1.1146 1.18358 0.194054 -1.0919 1.18358 1.85485 -1.13902 1.18358 1.68054 -1.13902 1.18358 0.530266 -0.897783 1.18358 1.50888 -1.1693 1.18358 1.34509 -1.22892 1.18358 0.861389 -2.55784 1.18358 0.948547 -2.7088 1.18358 -0.350868 -4.28895 1.18358 1.06059 -2.84233 1.18358 0.529472 -4.57306 1.18358 -0.72451 -0.173342 1.18358 -2.02666 0.434389 1.18358 -0.679802 -0.0504894 1.18358 -1.855 0.404116 1.18358 -1.68068 0.404116 1.18358 -1.50902 0.434389 1.18358 -1.34521 0.494005 1.18358 -1.19426 0.581156 1.18358 1.19413 -2.95437 1.18358 1.34509 -3.04153 1.18358 1.2184 -4.67453 1.18358 1.50888 -3.10115 1.18358 1.69984 -4.67647 1.18358 1.68054 -3.13142 1.18358 2.25387 -4.59696 1.18358 -0.614433 0.0627308 1.18358 -2.76403 1.31315 1.18358 -2.73376 1.14149 1.18358 -4.31342 0.976046 1.18358 -2.67414 0.97769 1.18358 -2.58698 0.826735 1.18358 0.614304 -0.79764 1.18358 0.679665 -0.68442 1.18358 2.02652 -1.1693 1.18358 0.724373 -0.561567 1.18358 -0.801903 1.14149 1.18358 0.194054 0.356993 1.18358 0.0653 0.379694 1.18358 -2.47495 0.693205 1.18358 -2.34142 0.581156 1.18358 -2.19045 0.494005 1.18358 1.19413 -1.31607 1.18358 1.06059 -1.42812 1.18358 0.430115 -0.981817 1.18358 0.948547 -1.56164 1.18358 0.861389 -1.7126 1.18358 -0.948685 0.826735 1.18358 -0.194183 0.356993 1.18358 -0.317032 0.312273 1.18358 -0.0654297 0.379694 1.18358 -0.861526 0.97769 1.18358 -0.771645 1.31315 1.18358 -0.771645 1.48747 1.18358 -0.801903 1.65913 1.18358 2.76389 -2.04806 1.18358 4.31329 -1.71095 1.18358 2.76389 -2.22238 1.18358 4.29018 -2.27545 1.18358 2.73363 -2.39404 1.18358 4.18411 -2.79296 1.18358 2.674 -2.55784 1.18358 4.00884 -3.24112 1.18358 2.58685 -2.7088 1.18358 3.80278 -3.58627 1.18358 2.47481 -2.84233 1.18358 2.73363 -1.8764 1.18358 2.674 -1.7126 1.18358 2.58685 -1.56164 1.18358 -4.23312 0.291777 1.18358 -0.747215 -0.302088 1.18358 -4.0128 -0.486414 1.18358 -0.747215 -0.432821 1.18358 -0.72451 -0.561567 1.18358 1.85485 -3.13142 1.18358 2.02652 -3.10115 1.18358 2.71156 -4.45019 1.18358 2.19032 -3.04153 1.18358 3.08909 -4.25644 1.18358 2.34128 -2.95437 1.18358 3.40289 -4.02612 1.18358 3.53546 -3.90299 1.18358 2.47481 -1.42812 1.18358 2.34128 -1.31607 1.18358 2.19032 -1.22892 1.18358 -0.861526 1.82293 1.18358 -0.948685 1.97389 1.18358 0.350739 3.55404 1.18358 -1.06072 2.10742 1.18358 -0.52961 3.83815 1.18358 -1.19426 2.21947 1.18358 -1.34521 2.30662 1.18358 -1.21854 3.93962 1.18358 -1.50902 2.36623 1.18358 -1.69997 3.94156 1.18358 -1.68068 2.39651 1.18358 -2.25401 3.86205 1.18358 4.23298 -1.02669 1.18358 0.747078 -0.432821 1.18358 4.01266 -0.248495 1.18358 0.747078 -0.302088 1.18358 3.61602 0.608156 1.18358 0.724373 -0.173342 1.18358 0.679665 -0.0504894 1.18358 -2.76403 1.48747 1.18358 -4.29031 1.54054 1.18358 -2.73376 1.65913 1.18358 -4.18425 2.05805 1.18358 -2.67414 1.82293 1.18358 -4.00898 2.50621 1.18358 -2.58698 1.97389 1.18358 -3.80292 2.85136 1.18358 -2.47495 2.10742 1.18358 -1.855 2.39651 1.18358 -2.02666 2.36623 1.18358 -2.7117 3.71528 1.18358 -2.19045 2.30662 1.18358 -3.08923 3.52153 1.18358 -2.34142 2.21947 1.18358 -3.40303 3.29121 1.18358 -3.5356 3.16808 1.18358 -1.69732 3.94172 5.37088 -1.71107 3.94088 5.36441 3.53546 -3.90299 3.65588 3.83724 -3.53633 3.94661 3.80309 -3.58573 3.91068 4.07008 -3.10877 4.22069 4.00877 -3.24106 4.14259 4.21708 -2.66894 4.44532 4.18346 -2.79305 4.3866 4.31081 -1.63791 4.83649 4.30324 -2.14619 4.66168 4.2896 -2.27571 4.61214 4.20863 -0.910799 5.28285 4.20164 -0.877867 5.26552 4.19888 -0.865286 5.25727 4.19519 -0.849787 5.24525 4.19218 -0.838499 5.23459 4.1907 -0.833208 5.22868 4.1889 -0.825617 5.21816 4.18792 -0.82094 5.20898 4.18738 -0.81859 5.20184 4.18697 -0.817259 5.19385 4.18684 -0.817175 5.18588 4.18709 -0.818457 5.17718 4.18766 -0.820471 5.17033 4.18903 -0.825247 5.15969 4.19147 -0.834768 5.14528 4.19467 -0.848989 5.12991 4.19986 -0.872095 5.11195 4.209 -0.912321 5.08853 4.23588 -1.04079 5.0313 4.26624 -1.22171 5.35746 4.30573 -1.56787 5.37646 4.31333 -1.71128 5.37231 4.25304 -1.13616 5.3451 4.23146 -1.01678 5.31926 4.21564 -0.941652 5.29535 4.31434 -1.95855 5.35096 4.28992 -2.2761 5.29762 4.27588 -2.38002 5.27394 4.18449 -2.79367 5.14648 4.04318 -3.16939 4.97749 4.00852 -3.24177 4.93812 3.86311 -3.49731 4.77754 3.80244 -3.58677 4.71214 3.6234 -3.81036 4.5236 3.53546 -3.90299 4.43362 2.21687 2.3528 2.66376 2.3026 2.27394 2.58824 2.96754 1.56095 1.94271 2.80186 1.75763 2.11509 1.67736 2.79455 3.10897 1.29892 3.05488 3.3963 1.05473 3.20352 3.57287 0.374718 3.54393 4.03077 -0.227913 3.75987 4.38545 0.351212 3.55384 4.04556 -0.898994 3.90628 4.74278 -0.526924 3.83754 4.54782 -1.71896 3.94037 5.21722 -1.67474 3.943 5.17576 -1.61172 3.94581 5.12999 -1.49657 3.94816 5.05814 -1.2186 3.93963 4.90692 -1.72325 3.94008 5.35745 -1.72959 3.93965 5.35317 -1.74682 3.93843 5.33748 -1.74929 3.93825 5.33436 -1.75578 3.93775 5.32366 -1.75818 3.93757 5.31774 -1.7606 3.93739 5.30774 -1.76118 3.93734 5.30038 -1.76084 3.93737 5.29285 -1.76059 3.93739 5.29074 -1.75735 3.93764 5.27684 -1.75343 3.93793 5.26677 -1.74445 3.9386 5.25008 -1.74232 3.93875 5.24679 -1.73647 3.93918 5.23839 -1.68402 3.94249 5.37615 13.8149 -16.5267 3.8056 15.7866 -18.3261 3.88061 16.6965 -17.4161 4.4221 28.0431 -28.5053 4.05759 24.3032 -24.7929 4.19782 23.5955 -25.5006 3.93335 9.63023 -16.9577 1.42146 10.0572 -16.5274 1.91997 8.15927 -14.6815 1.63728 6.83418 -14.1485 0.964784 7.73881 -15.1055 1.09016 13.5149 -9.32354 6.0689 11.5758 -7.55098 6.20702 11.031 -8.09455 5.97031 21.7938 -19.8311 4.68137 21.3682 -20.257 4.59582 25.0226 -24.0735 4.3887 19.8074 -25.5555 2.90258 21.8901 -27.2063 3.00833 22.2231 -26.8733 3.22173 16.6074 -23.1419 2.55428 17.6387 -23.9825 2.66492 17.7384 -23.8844 2.74051 16.0828 -21.7916 2.82709 14.0484 -20.0656 2.56518 13.632 -20.4825 2.19063 14.5503 -21.4454 2.26792 15.5777 -22.296 2.42223 15.6806 -22.1933 2.50768 5.05195 -1.39412 5.5328 5.09617 -1.34897 5.52567 21.8061 -27.2887 2.94468 23.9243 -28.8968 2.99828 26.1068 -30.4454 3.10863 21.2791 -26.8843 2.92584 20.7565 -26.4727 2.89936 21.5344 -27.0824 2.93781 17.8404 -24.1457 2.68463 18.6746 -24.8178 2.75892 15.5759 -22.2964 2.41999 16.606 -23.142 2.55257 14.5483 -21.4457 2.26529 14.3489 -21.2799 2.23252 11.5098 -18.8369 1.67919 12.5225 -19.7083 1.87656 13.5348 -20.5794 2.07385 10.4987 -17.9668 1.48212 10.5007 -17.967 1.48832 10.4086 -17.8894 1.46457 9.53223 -17.0512 1.29726 8.57386 -16.1347 1.1143 7.63207 -15.2105 0.945456 7.18379 -14.7262 0.885748 6.29102 -13.7617 0.766838 6.73673 -14.2432 0.826203 5.96219 -13.1676 0.87652 5.45007 -12.7573 0.713246 5.86183 -13.2671 0.728493 4.24155 -11.2177 0.696249 4.44226 -11.5096 0.67593 4.62833 -11.7399 0.68282 4.33106 -11.1249 0.840527 3.87166 -10.6799 0.733698 3.12968 -9.60102 0.808815 3.49991 -10.1393 0.771333 3.57574 -10.0598 0.899083 3.50105 -10.141 0.771218 2.78342 -9.04644 0.874826 2.9645 -9.36084 0.825537 3.12852 -9.59933 0.808932 2.86079 -8.96444 1.00756 2.78239 -9.04464 0.875108 2.45633 -8.47852 0.96386 1.96131 -7.61906 1.0986 2.1264 -7.9057 1.05366 2.1862 -7.83795 1.16479 2.12748 -7.90758 1.05337 2.45527 -8.47669 0.964148 1.48886 -6.74774 1.25641 1.62431 -7.03395 1.19033 1.79577 -7.33164 1.14366 1.79687 -7.33356 1.14336 1.55197 -6.6795 1.3696 1.48791 -6.74571 1.25688 1.20508 -6.14807 1.39487 0.630455 -4.93382 1.67524 0.917938 -5.54131 1.53497 0.958115 -5.48828 1.62082 0.918953 -5.54344 1.53448 1.2041 -6.14599 1.39535 0.451012 -4.55463 1.76279 0.629425 -4.93163 1.67574 0.453407 -4.55517 1.76563 0.523598 -4.57172 1.82396 1.20107 -5.25409 2.00977 2.25266 -4.59685 3.26264 1.74235 -4.67422 2.8328 1.70448 -4.76428 2.74917 1.17581 -4.67176 2.36501 0.99707 -4.65403 2.21803 2.407 -5.85023 2.65323 2.29501 -4.58673 3.2988 3.01514 -5.25126 3.44342 2.71061 -4.45061 3.65999 3.39945 -4.029 4.29827 3.16906 -4.20452 4.07754 3.65621 -4.61293 4.1808 3.0866 -4.25784 4.00059 2.74598 -4.43559 3.69142 4.33002 -3.9354 4.84972 5.05433 -3.20124 5.39246 4.68569 -3.57555 5.14041 5.43581 -2.81273 5.60021 4.35291 -2.10831 5.34521 4.69773 -1.75627 5.48053 4.87358 -1.57646 5.52241 5.11761 -1.32709 5.51949 5.1155 -1.32608 5.51896 8.99422 -3.48135 6.24467 8.59517 -3.22854 6.19446 8.56438 -3.2598 6.20405 8.5934 -3.22745 6.19423 10.7578 -4.69497 6.38593 9.54916 -3.98365 6.3323 12.7739 -6.35639 6.37448 12.8065 -6.32111 6.36129 11.6497 -5.52763 6.42685 11.1409 -4.98058 6.39772 10.7253 -4.73048 6.39765 14.7199 -8.12494 6.16205 14.752 -8.09072 6.14711 13.7587 -7.22441 6.28804 13.1447 -6.61321 6.33653 17.5208 -10.9539 5.60772 16.6123 -9.97416 5.80635 16.5817 -10.0068 5.82314 15.0656 -8.39571 6.09766 20.992 -14.9575 4.82899 20.1525 -13.9621 5.00358 20.1258 -13.9888 5.0233 18.3776 -11.9714 5.42207 26.9825 -22.3428 4.11416 23.9962 -18.5958 4.36675 25.1314 -20.1402 4.2973 23.5391 -18.0835 4.43924 23.4917 -18.131 4.4752 21.541 -27.0889 2.93791 19.7137 -25.6479 2.83644 18.1218 -23.5018 3.01604 18.9064 -22.7182 3.51973 16.9078 -20.9673 3.41562 30.3573 -33.6497 3.1194 30.3586 -33.6484 3.12084 28.1905 -32.0858 3.0904 30.3638 -33.6432 3.12471 30.3667 -33.6403 3.12675 30.4055 -33.6015 3.15451 26.3747 -30.1766 3.27972 30.5576 -33.4494 3.26044 31.1419 -32.8651 3.60981 19.7088 -21.9165 3.95455 20.5304 -21.0951 4.31798 26.9188 -29.6309 3.58683 31.3761 -32.6309 3.72567 18.5987 -15.5146 5.1441 20.4237 -17.4514 4.91015 19.0908 -15.0229 5.19928 20.8847 -16.99 4.92659 21.3447 -16.5296 4.87797 19.338 -14.7759 5.2021 29.8718 -26.1139 3.99528 26.8689 -22.2906 4.15649 25.1692 -20.1935 4.2957 25.0779 -20.2849 4.35216 23.392 -18.2309 4.53215 24.9837 -20.3792 4.39702 23.2894 -18.3336 4.57643 24.7906 -20.5725 4.46579 23.0797 -18.5437 4.64226 24.3962 -20.9673 4.54672 22.6526 -18.9713 4.71245 23.998 -21.3658 4.57162 25.7522 -23.3438 4.44981 26.1175 -22.9786 4.41841 26.4787 -22.6175 4.33565 26.6552 -22.441 4.26841 26.7413 -22.355 4.22518 26.8245 -22.2718 4.17139 18.6227 -19.253 4.37183 28.6208 -27.928 4.20906 28.9134 -27.6357 4.24807 29.2069 -27.3428 4.25632 25.3867 -23.7094 4.4384 33.2576 -30.7494 3.90518 30.0998 -26.4524 4.00329 30.0683 -26.4838 4.0298 30.0016 -26.5503 4.07333 29.9323 -26.6194 4.10839 29.7906 -26.7606 4.16278 29.5004 -27.05 4.23019 31.9855 -32.0215 3.96316 32.3972 -31.6098 4.05527 32.4548 -31.5522 4.06158 32.6063 -31.4007 4.06993 32.8096 -31.1974 4.06074 33.0404 -30.9666 4.01579 33.1207 -30.8863 3.988 33.1809 -30.8261 3.96015 33.2222 -30.7848 3.93484 33.2531 -30.7539 3.90986 8.08723 -11.0364 3.54762 10.9002 -11.931 4.50289 9.01573 -10.1074 4.48124 11.9005 -10.932 5.27679 9.99005 -9.13375 5.31607 15.2392 -15.1021 4.76127 13.3127 -13.2632 4.84885 12.8193 -13.7562 4.49515 10.5019 -8.62266 5.67057 12.4235 -10.4105 5.59931 14.3357 -12.2424 5.44569 13.8171 -12.7596 5.17158 16.2334 -14.1092 5.24475 15.7307 -14.6111 5.02666 17.6319 -16.4809 4.86826 18.1116 -16.0014 5.03154 4.96274 -1.48532 5.5334 6.03038 -2.2053 5.79944 5.82954 -2.41068 5.75265 6.64098 -5.20746 5.44777 7.08566 -4.75837 5.74117 6.07609 -3.97104 5.58589 7.54532 -4.29321 5.9812 6.49951 -3.5409 5.81246 8.01939 -3.81265 6.15488 6.93639 -3.09609 5.97775 8.26116 -3.56735 6.20643 7.15924 -2.86891 6.02779 7.27179 -2.75418 6.04021 6.13199 -2.1014 5.81145 6.23379 -1.99733 5.81029 6.28429 -1.94573 5.8018 8.57568 -6.88785 5.62526 9.07406 -6.38802 5.93499 8.08449 -5.56384 5.85772 9.58852 -5.87176 6.18512 8.57455 -5.07004 6.10567 10.1183 -5.33985 6.36141 9.07967 -4.56052 6.28308 10.3881 -5.06889 6.41036 9.33711 -4.30066 6.3343 9.46676 -4.1698 6.34544 8.38307 -3.44365 6.21857 8.50532 -3.31963 6.21501 7.38462 -2.63918 6.03807 7.33707 -2.59673 6.02669 6.67522 -2.11508 5.87062 17.5306 -12.8154 5.53965 17.2676 -13.0776 5.51376 15.6859 -10.8977 5.87142 15.4105 -11.1718 5.82072 16.7465 -13.5972 5.40955 14.8675 -11.7125 5.6647 12.9622 -9.87372 5.86609 13.1159 -7.86428 6.29817 12.1352 -6.99306 6.3659 13.4021 -7.57937 6.32834 12.4193 -6.7098 6.40418 12.5616 -6.56783 6.40753 11.555 -5.73216 6.44033 11.6951 -5.59209 6.42931 10.6597 -4.79614 6.41177 14.3653 -8.47753 6.21372 13.5453 -7.43682 6.32756 12.704 -6.42588 6.39282 13.6882 -7.29454 6.30867 14.5079 -8.33572 6.20828 15.4515 -9.26106 6.05755 16.24 -10.3466 5.89887 16.3779 -10.2094 5.88322 16.5148 -10.0733 5.85026 15.5915 -9.12188 6.02939 14.65 -8.19442 6.18486 17.2891 -11.1773 5.69316 18.0568 -12.291 5.52111 18.1869 -12.1614 5.49521 19.0733 -13.1582 5.29725 19.8296 -14.2847 5.14193 19.9503 -14.1642 5.10712 14.0797 -8.76155 6.19303 15.9625 -10.6226 5.89966 17.7939 -12.553 5.54417 19.5845 -14.5295 5.1849 17.422 -11.045 5.65548 20.0687 -14.0458 5.05729 19.1968 -13.035 5.25099 18.3153 -12.0335 5.45306 21.5717 -16.3025 4.82046 21.683 -16.1911 4.77939 21.7916 -16.0823 4.72453 21.8436 -16.0302 4.68885 21.8672 -16.0051 4.66872 9.59671 -4.03864 6.33996 10.5238 -4.93264 6.41973 11.4151 -5.87209 6.43356 11.1364 -6.1508 6.38891 10.5885 -6.69875 6.21879 10.0558 -7.23151 5.9724 1.83022 -6.41134 1.81187 6.31272 -9.15212 3.48896 4.67611 -8.97309 2.49238 5.48927 -9.97323 2.48358 3.9334 -9.70749 1.44805 4.70744 -10.7511 1.40685 4.62527 -7.2272 3.45534 3.13586 -6.91284 2.57795 3.89194 -7.95338 2.52408 2.49512 -7.53865 1.65159 3.19607 -8.63703 1.52998 7.18135 -8.28419 4.4227 5.39877 -6.45584 4.32297 8.09455 -7.37004 5.26382 6.212 -5.63971 5.10802 5.12675 -12.1604 0.833069 6.36629 -12.7617 1.44959 5.5185 -11.7687 1.4074 7.2054 -11.9199 2.53703 6.33228 -10.9551 2.49845 14.9047 -19.2085 3.26103 12.0302 -18.3164 2.24637 11.6051 -18.7436 1.80882 5.03889 -12.2482 0.698022 7.24779 -13.7319 1.52835 9.03098 -13.8044 2.67219 9.94331 -12.8889 3.62751 11.8598 -14.7166 3.71737 14.7568 -15.5842 4.46567 17.1605 -16.9521 4.65967 19.5118 -18.3637 4.72163 19.9653 -17.9101 4.83982 10.9403 -15.6391 2.85872 12.9071 -17.4363 3.0654 15.3412 -18.7717 3.5794 19.3044 -22.3205 3.74531 20.9035 -24.4606 3.58086 18.1575 -24.4008 2.7154 20.1676 -25.1958 3.14349 22.9023 -26.1939 3.60707 27.475 -29.0738 3.84699 22.2227 -19.4018 4.72208 26.0439 -30.506 3.05191 26.8619 -31.127 3.07261 7.82173 -15.4154 0.970718 6.05753 -13.5094 0.735738 32.4527 -31.5543 3.68311 31.849 -32.158 3.57028 33.1006 -30.9064 3.75482 33.0744 -30.9326 3.75048 30.5442 -33.4628 3.18938 30.6622 -33.3448 3.23179 30.3999 -33.6071 3.13576 30.3687 -33.6383 3.1234 31.1109 -32.8961 3.37821 30.9925 -33.0145 3.34181 30.3599 -33.6471 3.11985 30.3621 -33.6449 3.12065 30.3637 -33.6433 3.12131 30.3659 -33.6411 3.12221 30.407 -33.6 3.13824 30.4336 -33.5734 3.14823 30.5154 -33.4915 3.17896 33.2796 -30.7274 3.86844 33.2787 -30.7283 3.87122 33.2765 -30.7305 3.87666 33.2748 -30.7322 3.8803 33.2722 -30.7348 3.82331 33.2755 -30.7315 3.82859 33.2812 -30.7258 3.8429 33.2819 -30.7251 3.85786 33.2816 -30.7254 3.86012 33.2657 -30.7413 3.81527 33.2681 -30.7389 3.89176 33.1988 -30.8082 3.77826 33.2381 -30.7689 3.79493 33.2537 -30.7533 3.80442 33.2822 -30.7248 3.85268 33.2642 -30.7428 3.81367 33.2808 -30.7262 3.86391 33.2769 -30.7301 3.83127 33.279 -30.728 3.83599 33.2797 -30.7273 3.83787 33.282 -30.725 3.84773 29.3064 -27.2429 3.74734 14.8441 -7.99881 5.97501 14.8409 -8.00196 5.96267 13.8827 -7.09824 6.09162 12.8897 -6.23806 6.28997 12.8836 -6.24417 6.29979 13.8677 -7.11335 6.2103 2.20264 -7.81877 1.1372 1.26167 -5.191 1.91143 1.89942 -6.33984 1.69963 1.56692 -6.66175 1.34486 23.6077 -18.0136 4.27041 23.6108 -18.0105 4.27893 25.2762 -20.0855 4.10986 24.4434 -19.049 4.25577 25.2741 -20.0875 4.17653 25.2768 -20.0848 4.1683 4.56867 -0.982714 5.27984 4.56791 -0.983568 5.27269 15.4395 -8.73888 6.02863 14.7838 -8.05934 6.12796 0.455353 -4.55582 1.76403 7.63539 -15.2075 0.945433 10.5049 -17.9608 1.4878 13.5396 -20.5723 2.09673 15.6966 -22.1758 2.47693 17.753 -23.8684 2.71164 19.8205 -25.5412 2.8756 21.9017 -27.1937 2.98325 21.8103 -27.2844 2.95156 31.7147 -28.5639 3.92419 25.2508 -20.1108 4.21931 23.5811 -18.0401 4.39645 20.1643 -13.9487 4.9932 21.8722 -15.9865 4.65912 18.4199 -11.9273 5.39357 16.6352 -9.96795 5.79527 12.8389 -6.28886 6.34384 13.8233 -7.15769 6.25571 10.7889 -4.66346 6.37042 11.8237 -5.42839 6.37474 8.62157 -3.19855 6.18082 9.71565 -3.88569 6.29185 5.13694 -1.30427 5.509 6.33091 -1.89515 5.78299 7.4874 -2.50531 5.9967 5.17031 -1.27041 5.47742 4.56866 -0.982565 5.29384 4.5667 -0.984888 5.26552 4.94195 -1.50749 5.13166 4.30885 -2.15568 4.66057 5.38393 -2.869 4.81942 4.66092 -3.60275 4.27216 1.69872 -4.67644 2.40684 2.04018 -4.63903 2.60433 2.57314 -5.68226 2.3866 2.25235 -4.59721 2.73276 2.56056 -4.50802 2.92834 2.70979 -4.45095 3.02755 3.04167 -4.28497 3.26123 3.95587 -4.31182 3.6708 3.08807 -4.2568 3.29559 3.40199 -4.02675 3.54183 3.44324 -3.99047 3.57635 1.43827 -4.68291 2.26285 1.21799 -4.67448 2.14531 0.971298 -5.47216 1.59934 0.614326 -4.59146 1.84084 0.863907 -4.63622 1.96352 0.474487 -4.56018 1.77361 23.5908 -18.0305 4.38307 21.9006 -15.9718 4.63198 21.8899 -15.9825 4.64571 20.1888 -13.9241 4.96716 20.2203 -13.8927 4.90282 21.0768 -14.9172 4.72507 21.0783 -14.9157 4.71483 20.2221 -13.8909 4.89225 21.0788 -14.9152 4.7045 20.2227 -13.8903 4.88156 21.0783 -14.9158 4.69417 20.2223 -13.8907 4.87082 20.2209 -13.8921 4.86014 21.0768 -14.9173 4.68393 21.9273 -15.945 4.53052 21.9289 -15.9434 4.54034 21.9296 -15.9427 4.55027 21.9292 -15.9431 4.56023 21.9279 -15.9444 4.57014 21.909 -15.9634 4.48586 21.904 -15.9684 4.47835 20.1976 -13.9154 4.80249 21.7687 -16.1039 4.38421 20.0565 -14.0562 4.69139 21.8229 -16.0496 4.41214 20.1134 -13.9994 4.72558 21.8493 -16.0232 4.42848 20.141 -13.9719 4.7452 21.8748 -15.9976 4.4476 20.1676 -13.9453 4.76759 21.8871 -15.9853 4.45872 20.1802 -13.9327 4.78034 21.8986 -15.9738 4.47135 20.1921 -13.9209 4.79463 22.7739 -16.9741 4.43719 22.775 -16.9729 4.42761 23.5852 -18.0362 4.23419 23.5953 -18.0261 4.24722 23.5998 -18.0215 4.25449 23.4619 -18.1597 4.15974 23.5131 -18.1084 4.18288 23.5381 -18.0834 4.19663 23.5624 -18.059 4.21313 23.5741 -18.0473 4.22294 25.2674 -20.0942 4.19222 23.6129 -18.0084 4.33349 24.4502 -19.0422 4.2297 23.6147 -18.0066 4.32433 24.4511 -19.0413 4.22082 23.6157 -18.0056 4.3151 24.4511 -19.0413 4.21197 23.6158 -18.0055 4.30588 24.4502 -19.0422 4.20321 23.6149 -18.0063 4.29673 23.6133 -18.008 4.28772 25.2813 -20.0804 4.14291 25.2812 -20.0805 4.13444 25.2803 -20.0814 4.12607 25.2785 -20.0831 4.11786 25.2696 -20.0921 4.09474 25.2656 -20.0961 4.08773 23.6104 -18.0109 4.34251 24.4463 -19.0461 4.24725 24.4486 -19.0438 4.23853 25.279 -20.0826 4.15991 25.2805 -20.0812 4.15143 26.1054 -21.1239 4.08763 26.1061 -21.1232 4.07949 26.9256 -22.17 4.02869 26.9254 -22.1702 4.02099 26.9228 -22.1728 4.00598 26.9244 -22.1712 4.01341 26.9066 -22.189 3.97289 26.9144 -22.1812 3.98513 26.9177 -22.1779 3.9918 26.8348 -22.2608 3.92233 25.2073 -20.1545 4.03615 26.8776 -22.218 3.9453 25.2302 -20.1316 4.05058 26.8879 -22.2078 3.95316 25.2412 -20.1205 4.05931 26.8976 -22.198 3.96228 25.2517 -20.1101 4.06942 25.2613 -20.1005 4.08116 22.3953 -19.2279 3.98698 20.6307 -17.2429 4.13263 21.5444 -16.3284 4.30925 25.8791 -23.2162 3.81635 26.6098 -22.4857 3.86779 24.9397 -20.4225 3.95921 26.7907 -22.3049 3.90542 25.1361 -20.2258 4.00484 25.1839 -20.1779 4.02439 30.1259 -26.4079 3.96245 30.1329 -26.41 3.95664 28.5244 -24.3005 4.02159 28.5315 -24.2934 4.01045 26.8986 -22.1969 4.09934 26.9065 -22.189 4.08727 25.2595 -20.1021 4.20649 23.5996 -18.0216 4.36803 28.5467 -24.2783 3.97135 26.9219 -22.1737 4.05189 28.5451 -24.2799 3.97827 26.9195 -22.176 4.05945 28.5431 -24.2819 3.9851 28.5478 -24.2772 3.9644 26.925 -22.1706 4.03645 26.9237 -22.1718 4.0442 30.1476 -26.4044 3.92639 30.1488 -26.4033 3.91422 30.1445 -26.4077 3.89087 30.1421 -26.4099 3.88543 28.5482 -24.2768 3.95745 28.548 -24.2771 3.95057 28.5471 -24.278 3.9438 26.9205 -22.1751 3.99876 25.2732 -20.0886 4.10213 23.604 -18.0173 4.26225 21.918 -15.9543 4.50251 30.1462 -26.4058 3.93247 30.1445 -26.4075 3.93848 30.1399 -26.4122 3.9502 28.5378 -24.2871 3.99826 26.9135 -22.182 4.07396 26.0995 -21.1297 4.11171 26.1021 -21.1272 4.10381 26.1041 -21.1252 4.09576 30.1478 -26.4045 3.90228 31.7231 -28.5556 3.86426 31.7188 -28.5599 3.85516 30.0921 -26.4597 3.83788 30.1093 -26.4426 3.84809 31.6927 -28.5859 3.82689 30.1177 -26.4342 3.85452 31.7 -28.5786 3.83265 30.1257 -26.4262 3.86197 31.707 -28.5716 3.83929 30.1331 -26.4189 3.87051 31.7133 -28.5653 3.8468 30.1394 -26.4126 3.8802 30.0748 -26.477 3.82996 30.0393 -26.5124 3.81652 29.8937 -26.6574 3.78689 21.5398 -20.0842 3.85721 17.8825 -16.2284 4.04955 18.8501 -15.2615 4.32975 16.9274 -17.1834 3.69677 20.6903 -20.934 3.663 19.8446 -21.7795 3.43681 13.6494 -20.4634 2.15796 24.4212 -24.6739 3.63306 23.6966 -25.3985 3.48648 22.9758 -26.1194 3.30948 26.1151 -30.4365 3.0876 26.9758 -29.5731 3.34685 26.4009 -30.1496 3.18031 22.2589 -26.8364 3.1 16.1374 -21.7355 2.6786 18.1691 -23.4531 2.87565 20.2088 -25.1534 3.012 17.9147 -19.9595 3.38414 15.9794 -18.1315 3.3081 15.0339 -15.3048 3.71464 14.0445 -16.2948 3.21335 13.1419 -13.431 3.72993 12.1255 -14.4483 3.11449 10.2382 -12.5911 3.02673 9.23341 -13.5992 2.27145 7.41837 -11.7042 2.14846 11.2601 -11.5683 3.73964 8.39886 -10.722 2.96526 9.39719 -9.72317 3.74077 5.70057 -9.75956 2.1206 7.5616 -7.90168 3.73042 2.87848 -8.94406 0.977535 5.75159 -6.1014 3.70711 4.08759 -7.75581 2.20154 3.31847 -6.72843 2.2814 3.27821 -8.55261 1.39491 2.5715 -7.46002 1.52712 6.54615 -10.7386 2.12087 5.60944 -11.6752 1.25019 4.79685 -10.6591 1.25544 5.14674 -12.1378 0.798152 4.35052 -11.1028 0.806839 3.59444 -10.0384 0.867023 4.88134 -8.76574 2.14772 4.01988 -9.61863 1.30402 5.98249 -13.1448 0.840772 6.45737 -12.668 1.28813 6.85458 -14.1256 0.928575 7.75913 -15.0828 1.05382 9.64997 -16.9358 1.38566 11.6238 -18.723 1.77435 7.33778 -13.6393 1.36407 8.24713 -14.5911 1.47146 10.1384 -16.4439 1.75439 12.1027 -18.2419 2.0845 14.1115 -20.0007 2.40937 20.9876 -24.3753 3.25846 19.004 -22.6194 3.17513 17.0223 -20.8514 3.05141 15.0405 -19.071 2.87978 13.067 -17.2742 2.67078 11.1238 -15.4531 2.45678 7.54536 -2.47301 5.94216 6.38079 -1.84473 5.71635 6.37892 -1.84656 5.72458 5.18066 -1.26008 5.45108 5.17902 -1.26167 5.45817 4.56779 -0.983377 5.30057 4.5663 -0.984842 5.30703 5.18159 -1.2592 5.4437 5.17027 -1.27152 5.38271 5.1755 -1.266 5.39738 6.37461 -1.8518 5.65452 5.09117 -1.35361 5.27019 5.12534 -1.31822 5.31078 6.31725 -1.91152 5.55665 9.77338 -3.85782 6.2461 8.67596 -3.14409 6.11933 8.6719 -3.14815 6.12845 7.54241 -2.47595 5.95096 7.53865 -2.47971 5.9593 6.37624 -1.84921 5.73242 6.37287 -1.85261 5.73987 5.1767 -1.26398 5.46493 5.17366 -1.26682 5.47127 4.56414 -0.986982 5.31328 11.8726 -5.41194 6.3418 10.8386 -4.6139 6.3208 10.8326 -4.61988 6.32993 9.7683 -3.86291 6.25533 9.76255 -3.8687 6.26397 8.6671 -3.15298 6.13705 8.66167 -3.15845 6.14511 7.53421 -2.48418 5.96718 7.52918 -2.48926 5.97455 6.36887 -1.85664 5.7469 6.36435 -1.8612 5.75349 5.16638 -1.27439 5.48312 5.18188 -1.259 5.43611 6.38184 -1.84375 5.7078 7.54742 -2.471 5.93295 8.67914 -3.14092 6.10972 9.77765 -3.85354 6.23633 10.8438 -4.60863 6.31107 11.8787 -5.40584 6.33228 11.8841 -5.40048 6.32214 10.8483 -4.60421 6.30077 9.78099 -3.85021 6.22605 8.68132 -3.13877 6.09966 7.54855 -2.46994 5.92337 6.38213 -1.84356 5.699 5.18158 -1.25941 5.42838 5.18074 -1.26037 5.42056 5.17941 -1.26183 5.41275 10.4105 -8.71058 4.47837 8.51416 -6.94809 4.4803 9.49265 -5.96685 5.1573 8.49152 -5.15425 5.11889 9.42588 -4.21066 5.76641 6.60155 -5.2483 4.41077 11.4508 -7.67216 5.13856 10.4787 -6.80609 5.16382 11.4992 -5.78543 5.82091 10.4758 -4.97927 5.81646 11.7422 -5.5424 6.01826 10.7093 -4.7444 6.01314 11.7986 -5.48595 6.0771 16.6708 -9.91592 5.75639 14.8209 -8.02206 6.09093 14.814 -8.029 6.09978 13.854 -7.12707 6.22835 12.8697 -6.25802 6.3174 11.8588 -5.42574 6.35882 10.8191 -4.63343 6.34622 9.74955 -3.88177 6.27937 8.64938 -3.17085 6.15946 7.51782 -2.50076 5.98769 6.3541 -1.8716 5.76526 5.15742 -1.28346 5.49336 14.8478 -7.99524 6.02532 14.8484 -7.99454 6.01287 13.8897 -7.09143 6.14217 13.8893 -7.09171 6.12949 12.906 -6.22181 6.22007 12.9048 -6.22297 6.20739 11.8943 -5.39029 6.25151 11.8924 -5.3922 6.23905 10.8526 -4.60002 6.23072 10.8501 -4.60255 6.21874 9.78002 -3.85151 6.15806 9.77372 -3.85797 6.13593 8.67294 -3.14784 6.025 8.66549 -3.15555 6.00554 7.53339 -2.48617 5.84597 7.52538 -2.4945 5.82903 6.36141 -1.86564 5.62243 6.35339 -1.87399 5.60783 5.15697 -1.28539 5.35581 5.14165 -1.3013 5.33219 14.8427 -8.00033 6.0492 14.8459 -7.99718 6.03746 13.8867 -7.09436 6.16675 13.8888 -7.09227 6.15463 12.9052 -6.22263 6.24502 12.9061 -6.22165 6.23267 11.8953 -5.38922 6.27636 11.8953 -5.38925 6.264 10.8552 -4.59733 6.25494 10.8543 -4.59825 6.24283 9.78385 -3.84753 6.18114 9.7823 -3.84916 6.16955 8.68074 -3.13969 6.05674 8.67869 -3.14185 6.04592 7.54533 -2.47363 5.88352 7.54017 -2.4791 5.86412 6.36858 -1.85815 5.63797 5.16399 -1.27807 5.36885 14.848 -7.99498 6.00024 14.8465 -7.99644 5.98757 13.888 -7.09302 6.11675 13.8857 -7.09524 6.10408 12.9027 -6.22504 6.19475 12.8998 -6.22788 6.18229 11.8897 -5.3949 6.22676 11.8824 -5.40216 6.2032 10.8433 -4.60943 6.19573 10.8346 -4.61816 6.17456 9.76563 -3.86623 6.11547 9.75616 -3.87588 6.09653 8.6567 -3.16459 5.98746 8.64693 -3.17461 5.97052 7.51644 -2.50374 5.81313 7.47617 -2.54534 5.75682 6.27812 -1.95205 5.51057 14.8385 -8.00455 6.06047 13.8834 -7.09767 6.17843 12.903 -6.22484 6.25701 11.8943 -5.39028 6.28847 10.8551 -4.59738 6.26692 9.78459 -3.84672 6.19271 8.68211 -3.13821 6.06764 7.54714 -2.47168 5.8935 6.37916 -1.84694 5.67206 5.78353 -1.54918 5.54831 14.837 -8.00579 5.95072 13.8747 -7.10617 6.0679 12.8921 -6.2355 6.1585 12.8826 -6.24502 6.1368 11.8733 -5.41132 6.18161 11.8626 -5.42193 6.16177 10.8245 -4.62834 6.15503 10.8134 -4.63959 6.13679 9.74564 -3.88657 6.07881 9.6984 -3.93454 6.01539 8.60295 -3.21968 5.91013 8.55531 -3.26841 5.85596 7.43255 -2.5903 5.70621 7.24273 -2.78525 5.5338 6.10753 -2.12802 5.35338 6.43849 -3.60605 4.94924 14.8325 -8.01017 5.93927 13.8647 -7.116 6.04635 12.8715 -6.25601 6.11694 11.8509 -5.43364 6.14329 10.7634 -4.68997 6.07144 9.64727 -3.98642 5.95865 8.34853 -3.47939 5.67183 7.47392 -4.36756 5.0493 16.6935 -9.89332 5.71673 16.6973 -9.88954 5.70553 15.7798 -8.93227 5.88888 16.7 -9.8868 5.69394 15.7828 -8.92932 5.87718 16.7015 -9.88525 5.68204 15.7845 -8.92756 5.86512 16.7019 -9.8849 5.66992 15.785 -8.92704 5.85278 16.6843 -9.90217 5.5995 15.7682 -8.9435 5.7805 15.7728 -8.939 5.79168 14.8223 -8.02026 5.9181 16.6792 -9.90721 5.58928 18.4677 -11.8795 5.20233 16.5319 -10.0533 5.43979 14.6817 -8.15973 5.76365 16.5922 -9.9935 5.48856 14.7418 -8.10007 5.81843 16.6212 -9.96474 5.51565 14.7706 -8.07149 5.8485 16.6488 -9.93734 5.54541 14.798 -8.04442 5.88115 16.6618 -9.92449 5.56174 14.5552 -8.28521 5.66873 13.472 -7.5062 5.69892 13.7261 -7.25363 5.88683 13.3577 -9.47576 5.00883 12.4973 -6.62874 5.77991 12.7471 -6.37988 5.97419 12.8053 -6.32191 6.03253 12.8594 -6.2681 6.09848 20.1769 -13.9361 4.98099 18.4339 -11.9134 5.38171 18.4472 -11.9001 5.36802 16.657 -9.92968 5.77228 21.9105 -15.9618 4.61638 21.058 -14.936 4.77243 20.2 -13.913 4.95121 18.4597 -11.8876 5.35195 18.4656 -11.8818 5.34295 16.6773 -9.90945 5.74737 16.6834 -9.90343 5.73771 14.8274 -8.01557 6.0814 14.8333 -8.00968 6.07122 13.8738 -7.10732 6.20026 13.8791 -7.10204 6.18962 12.8951 -6.2327 6.27953 12.8996 -6.22824 6.26852 11.8886 -5.39601 6.31143 11.892 -5.39256 6.30019 10.8517 -4.60079 6.28994 10.854 -4.5985 6.27863 9.78325 -3.84797 6.21529 9.78442 -3.84684 6.20413 8.68249 -3.13766 6.08922 8.68272 -3.1375 6.0785 7.54882 -2.46975 5.91353 7.54833 -2.47036 5.90354 6.38174 -1.84407 5.69005 6.38073 -1.84522 5.68104 5.78498 -1.54759 5.55673 14.7992 -8.04369 6.1152 13.839 -7.14203 6.24342 12.8546 -6.27309 6.33201 11.8438 -5.44075 6.37289 10.8044 -4.64816 6.35964 9.7354 -3.89601 6.29205 8.63598 -3.18438 6.17129 7.50538 -2.51337 5.99856 6.34281 -1.88306 5.77506 5.14748 -1.29355 5.50196 16.6468 -9.94797 5.78445 21.9249 -15.9474 4.52089 21.0744 -14.9196 4.67386 20.2186 -13.8943 4.84961 18.4833 -11.864 5.24492 18.4803 -11.8669 5.23368 16.6966 -9.89009 5.63345 15.7827 -8.92925 5.82783 15.7844 -8.92763 5.84031 16.6992 -9.88745 5.64549 16.7011 -9.88568 5.65769 18.4853 -11.862 5.25635 18.4799 -11.8675 5.31279 18.4832 -11.8642 5.30193 17.5976 -10.8682 5.50719 18.4854 -11.862 5.29077 17.6001 -10.8657 5.49579 18.4865 -11.8609 5.27939 17.6014 -10.8643 5.48413 18.4865 -11.8609 5.26788 17.6015 -10.8642 5.47228 13.8409 -7.13969 6.00851 13.8534 -7.1273 6.0267 14.8107 -8.03181 5.89888 16.6738 -9.91264 5.57962 18.4625 -11.8847 5.19298 20.2027 -13.9102 4.81089 18.3171 -12.0293 5.06243 18.3762 -11.9705 5.10394 18.4047 -11.9421 5.12734 18.432 -11.9149 5.15348 18.4449 -11.9021 5.16806 18.4569 -11.8902 5.18419 16.6888 -9.898 5.72747 18.471 -11.8764 5.33338 20.2052 -13.9078 4.94237 21.0628 -14.9312 4.76372 21.915 -15.9573 4.60782 22.7692 -16.9788 4.45598 22.7719 -16.9761 4.44667 21.9228 -15.9496 4.58952 21.9257 -15.9466 4.57993 21.0711 -14.9229 4.74501 21.0744 -14.9196 4.73516 20.2141 -13.8989 4.92329 20.2176 -13.8954 4.91319 19.3566 -12.8737 5.09778 19.3586 -12.8717 5.08691 19.3595 -12.8708 5.07586 19.3592 -12.871 5.06472 22.7752 -16.9727 4.41802 22.7745 -16.9735 4.40848 22.7728 -16.9752 4.39907 22.7704 -16.9776 4.38987 21.9218 -15.9506 4.51153 21.0713 -14.9227 4.66404 20.2156 -13.8974 4.83932 15.7802 -8.93176 5.81548 21.9137 -15.9586 4.49393 20.2075 -13.9054 4.81987 20.2118 -13.9011 4.82938 18.4724 -11.8748 5.21228 18.4767 -11.8706 5.22277 16.689 -9.89756 5.61032 16.6931 -9.8935 5.62168 15.7768 -8.93505 5.80339 18.4758 -11.8715 5.3233 20.2099 -13.9031 4.93304 21.0673 -14.9268 4.75456 21.9192 -15.9532 4.59885 22.7658 -16.9821 4.46506 23.6072 -18.014 4.35133 14.4254 -8.41411 5.58485 16.406 -10.1784 5.35697 16.2771 -10.3064 5.28516 18.1945 -12.1514 4.99392 18.0695 -12.2758 4.93614 19.939 -14.1736 4.63711 19.8197 -14.2927 4.59311 21.6572 -16.2154 4.34186 17.0495 -13.2923 4.56622 16.0332 -14.3064 4.17844 15.2213 -11.3564 4.80532 14.1708 -12.4034 4.30681 12.2963 -10.5335 4.41375 13.7855 -7.1946 5.94376 23.2511 -18.3709 4.10201 24.1446 -21.2183 3.88452 25.1484 -23.9468 3.75227 28.1356 -28.4123 3.60337 -4.31338 0.974943 1.96847 -4.31525 1.04864 1.9128 -4.30577 1.38169 1.65843 -4.3059 1.37998 1.65967 -4.2514 0.390139 2.4045 -4.23297 0.291075 2.47725 -4.08474 -0.278231 2.88943 -4.0127 -0.486677 3.03785 -3.82106 -0.944654 3.35984 -3.61623 -1.34291 3.63643 -3.51583 -1.51577 3.75601 -3.08735 -2.14416 4.17724 -2.61948 -2.69352 4.51347 -3.01936 -2.23139 4.23269 -1.97166 -3.29972 5.08675 -1.95672 -3.31201 5.07665 -1.94597 -3.32081 5.06721 -1.94418 -3.32227 5.06536 -1.9361 -3.32885 5.05548 -1.93073 -3.33322 5.0465 -1.92713 -3.33614 5.03802 -1.9248 -3.33803 5.02968 -1.92358 -3.33902 5.02139 -1.92342 -3.33916 5.01068 -1.92434 -3.33841 5.0019 -1.92497 -3.33789 4.99831 -1.92651 -3.33664 4.99162 -1.928 -3.33544 4.98667 -1.93064 -3.3333 4.97977 -1.93723 -3.32794 4.96673 -1.93848 -3.32691 4.9646 -1.94871 -3.31857 4.94964 -1.95457 -3.31377 4.94225 -1.99159 -3.28321 4.90464 -2.09572 -3.19497 4.82815 -2.21528 -3.08927 4.75434 1.49039 23.5779 4.88895 1.49551 23.5765 4.87894 0.597214 21.0156 5.28498 -0.733398 15.7926 5.82894 -0.812965 15.8143 5.88636 -0.107994 18.4076 5.56443 -0.550758 17.1334 5.99968 -0.880478 15.833 6.15255 -0.860367 15.8276 6.16717 2.63206 9.41663 3.71027 1.96458 6.91501 3.68507 0.847992 7.21176 4.36715 10.0128 18.4923 1.71389 8.03936 19.0167 2.63186 7.41558 16.3849 2.41594 6.04956 16.7486 3.08812 11.8001 37.5098 3.34421 12.0227 29.3003 2.8356 11.9977 29.1332 2.82656 11.8646 29.169 2.86247 11.3671 25.125 2.52869 11.1447 23.7888 2.38952 10.9938 23.8293 2.4427 8.56033 41.1524 3.94277 8.62214 38.3614 3.74645 6.83038 33.2959 3.8176 5.83203 33.5635 3.86754 4.87053 31.0434 3.96254 5.58421 33.6299 3.90008 3.86097 29.9226 4.24433 4.35249 31.1818 4.16214 4.35144 31.1821 4.15339 2.50947 26.1026 4.46936 2.54514 26.0931 4.4516 1.61021 23.5456 4.78309 3.42012 28.6484 4.41644 3.407 28.6519 4.403 2.45656 26.1167 4.66472 1.95217 24.854 4.71477 1.48623 23.579 4.89927 1.4832 23.5798 4.90983 1.94895 24.8549 4.72488 1.48148 23.5803 4.92052 1.94698 24.8554 4.73516 1.48121 23.5804 4.93126 1.94643 24.8555 4.74553 1.48248 23.58 4.94198 1.94736 24.8553 4.75592 1.48511 23.5793 4.95257 3.19176 2.57317 2.03062 3.54904 2.47191 1.74339 1.29751 4.42829 3.64761 -1.35404 13.2008 6.3771 13.0753 37.1702 3.06106 8.06496 10.677 0.701935 9.77578 16.5454 1.33327 9.79368 16.6279 1.34618 9.75772 16.4629 1.32045 9.75999 16.4732 1.32205 10.6818 21.1151 2.04183 10.8002 21.7835 2.13697 10.9165 22.452 2.22712 10.8876 22.2849 2.20511 11.4761 25.793 2.59018 11.449 25.626 2.5753 11.6631 26.962 2.68575 11.6367 26.795 2.673 11.7938 27.797 2.74524 12.1095 29.8851 2.86543 12.0972 29.8015 2.86134 12.2911 31.1386 2.92037 12.3149 31.3058 2.92683 12.3356 31.4521 2.93234 12.3385 31.473 2.93311 12.3855 31.8075 2.94511 7.47651 38.6703 3.9822 5.40079 33.6791 4.11629 1.56221 23.5587 5.04261 2.46574 26.0941 4.68181 -0.126595 18.4132 5.85935 0.678459 20.9938 5.45419 -1.10687 14.5106 6.30542 -0.816673 15.8158 6.1896 -1.81688 4.57023 5.41698 -1.87364 5.24842 5.57235 -1.87373 5.24848 5.58108 -1.87281 5.24818 5.58948 -1.87077 5.24759 5.59759 -1.86759 5.24672 5.60534 -1.86341 5.24559 5.61269 -1.85838 5.24425 5.61961 -1.84631 5.24107 5.63208 -1.83255 5.23747 5.64254 -1.81794 5.23368 5.65096 -1.80269 5.22973 5.65763 -1.78697 5.22567 5.6629 -1.85809 5.24496 5.52274 -1.84921 5.24281 5.50826 -1.82813 5.23764 5.4819 -1.80468 5.23185 5.45771 -1.70168 5.20619 5.37226 -1.47687 5.14966 5.22874 -0.537163 4.90983 4.7287 0.394302 4.6676 4.21319 2.46622 2.77604 2.58561 2.43725 26.1219 4.64074 1.96864 24.8496 4.80494 1.9751 24.8479 4.81355 3.39524 28.6551 4.38802 3.38996 28.6565 4.37987 2.91656 27.3893 4.50804 2.91093 27.3908 4.4997 2.44328 26.1203 4.64922 3.43442 28.6446 4.42872 2.47122 26.1128 4.6785 1.52797 23.5678 5.01642 1.51287 23.5719 5.00069 1.50594 23.5737 4.99199 2.41728 26.1273 4.58275 2.41807 26.1271 4.57275 2.8939 27.3954 4.43361 2.89619 27.3948 4.42412 3.37714 28.6599 4.30667 3.38064 28.659 4.2978 1.95647 24.8529 4.70492 2.42799 26.1244 4.54379 2.43327 26.123 4.53474 2.44582 26.1196 4.51796 1.50793 23.5732 4.86023 2.43928 26.1214 4.5261 1.50141 23.5749 4.86934 2.42023 26.1265 4.56287 2.42358 26.1256 4.55319 2.89964 27.3939 4.41486 2.90409 27.3927 4.40588 3.3851 28.6578 4.28923 3.39038 28.6564 4.28102 4.4049 31.1678 4.24233 4.39211 31.1712 4.23063 4.38033 31.1743 4.21781 4.36984 31.1771 4.2036 0.601509 21.0146 5.3851 0.608223 21.0128 5.39503 1.49953 23.5754 4.98275 1.9627 24.8512 4.79582 2.43174 26.1234 4.63177 2.90581 27.3922 4.49091 3.38518 28.6577 4.37129 3.87015 29.9201 4.27092 4.36098 31.1795 4.18783 4.85796 32.436 4.12003 5.38925 33.6821 4.10535 5.37865 33.685 4.09339 5.36926 33.6875 4.08019 5.36138 33.6896 4.06557 3.46385 28.6368 4.22334 3.44738 28.6412 4.23192 4.40736 31.1671 4.06913 4.35874 31.1801 4.11966 5.3604 33.6899 4.00302 4.36311 31.1789 4.11185 5.36452 33.6888 3.99594 4.3682 31.1776 4.1044 5.36931 33.6875 3.98919 4.38003 31.1744 4.09078 7.45157 38.677 3.8803 7.46044 38.6746 3.87048 5.38036 33.6845 3.9769 5.39262 33.6812 3.96641 4.3932 31.1709 4.07909 3.43154 28.6454 4.24165 2.4922 26.1072 4.47936 1.57312 23.5556 4.8043 0.712883 20.9843 5.17515 7.47029 38.672 3.8621 7.48083 38.6691 3.85501 5.40575 33.6777 3.95751 5.43386 33.6702 3.94333 4.43775 31.159 4.05311 4.46954 31.1505 4.04015 3.49774 28.6277 4.20829 1.94961 24.8547 4.76623 2.41983 26.1266 4.60283 2.41792 26.1271 4.59281 2.8933 27.3956 4.45298 2.89291 27.3957 4.44325 3.37362 28.6608 4.32506 3.37475 28.6605 4.31577 3.86095 29.9226 4.21727 3.8634 29.922 4.20854 4.35526 31.181 4.12777 5.35707 33.6908 4.0104 2.61861 26.0734 4.42162 3.5673 28.6092 4.18344 2.69391 26.0533 4.3971 3.63835 28.5902 4.16375 3.00221 25.9708 4.32674 3.92809 28.5128 4.11109 5.09956 28.1999 3.99445 1.68697 23.525 4.74646 1.76601 23.5038 4.71555 2.09138 23.4163 4.62108 4.25294 25.6362 4.1455 4.84915 32.4383 4.08691 4.85007 32.4381 4.09531 5.35318 33.6918 4.03383 5.354 33.6916 4.04188 6.38212 36.1908 3.96725 7.43855 38.6806 3.91602 6.38165 36.1909 3.95277 6.38142 36.191 3.95998 5.35338 33.6918 4.02586 2.89494 27.3951 4.4627 3.37521 28.6604 4.34386 3.37383 28.6608 4.33445 3.85977 29.9229 4.23524 3.85973 29.9229 4.2262 4.35152 31.182 4.14469 4.3528 31.1817 4.13613 5.3547 33.6914 4.01803 6.38287 36.1906 3.9457 7.4399 38.6804 3.90336 7.44451 38.6792 3.89137 7.44055 38.68 3.9289 6.38362 36.1904 3.97452 8.55231 41.1546 3.93529 8.54491 41.1566 3.9271 7.44514 38.6789 3.94154 7.45145 38.6773 3.95328 7.45882 38.6751 3.9638 7.46729 38.6728 3.97341 8.53178 41.1601 3.86485 8.53784 41.1585 3.85525 8.54539 41.1564 3.8467 8.55379 41.1542 3.83938 8.56281 41.1517 3.83315 7.50338 38.663 3.84371 7.52689 38.6567 3.83469 5.4632 33.6623 3.93198 4.60089 31.1154 4.00296 7.57497 38.6437 3.82028 7.62387 38.6305 3.80944 7.82243 38.5769 3.78399 7.82802 33.0286 3.75096 6.26908 27.887 3.85827 5.95816 30.7525 3.88822 10.2172 37.933 3.60091 8.82103 32.7625 3.62987 7.43008 27.5761 3.65839 4.73901 22.7054 4.0553 9.73371 26.9582 3.16023 7.96485 24.6419 3.37001 8.58555 27.2664 3.427 6.0439 22.3556 3.68958 10.5235 21.1573 2.1081 10.8586 22.1177 2.18273 10.8294 21.9506 2.16001 11.4218 25.459 2.56009 11.3945 25.292 2.54455 11.441 26.4993 2.68983 11.6895 27.129 2.69821 11.7419 27.463 2.72228 11.7679 27.63 2.7339 11.5836 26.461 2.64661 12.3621 31.6403 2.9392 12.3503 31.5567 2.93618 12.2628 31.8404 2.97581 12.3326 31.4312 2.93156 12.3267 31.3894 2.92999 12.1463 30.1357 2.87736 12.1218 29.9686 2.86946 12.0477 29.4674 2.84441 12.195 30.47 2.89252 10.2712 29.5969 3.2489 11.3341 29.3115 3.00004 11.7742 31.9713 3.09305 9.81066 32.4973 3.48181 10.7955 32.2335 3.30345 12.977 37.1963 3.08534 12.585 37.3006 3.17806 5.10761 8.74992 2.12044 4.63676 7.53038 2.16011 4.13798 6.3247 2.22717 3.61047 5.1314 2.32092 4.31795 3.59146 1.46154 3.05348 3.94901 2.44064 3.90077 3.71063 1.79548 5.70606 5.88753 1.04237 5.03671 4.72986 1.22746 6.3268 7.06494 0.907506 6.89964 8.26248 0.824086 7.42536 9.48063 0.793342 7.90482 10.7197 0.816209 4.56606 4.86362 1.60048 5.18839 6.03295 1.44666 5.76858 7.21948 1.33509 6.30739 8.42404 1.26682 6.80563 9.64747 1.24292 7.26418 10.8905 1.26419 8.34068 11.9787 0.888743 5.55129 9.98476 2.10889 8.90329 13.2115 0.895016 8.73712 13.2553 1.00294 9.42854 15.8522 1.32384 8.07285 13.4307 1.42547 7.68539 12.1523 1.3273 6.36134 12.5041 2.16967 5.96864 11.2363 2.12601 4.64758 11.5895 2.94509 9.76676 16.5042 1.32685 9.76225 16.4835 1.32365 9.89796 17.1242 1.42529 9.86375 16.9586 1.39865 9.82901 16.7932 1.37226 9.35767 18.6661 2.03112 9.89178 21.326 2.36538 10.3919 23.9909 2.64821 8.62248 21.6653 2.8478 6.70377 19.373 3.18923 4.66544 17.1187 3.71809 -1.86546 5.24672 5.53838 -1.87092 5.24797 5.55518 -1.87264 5.24822 5.56366 -1.84414 6.57192 5.91614 -1.84889 7.91044 6.11734 -1.86178 6.57649 5.91014 -1.86813 7.91546 6.11064 -1.87888 6.58093 5.90256 -1.88678 7.92032 6.10223 -1.89526 6.58519 5.89302 -1.90461 7.92499 6.09169 -1.91066 6.58923 5.8812 -1.92136 7.9294 6.07864 -1.92905 7.93143 6.07118 -1.92416 6.59279 5.86712 -1.93602 7.93328 6.06315 -1.92978 6.59429 5.85931 -1.94212 7.9349 6.05457 -1.93445 6.59554 5.85103 -1.94716 7.93626 6.04548 -1.93797 6.59651 5.84231 -1.95096 7.93729 6.03592 -1.94023 6.59716 5.83318 -1.95335 7.93798 6.02593 -1.94122 6.59749 5.82374 -1.95438 7.9383 6.0156 -1.94109 6.59752 5.81409 -1.95418 7.93831 6.00505 -1.93995 6.5973 5.80436 -1.95287 7.93804 5.99442 -1.93793 6.59685 5.79466 -1.95059 7.93751 5.98382 -1.93172 6.59541 5.7758 -1.94369 7.93585 5.96326 -1.92337 6.59339 5.75827 -1.93443 7.93357 5.94415 -1.91331 6.59094 5.74204 -1.92333 7.9308 5.92648 -1.8895 6.58505 5.71253 -1.89712 7.92421 5.8944 -1.86304 6.57847 5.68547 -1.86802 7.91686 5.86502 -1.7469 6.54936 5.59 -1.74045 7.88444 5.7615 -1.49363 6.48533 5.42992 -1.46259 7.81335 5.58836 -0.302391 7.51333 4.98733 -0.138062 8.80893 5.07096 1.36292 9.75565 4.45188 -1.80174 9.2419 6.26525 -1.82227 9.24729 6.2579 -1.84212 9.25252 6.24872 -1.86111 9.25753 6.23727 -1.87891 9.26224 6.22315 -1.88707 9.2644 6.2151 -1.89446 9.26637 6.20643 -1.9009 9.26809 6.1972 -1.90622 9.26952 6.18743 -1.91019 9.27059 6.17716 -1.91267 9.27129 6.16644 -1.91369 9.2716 6.15538 -1.91338 9.27156 6.1441 -1.91189 9.27122 6.13273 -1.90936 9.2706 6.12142 -1.90179 9.26871 6.09948 -1.89173 9.26617 6.07913 -1.87971 9.2631 6.06032 -1.85139 9.25584 6.02625 -1.82002 9.24776 5.99509 -1.6827 9.21227 5.88556 -1.38404 9.13474 5.70297 0.0575256 10.1026 5.12315 1.94091 12.3148 4.46459 3.30381 11.9493 3.72325 3.9819 14.5199 3.72499 5.36725 14.1494 3.00134 6.73179 13.7861 2.2355 8.76102 16.0285 1.69946 -1.70319 10.567 6.35862 -1.72468 10.5727 6.35065 -1.74544 10.5782 6.34077 -1.76526 10.5835 6.32851 -1.78382 10.5884 6.31346 -1.79229 10.5907 6.3049 -1.79996 10.5927 6.2957 -1.80664 10.5945 6.28592 -1.81211 10.596 6.27558 -1.81618 10.5971 6.26475 -1.81867 10.5977 6.25345 -1.81961 10.598 6.24181 -1.81916 10.5979 6.22996 -1.81747 10.5975 6.21803 -1.8147 10.5968 6.20617 -1.80651 10.5947 6.1832 -1.79572 10.5919 6.16193 -1.78288 10.5885 6.14231 -1.75277 10.5806 6.10683 -1.71947 10.5719 6.07446 -1.57403 10.5337 5.96097 -1.25829 10.4505 5.77261 0.284348 11.3959 5.14315 -0.435432 6.21417 4.873 -1.12933 14.5166 6.29574 -0.839066 15.8218 6.17934 -1.15092 14.5224 6.28406 -1.17137 14.528 6.2699 -1.19035 14.5331 6.25285 -1.2177 14.5403 6.13688 -0.919029 15.8432 6.00653 -1.20782 14.5376 6.11287 -0.913429 15.8417 5.99487 -1.19524 14.5342 6.09082 -0.900391 15.8381 5.97314 -1.18058 14.5302 6.07064 -0.885307 15.834 5.95333 -0.868607 15.8294 5.93509 -1.14673 14.521 6.03453 -0.850708 15.8246 5.91807 -1.10964 14.5109 6.0019 -1.20661 14.5374 6.23304 -0.914864 15.8423 6.11491 -1.21322 14.5392 6.22225 -0.921211 15.844 6.10397 -1.21851 14.5406 6.21094 -0.926254 15.8453 6.09256 -1.22228 14.5416 6.19918 -0.929764 15.8463 6.08072 -1.22436 14.5422 6.18701 -0.931572 15.8467 6.06852 -1.22476 14.5423 6.17456 -0.931702 15.8467 6.05608 -1.22368 14.542 6.16196 -0.930336 15.8464 6.04352 -1.22126 14.5413 6.14936 -0.927658 15.8456 6.03099 -0.923828 15.8445 6.01861 -0.531189 17.1282 6.01469 -0.483711 17.0714 6.04983 -0.148018 18.4189 5.84811 -0.211823 18.4361 5.79186 -0.90741 15.8403 6.12529 -1.19892 14.5354 6.24326 -0.218567 18.4379 5.78135 -0.224197 18.4395 5.77038 -0.589912 17.144 5.95052 -0.228523 18.4406 5.759 -0.594627 17.1452 5.93908 -0.231354 18.4414 5.74729 -0.597816 17.1461 5.92727 -0.232506 18.4417 5.73532 -0.599304 17.1465 5.91514 -0.23201 18.4415 5.72321 -0.599136 17.1464 5.90282 -0.197395 18.432 5.64419 -0.566116 17.1373 5.82151 -0.579559 17.141 5.84268 -0.211174 18.4358 5.66463 -0.585381 17.1426 5.85408 -0.217201 18.4374 5.67567 -0.590431 17.144 5.86592 -0.222473 18.4389 5.68718 -0.186989 18.4294 5.81982 -0.168137 18.4243 5.83513 0.206055 19.7211 5.62148 0.224045 19.7162 5.637 0.659027 20.9991 5.44238 -0.899055 15.838 6.13507 -0.568718 17.1383 5.98189 -0.204185 18.4341 5.80182 0.189743 19.7255 5.60336 1.06564 22.2908 5.04092 0.623451 21.0085 5.24562 0.609222 21.0124 5.26422 0.186745 19.7262 5.46904 0.180542 19.7278 5.47965 -0.515579 17.1235 5.76827 -0.533714 17.1285 5.78466 -0.146309 18.418 5.59326 -0.164566 18.423 5.60887 0.656624 20.9995 5.21401 0.639374 21.0042 5.229 1.53822 23.565 4.82906 -0.550697 17.1331 5.80228 -0.181732 18.4277 5.62572 0.200783 19.7223 5.44947 -0.594521 17.1451 5.87808 -0.597488 17.1459 5.89042 -0.226822 18.4401 5.69901 -0.230057 18.4409 5.71106 0.588684 21.018 5.30723 0.164734 19.7322 5.52568 0.586151 21.0187 5.31865 0.16391 19.7324 5.53751 0.585007 21.019 5.33014 0.164703 19.7322 5.54924 0.585426 21.0189 5.34158 0.167137 19.7316 5.56077 0.587463 21.0183 5.35287 0.171051 19.7305 5.57202 0.590942 21.0174 5.36395 0.595688 21.0161 5.37472 1.54445 23.5634 5.03023 0.640625 21.004 5.42883 1.07684 22.2878 5.21913 1.06076 22.2922 5.20339 0.623558 21.0086 5.41316 0.615623 21.0108 5.4044 1.4938 23.577 4.97304 1.95744 24.8526 4.78627 2.4269 26.1247 4.6224 2.90134 27.3934 4.48176 3.38103 28.6589 4.36237 3.86629 29.9212 4.26226 4.35738 31.1805 4.17945 4.85459 32.4369 4.11196 5.35821 33.6905 4.05783 6.38865 36.1891 3.98872 6.3957 36.1872 4.00198 6.40411 36.1849 4.01398 6.41362 36.1824 4.02485 6.424 36.1796 4.03481 0.59243 21.017 5.29597 1.03008 22.3004 5.09956 1.02728 22.3012 5.11056 1.02584 22.3016 5.12166 1.02591 22.3015 5.13277 1.02755 22.3011 5.14379 1.03059 22.3003 5.15463 1.48894 23.5783 4.96295 1.95302 24.8538 4.77638 2.42287 26.1258 4.61273 2.89767 27.3944 4.47232 3.37767 28.6598 4.35319 3.86318 29.922 4.25336 4.35451 31.1812 4.17085 4.85191 32.4376 4.10369 5.35571 33.6911 4.0499 6.38583 36.1898 3.9817 2.45279 26.1178 4.51037 1.52234 23.5693 4.84366 1.51494 23.5713 4.85167 1.05128 22.2947 5.05851 0.602875 21.0141 5.27436 3.39629 28.6548 4.27324 3.40271 28.6531 4.26593 3.41657 28.6494 4.25287 2.4601 26.1158 4.5033 2.47565 26.1117 4.49055 1.55525 23.5604 4.81607 0.674858 20.9946 5.20027 3.41742 23.0601 4.34923 1.21367 20.8488 4.96959 0.874062 20.9406 5.09255 0.792076 20.9628 5.13089 -1.55374 11.8864 6.39622 -1.57587 11.8923 6.38766 -1.37647 13.2068 6.36797 -1.59722 11.898 6.37713 -1.39809 13.2126 6.35684 -1.61756 11.9035 6.36415 -1.41864 13.2182 6.34323 -1.63656 11.9085 6.3483 -1.43777 13.2233 6.32672 -1.64521 11.9109 6.33932 -1.44645 13.2256 6.31739 -1.65302 11.9129 6.32969 -1.45427 13.2277 6.30742 -1.6598 11.9148 6.31946 -1.46101 13.2295 6.29686 -1.66532 11.9162 6.30869 -1.46648 13.231 6.28577 -1.66939 11.9173 6.29741 -1.47044 13.2321 6.27418 -1.67181 11.918 6.28569 -1.47272 13.2327 6.26217 -1.67263 11.9182 6.27363 -1.47337 13.2328 6.24984 -1.672 11.9181 6.26136 -1.47253 13.2326 6.23734 -1.6701 11.9176 6.24904 -1.47038 13.232 6.2248 -1.66707 11.9167 6.23681 -1.46709 13.2311 6.21236 -1.6583 11.9144 6.21315 -1.45774 13.2286 6.18836 -1.64685 11.9114 6.1913 -1.4457 13.2253 6.16625 -1.6333 11.9078 6.17118 -1.43156 13.2215 6.14595 -1.60168 11.8993 6.1349 -1.39868 13.2127 6.10948 -1.5668 11.8901 6.10187 -1.36255 13.2029 6.07638 -1.41479 11.8495 5.98653 -1.20554 13.1606 5.96133 -1.08563 11.7617 5.79619 -0.866501 13.0693 5.77284 0.542297 12.6904 5.13042 0.829697 13.9866 5.08734 2.5791 14.8967 4.41069 -0.949081 14.4674 5.88911 -0.603508 14.3738 5.70604 1.14362 15.2839 5.01879 3.26623 17.4946 4.3102 5.35317 19.7344 3.70536 7.33916 22.0087 3.28849 9.18397 24.315 3.02896 10.8729 26.6521 2.85607 -0.02771 18.3857 5.51281 -0.650154 15.77 5.77751 0.0558624 18.363 5.46723 -0.301071 15.6751 5.60285 0.404251 18.2683 5.31597 1.83913 17.8796 4.82503 2.605 20.4731 4.58866 3.99023 20.1002 4.18458 -21.4817 -11.0492 4.88908 -21.483 -11.0441 4.87907 -18.816 -10.5415 5.28513 -13.6273 -9.08223 5.82906 -13.6062 -9.16196 5.88648 -16.2047 -9.84819 5.56458 -14.8798 -9.59451 5.99983 -13.5887 -9.2298 6.15267 -13.5941 -9.20966 6.16729 -9.78805 -2.97963 3.71026 -7.28775 -2.30688 3.68505 -6.98647 -3.42213 4.36708 -20.806 -3.09688 2.63178 -18.2148 -2.3212 2.41585 -17.8467 -3.68603 3.08808 -14.3266 -1.29378 2.16962 -13.0323 -1.00001 2.12598 -12.6776 -2.32063 2.94507 -38.7026 -9.08675 3.34421 -32.8032 -5.22475 2.8925 -31.5468 -4.72722 2.82653 -31.5112 -4.86039 2.86244 -29.1833 -3.81017 2.6599 -29.0254 -3.74973 2.64656 -28.9873 -3.89234 2.68978 -40.2353 -13.7219 3.93529 -37.8512 -12.2648 3.74646 -32.5682 -11.2837 3.81761 -32.3007 -12.2821 3.86755 -29.6374 -11.8547 3.96257 -32.2343 -12.5299 3.90009 -28.1619 -12.1686 4.24437 -29.4982 -12.3726 4.16217 -29.4979 -12.3736 4.15342 -24.1778 -11.429 4.46944 -24.1874 -11.3934 4.45168 -21.5137 -10.9293 4.78321 -22.8178 -11.2874 4.71488 -21.4806 -11.0534 4.8994 -21.4798 -11.0564 4.90995 -22.8169 -11.2906 4.72499 -21.4793 -11.0581 4.92065 -22.8164 -11.2925 4.73527 -21.4792 -11.0584 4.93139 -22.8162 -11.2931 4.74564 -21.4796 -11.0571 4.94211 -22.8165 -11.2922 4.75603 -21.4803 -11.0545 4.9527 -24.1675 -11.4673 4.67859 -24.1636 -11.4819 4.6648 -21.4918 -11.0116 5.01655 -5.26339 0.118879 2.4408 -5.08629 -5.43319 5.91588 -7.41982 -6.73165 6.26513 -9.83411 -7.83931 6.39623 -30.2876 -4.23564 2.7452 -6.96088 1.5643 1.13272 -9.63481 1.53571 0.798689 -12.2814 1.29425 0.678721 -14.9056 0.846628 0.776713 -17.5101 0.221769 1.04798 -20.7973 -0.759634 1.53326 -20.8024 -0.761335 1.5341 -21.0628 -0.850359 1.57787 -21.383 -0.961821 1.63232 -24.2637 -1.97323 2.08983 -24.3435 -2.0022 2.10169 -24.6623 -2.11843 2.14841 -24.742 -2.14757 2.1599 -26.4916 -2.79364 2.38943 -26.3328 -2.73454 2.37044 -27.7601 -3.26916 2.52862 -29.3412 -3.87069 2.67295 -29.6569 -3.992 2.69817 -33.2736 -5.41293 2.91369 -33.4303 -5.47585 2.92035 -34.0568 -5.72855 2.9451 -32.1852 -12.7134 4.1163 -18.8378 -10.4603 5.45435 -21.5008 -10.9776 5.04263 -24.1718 -11.4515 4.69098 -16.2102 -9.87532 5.85519 -2.82713 -3.95126 5.35395 -2.82353 -3.96429 5.34827 -2.8201 -3.97678 5.34109 -2.26164 -3.59543 5.14247 -2.81687 -3.98856 5.33215 -2.81062 -4.01124 5.29567 -2.81059 -4.01219 5.28849 -2.81056 -4.0121 5.28102 -2.81138 -4.00992 5.26628 -2.81275 -4.00537 5.25186 -2.81458 -3.99916 5.23845 -2.81676 -3.99166 5.22601 -2.82189 -3.97384 5.20337 -2.82758 -3.95397 5.18258 -2.85244 -3.86661 5.10911 -2.90638 -3.67564 4.9856 -3.12962 -2.87586 4.55494 -4.80054 -1.64118 3.64758 -5.58591 1.3925 1.46187 -5.48056 0.971701 1.79575 -25.4957 -11.7198 4.50811 -24.16 -11.4952 4.64931 -22.8239 -11.2644 4.81366 -21.4877 -11.0267 5.00082 -21.4859 -11.0337 4.99212 -22.8222 -11.2709 4.80505 -24.1584 -11.5012 4.64083 -25.4942 -11.7255 4.49977 -26.8299 -11.9435 4.37992 -29.5029 -12.3552 4.20364 -26.8313 -11.9382 4.38807 -26.8344 -11.9264 4.40305 -26.838 -11.9133 4.41649 -26.8206 -11.9089 4.41934 -24.1531 -11.5212 4.58284 -24.1533 -11.5204 4.57283 -25.4897 -11.7425 4.43368 -25.4903 -11.7402 4.42419 -26.8264 -11.9563 4.30672 -26.8274 -11.9528 4.29785 -22.8189 -11.2831 4.70503 -24.1559 -11.5105 4.54388 -24.1574 -11.5052 4.53482 -24.1607 -11.4927 4.51805 -21.4864 -11.0316 4.86035 -24.159 -11.4992 4.52619 -21.4846 -11.0382 4.86947 -24.1539 -11.5183 4.56296 -24.1548 -11.5149 4.55328 -25.4912 -11.7368 4.41493 -25.4924 -11.7323 4.40595 -26.8286 -11.9483 4.28929 -26.83 -11.9431 4.28108 -29.5057 -12.3447 4.21784 -29.5089 -12.333 4.23066 -29.5123 -12.3202 4.24236 -18.8173 -10.5373 5.38526 -18.819 -10.5306 5.39518 -21.4841 -11.0401 4.98288 -22.8206 -11.2768 4.79593 -24.1569 -11.5067 4.63186 -25.4929 -11.7306 4.49098 -26.8286 -11.9482 4.37134 -28.1644 -12.1595 4.27096 -29.5005 -12.3641 4.18786 -30.8372 -12.5619 4.12006 -32.1821 -12.7249 4.10536 -32.1793 -12.7355 4.09341 -32.1768 -12.7449 4.0802 -32.1746 -12.7528 4.06559 -26.8498 -11.8696 4.22339 -26.8453 -11.8861 4.23197 -29.513 -12.3177 4.06916 -29.4999 -12.3663 4.11969 -32.1744 -12.7538 4.00304 -29.5011 -12.362 4.11188 -32.1755 -12.7496 3.99595 -29.5024 -12.3569 4.10443 -32.1768 -12.7449 3.98921 -29.5056 -12.345 4.09081 -37.5392 -13.4364 3.8803 -37.5415 -13.4275 3.87048 -32.1797 -12.7338 3.97692 -32.183 -12.7215 3.96642 -29.5092 -12.3319 4.07912 -26.8411 -11.9019 4.2417 -24.1732 -11.4463 4.47944 -21.5038 -10.9664 4.80443 -18.8467 -10.4257 5.1753 -37.5442 -13.4176 3.8621 -37.547 -13.4071 3.85501 -32.1865 -12.7084 3.95753 -32.1941 -12.6803 3.94334 -29.5211 -12.2873 4.05314 -29.5297 -12.2556 4.04018 -26.8589 -11.8358 4.20834 -22.8171 -11.2899 4.76634 -24.1537 -11.5186 4.60292 -24.1532 -11.5206 4.5929 -25.4895 -11.7431 4.45305 -25.4894 -11.7435 4.44332 -26.8255 -11.9598 4.32511 -26.8258 -11.9587 4.31583 -28.1619 -12.1686 4.21731 -28.1626 -12.1662 4.20858 -29.499 -12.3698 4.12779 -32.1735 -12.7571 4.01042 -24.2071 -11.3199 4.4217 -26.8776 -11.7662 4.18349 -24.2273 -11.2447 4.39718 -26.8967 -11.6952 4.1638 -24.3101 -10.9364 4.32682 -26.9746 -11.4056 4.11114 -27.2892 -10.2346 3.99448 -21.5342 -10.8525 4.74658 -21.5553 -10.7734 4.71566 -21.6422 -10.4479 4.62119 -24.6456 -9.68591 4.14555 -37.533 -13.417 3.976 -34.8624 -13.0775 4.03482 -34.8596 -13.0879 4.02486 -30.8348 -12.5707 4.08693 -30.8351 -12.5698 4.09534 -32.1724 -12.761 4.03385 -32.1727 -12.7602 4.04189 -34.8512 -13.1194 3.96726 -37.5357 -13.4494 3.91603 -34.8511 -13.1199 3.95278 -34.851 -13.1201 3.95999 -32.1725 -12.7608 4.02587 -25.4899 -11.7415 4.46277 -26.8259 -11.9582 4.34391 -26.8255 -11.9596 4.3345 -28.1616 -12.1698 4.23529 -28.1616 -12.1699 4.22624 -29.498 -12.3735 4.14472 -29.4983 -12.3723 4.13616 -32.1728 -12.7595 4.01804 -34.8514 -13.1187 3.9457 -37.5363 -13.4482 3.90336 -37.5376 -13.4436 3.89137 -37.5363 -13.4474 3.9289 -34.8516 -13.1179 3.97453 -40.2333 -13.7293 3.9271 -37.5376 -13.4429 3.94154 -37.5393 -13.4366 3.95328 -37.5411 -13.4291 3.96381 -37.5434 -13.4207 3.97341 -40.2298 -13.7424 3.86485 -40.2314 -13.7364 3.85525 -40.2334 -13.7288 3.8467 -40.2357 -13.7204 3.83938 -40.2381 -13.7114 3.83316 -37.553 -13.3845 3.84371 -37.5592 -13.361 3.83469 -32.2019 -12.6509 3.93199 -29.565 -12.1243 4.00299 -37.572 -13.3128 3.82029 -37.585 -13.2639 3.80944 -37.6379 -13.0651 3.78399 -32.8355 -10.286 3.75097 -27.6031 -9.0653 3.85829 -29.9293 -10.7674 3.88823 -38.2777 -10.6692 3.60091 -33.1016 -9.29301 3.62988 -27.9144 -7.90438 3.6584 -22.3504 -7.79952 4.05534 -28.5311 -5.60039 3.1602 -25.6405 -5.9741 3.36999 -28.2238 -6.74882 3.42698 -22.6999 -6.49452 3.68959 -26.174 -2.67551 2.35108 -25.8561 -2.55768 2.31125 -26.4512 -2.94461 2.44262 -23.902 -2.01591 2.10798 -25.2198 -2.32286 2.22701 -24.9013 -2.2059 2.18262 -24.6225 -2.10388 2.14264 -24.5826 -2.08933 2.13685 -24.4232 -2.03122 2.11349 -23.9446 -1.85766 2.0417 -33.1168 -5.35011 2.90683 -32.96 -5.28738 2.89977 -34.0239 -5.85121 2.97579 -33.7436 -5.60201 2.93309 -33.587 -5.53888 2.92682 -31.0851 -6.45425 3.24888 -31.3694 -5.39108 3.00001 -33.8929 -6.33987 3.09304 -33.3667 -8.30337 3.48181 -33.6306 -7.31852 3.30345 -39.0196 -7.91083 3.08534 -38.9139 -8.30245 3.17805 -10.4484 -0.502531 2.12047 -9.15676 -0.300554 2.16017 -7.86317 -0.129702 2.22727 -6.56593 0.0100842 2.32105 -6.81178 0.971418 1.60069 -8.13568 0.92576 1.44682 -9.4534 0.83499 1.33519 -10.766 0.699381 1.26688 -12.0747 0.519197 1.24292 -6.93124 1.44583 1.22772 -8.26857 1.44673 1.04256 -9.59865 1.39566 0.907628 -10.9222 1.29304 0.824148 -12.2401 1.1393 0.793345 -13.553 0.935022 0.816161 -11.7397 -0.735689 2.10889 -13.3806 0.294832 1.26415 -14.8613 0.683043 0.888654 -16.1651 0.388098 1.00282 -14.684 0.0287418 1.32722 -15.9849 -0.274885 1.42536 -18.76 -0.311571 1.32369 -20.9026 -0.795397 1.55087 -20.8224 -0.768129 1.53745 -21.3386 -1.12567 1.71374 -20.7923 -0.757936 1.53243 -20.7823 -0.754545 1.53075 -20.7422 -0.741003 1.52408 -21.1615 -1.7799 2.03099 -23.7323 -2.64732 2.36527 -26.2902 -3.54667 2.64814 -23.3914 -3.91622 2.84773 -20.4467 -4.43169 3.18919 -17.4752 -5.0698 3.7181 -2.81122 -4.00958 5.30263 -2.81406 -3.9989 5.32148 -2.81289 -4.00323 5.31556 -2.81193 -4.00684 5.30927 -2.81371 -4.01343 5.2745 -3.36591 -4.4103 5.42467 -3.36642 -4.40871 5.41662 -3.92799 -4.78908 5.53805 -3.92635 -4.79443 5.55486 -3.9258 -4.79614 5.5635 -3.92547 -4.79708 5.57216 -3.92538 -4.79713 5.58075 -3.92558 -4.79617 5.58915 -3.92609 -4.79411 5.59726 -3.92693 -4.79093 5.605 -3.92804 -4.78674 5.61235 -3.92939 -4.78171 5.61927 -3.93267 -4.76967 5.63174 -3.93644 -4.75596 5.6422 -3.94045 -4.74141 5.65062 -3.94466 -4.72623 5.65729 -2.83084 -3.93782 5.35844 -3.95834 -4.73305 5.66125 -5.08147 -5.45088 5.90987 -6.23788 -6.12595 6.11044 -5.07677 -5.4679 5.90229 -6.23278 -6.14453 6.10203 -5.07227 -5.48422 5.89276 -6.22792 -6.1623 6.09149 -5.06806 -5.49957 5.88093 -3.93015 -4.78182 5.52242 -3.93274 -4.77305 5.50794 -3.9388 -4.75221 5.48158 -3.9455 -4.72902 5.4574 -3.97477 -4.627 5.37196 -4.55624 -2.54289 4.21308 -4.30032 -3.47052 4.7285 -4.03822 -4.40409 5.22846 -11.0884 -8.34988 6.36901 -11.0663 -8.34614 6.36802 -6.22336 -6.17902 6.07844 -6.22128 -6.18668 6.07099 -5.0644 -5.51304 5.86685 -6.21939 -6.19365 6.06295 -5.06288 -5.51866 5.85904 -6.21775 -6.19974 6.05437 -5.06165 -5.52333 5.85077 -6.2164 -6.20478 6.04529 -5.06071 -5.52687 5.84205 -6.2154 -6.20859 6.03573 -5.06014 -5.52914 5.83292 -6.21479 -6.21101 6.02574 -5.05993 -5.53017 5.82348 -6.21456 -6.21206 6.01541 -5.06003 -5.53007 5.81383 -6.21467 -6.21189 6.00486 -5.0604 -5.52897 5.8041 -6.21508 -6.21061 5.99423 -5.06103 -5.527 5.7944 -6.21577 -6.20838 5.98363 -5.06288 -5.52091 5.77554 -6.21778 -6.20157 5.96307 -5.06532 -5.51266 5.75802 -6.22043 -6.19241 5.94397 -5.06821 -5.50272 5.74178 -6.22359 -6.18142 5.92629 -5.07502 -5.47917 5.71228 -6.23099 -6.15543 5.89421 -5.08255 -5.45296 5.68523 -6.23917 -6.12656 5.86484 -5.1154 -5.33784 5.58977 -6.27487 -5.99988 5.76133 -5.18658 -5.08652 5.4297 -6.35223 -5.72373 5.58821 -6.67248 -4.56907 4.98721 -7.8767 -5.0746 5.07088 -9.44709 -4.2482 4.45186 -6.25553 -6.13276 6.11398 -7.41426 -6.75223 6.25776 -7.40886 -6.77204 6.24858 -7.4037 -6.79099 6.23713 -7.39887 -6.80875 6.22302 -7.39668 -6.8169 6.21497 -7.39468 -6.82428 6.2063 -7.39295 -6.83073 6.19707 -7.39153 -6.83603 6.1873 -7.39048 -6.84002 6.17703 -7.38984 -6.84252 6.16632 -7.3896 -6.84355 6.15525 -7.38972 -6.84326 6.14397 -7.39017 -6.8418 6.13261 -7.3909 -6.8393 6.1213 -7.39305 -6.83181 6.09936 -7.39587 -6.82182 6.07901 -7.39922 -6.80987 6.0602 -7.40709 -6.78172 6.02613 -7.41578 -6.75052 5.99497 -7.45371 -6.61386 5.88544 -7.53589 -6.31647 5.70286 -9.09486 -5.55209 5.12311 -11.9525 -5.02728 4.4646 -12.3174 -3.66425 3.72325 -14.8827 -4.36232 3.72499 -15.2545 -2.97734 3.00131 -15.6222 -1.61398 2.23543 -18.5788 -0.977774 1.69934 -8.6109 -7.33049 6.35058 -8.60529 -7.35122 6.3407 -8.59995 -7.37102 6.32844 -8.59495 -7.38956 6.31339 -8.59267 -7.39802 6.30483 -8.5906 -7.40569 6.29564 -8.58881 -7.41236 6.28585 -8.58735 -7.41784 6.27552 -8.58626 -7.42192 6.26468 -8.58561 -7.42441 6.25339 -8.58537 -7.42536 6.24175 -8.58552 -7.42492 6.2299 -8.586 -7.42326 6.21797 -8.58677 -7.42049 6.20611 -8.58904 -7.41235 6.18314 -8.592 -7.4016 6.16187 -8.59552 -7.38881 6.14225 -8.60374 -7.35879 6.10677 -8.61283 -7.32559 6.0744 -8.65246 -7.18052 5.96091 -8.7383 -6.86553 5.77256 -10.3284 -6.00237 5.14315 -5.48082 -4.03465 4.87284 -12.3023 -8.77794 6.29831 -13.6162 -9.1755 6.18592 -12.3242 -8.78706 6.29583 -13.5997 -9.18833 6.17946 -12.3185 -8.80867 6.28415 -12.313 -8.82914 6.26999 -12.308 -8.84813 6.25294 -12.3006 -8.87545 6.13697 -13.5783 -9.26829 6.00665 -12.3032 -8.86554 6.11296 -13.5797 -9.26268 5.99499 -12.3065 -8.85293 6.09091 -13.5832 -9.2496 5.97327 -12.3103 -8.83824 6.07073 -13.5871 -9.23448 5.95346 -13.5915 -9.21774 5.93522 -12.3193 -8.80433 6.03462 -13.5963 -9.19979 5.91819 -12.3291 -8.76718 6.00199 -12.3036 -8.86441 6.23313 -13.5795 -9.2642 6.11503 -12.3018 -8.87101 6.22234 -13.5778 -9.27056 6.1041 -12.3004 -8.8763 6.21103 -13.5765 -9.2756 6.09268 -12.2994 -8.88008 6.19927 -13.5755 -9.27911 6.08084 -12.2988 -8.88214 6.18711 -13.575 -9.2809 6.06865 -12.2987 -8.88254 6.17466 -13.575 -9.28103 6.0562 -12.299 -8.88145 6.16206 -13.5753 -9.27965 6.04365 -12.2996 -8.87902 6.14945 -13.576 -9.27695 6.03111 -13.577 -9.27311 6.01874 -14.885 -9.57492 6.01483 -14.496 -9.40975 6.09363 -16.1945 -9.8885 5.84827 -16.1775 -9.95237 5.79202 -13.5815 -9.25675 6.12542 -12.3057 -8.85671 6.24335 -16.1757 -9.95911 5.78151 -16.1742 -9.96474 5.77053 -14.8694 -9.6337 5.95067 -16.173 -9.96907 5.75915 -14.8681 -9.63841 5.93923 -16.1722 -9.9719 5.74745 -14.8672 -9.6416 5.92741 -16.1719 -9.97304 5.73548 -14.8668 -9.64308 5.91529 -16.172 -9.97254 5.72337 -14.8669 -9.64289 5.90296 -16.1811 -9.93781 5.64434 -14.8755 -9.60975 5.82165 -14.872 -9.62323 5.84283 -16.1775 -9.95163 5.66479 -14.8704 -9.62908 5.85423 -16.1759 -9.95767 5.67583 -14.8691 -9.63415 5.86607 -16.1745 -9.96296 5.68733 -16.1841 -9.92751 5.81998 -16.1891 -9.90864 5.83528 -17.4993 -10.233 5.62164 -17.5041 -10.215 5.63716 -18.8326 -10.4797 5.44253 -13.5838 -9.24839 6.13519 -14.875 -9.6125 5.98203 -16.1795 -9.94472 5.80198 -17.4949 -10.2493 5.60352 -20.1546 -10.7735 5.04106 -18.823 -10.5153 5.24577 -18.8192 -10.5295 5.26438 -17.494 -10.2522 5.4692 -17.4924 -10.2585 5.47981 -14.8888 -9.55909 5.76841 -14.884 -9.57727 5.7848 -16.1946 -9.8866 5.59342 -16.1898 -9.9049 5.60902 -18.8318 -10.482 5.21416 -18.8272 -10.4993 5.22915 -21.4944 -11.0013 4.82919 -14.8795 -9.5943 5.80243 -16.1852 -9.92211 5.62588 -17.4977 -10.2382 5.44962 -14.868 -9.63825 5.87822 -14.8673 -9.64123 5.89056 -16.1734 -9.96732 5.69917 -16.1725 -9.97057 5.71122 -18.8138 -10.5501 5.30738 -17.4882 -10.2743 5.52584 -18.8131 -10.5526 5.31881 -17.488 -10.2752 5.53767 -18.8128 -10.5538 5.33029 -17.4883 -10.2744 5.5494 -18.8129 -10.5534 5.34173 -17.4889 -10.2719 5.56093 -18.8135 -10.5513 5.35303 -17.49 -10.268 5.57218 -18.8144 -10.5479 5.3641 -18.8157 -10.5431 5.37487 -21.4962 -10.9951 5.03036 -18.8277 -10.4981 5.42899 -20.1577 -10.7623 5.21928 -20.1534 -10.7784 5.20354 -18.8231 -10.5152 5.41332 -18.821 -10.5232 5.40456 -21.4826 -11.0458 4.97317 -22.8192 -11.2821 4.78638 -24.1556 -11.5116 4.62249 -25.4917 -11.7351 4.48183 -26.8275 -11.9524 4.36242 -28.1634 -12.1633 4.2623 -29.4995 -12.3677 4.17948 -30.8363 -12.5653 4.11198 -32.1738 -12.7559 4.05784 -34.853 -13.1129 3.98873 -34.8549 -13.1058 4.00199 -34.8571 -13.0974 4.01398 -34.8522 -13.1157 3.98171 -32.1731 -12.7584 4.04992 -30.8355 -12.568 4.10371 -29.4988 -12.3705 4.17089 -28.1625 -12.1664 4.2534 -26.8266 -11.9557 4.35325 -25.4907 -11.7388 4.47239 -24.1546 -11.5156 4.61281 -22.818 -11.2865 4.77649 -21.4813 -11.0507 4.96308 -20.1453 -10.8086 5.15478 -20.1445 -10.8116 5.14393 -20.144 -10.8133 5.13291 -20.144 -10.8133 5.12181 -20.1444 -10.8119 5.11071 -20.1451 -10.8091 5.09971 -18.8148 -10.5463 5.29612 -24.1626 -11.4857 4.51045 -21.4902 -11.0172 4.84379 -21.4882 -11.0246 4.8518 -20.1508 -10.7878 5.05866 -18.8175 -10.5359 5.27451 -26.8316 -11.9371 4.27329 -26.8333 -11.9307 4.26598 -26.8371 -11.9169 4.25292 -24.1646 -11.4784 4.50338 -24.1687 -11.4628 4.49063 -21.499 -10.9843 4.81619 -18.8366 -10.4638 5.20042 -21.9968 -9.12142 4.3493 -18.9797 -9.92423 4.96972 -18.8895 -10.2643 5.0927 -18.8677 -10.3464 5.13104 -8.63143 -7.33617 6.353 -9.82817 -7.8615 6.38765 -9.82243 -7.88284 6.37712 -11.0605 -8.36777 6.35689 -9.81698 -7.90318 6.36414 -11.055 -8.38833 6.34328 -9.81188 -7.92217 6.34829 -11.0499 -8.40746 6.32677 -9.80956 -7.93082 6.33931 -11.0476 -8.41615 6.31744 -9.80746 -7.93863 6.32968 -11.0455 -8.42397 6.30747 -9.80564 -7.94541 6.31946 -11.0437 -8.43072 6.29691 -9.80417 -7.95093 6.30868 -11.0422 -8.43617 6.28582 -9.80308 -7.955 6.29741 -11.0412 -8.44014 6.27423 -9.80243 -7.95742 6.28568 -11.0406 -8.44242 6.26222 -9.80222 -7.95825 6.27362 -11.0404 -8.44306 6.24989 -9.80239 -7.95763 6.26136 -11.0406 -8.44222 6.23739 -9.80291 -7.95573 6.24904 -11.0412 -8.44006 6.22485 -9.80373 -7.9527 6.23681 -11.042 -8.43677 6.21241 -9.8061 -7.94394 6.21315 -11.0445 -8.42741 6.18842 -9.80919 -7.9325 6.19129 -11.0477 -8.41535 6.1663 -9.81284 -7.91897 6.17117 -11.0515 -8.4012 6.14601 -9.82136 -7.88737 6.13489 -11.0602 -8.36829 6.10953 -9.83074 -7.85251 6.10187 -11.0699 -8.33213 6.07643 -9.87166 -7.70063 5.98653 -11.1117 -8.17501 5.96138 -9.96019 -7.37167 5.79619 -11.2022 -7.83576 5.77289 -11.5785 -6.42629 5.13045 -12.8447 -6.82552 5.08739 -14.5076 -5.76558 4.41073 -12.3717 -8.60636 5.8892 -12.4634 -8.2603 5.70612 -14.1252 -7.20233 5.01886 -17.1011 -6.46948 4.31025 -20.0844 -5.78207 3.70537 -23.0471 -5.1993 3.28846 -25.967 -4.75483 3.02891 -28.8356 -4.4608 2.85603 -16.2259 -9.76774 5.51296 -13.6493 -8.99882 5.77763 -16.248 -9.68399 5.46738 -13.7417 -8.64909 5.60295 -16.3402 -9.33493 5.3161 -16.721 -7.89791 4.82512 -19.3501 -8.53146 4.58875 -19.7198 -7.14534 4.18463</float_array>
                    <technique_common>
                        <accessor count="3504" source="#shape0-lib-positions-array" stride="3">
                            <param name="X" type="float"/>
                            <param name="Y" type="float"/>
                            <param name="Z" type="float"/>
                        </accessor>
                    </technique_common>
                </source>
                <source id="shape0-lib-normals" name="normal">
                    <float_array id="shape0-lib-normals-array" count="21048">-0.112433 0.493259 0.862586 -0.11042 0.627156 0.771027 -0.0809871 0.00299857 0.996711 0.0655145 -0.210292 0.975441 0.253111 0.0146429 0.967326 -0.0252601 -0.0633789 0.99767 -0.0260535 -0.495003 0.868501 -0.0925103 0.171556 0.980821 -0.114782 0.33004 0.936963 -0.127727 0.375079 0.918151 0.0496449 -0.584394 0.80995 0.0191653 -0.657346 0.753345 0.152984 -0.0679596 0.985889 -0.0795332 0.76273 0.641808 -0.0975328 0.733101 0.673091 -0.110485 0.520156 0.846895 -0.118323 0.500793 0.857441 -0.126045 0.483976 0.865956 -0.141592 0.458473 0.877356 -0.149243 0.449422 0.880765 -0.149852 0.44925 0.880749 -0.0805585 0.204686 0.975507 -0.133393 0.453492 0.881222 -0.124533 0.463938 0.877071 -0.121785 0.481108 0.868161 -0.113515 0.462895 0.879114 -0.122728 0.491693 0.862077 -0.032303 0.401975 0.915081 -0.0925548 0.534307 0.840208 -0.102936 0.541896 0.834118 -0.0827904 0.556431 0.826759 -0.096286 0.566381 0.8185 -0.0981213 0.565948 0.818581 -0.0967285 0.61598 0.7818 -0.0807845 0.583847 0.807835 -0.091662 0.591882 0.800796 -0.0889934 0.640205 0.763032 -0.0916525 0.642183 0.761052 -0.0967939 0.641061 0.761362 -0.0818302 0.610995 0.787394 -0.0904527 0.617383 0.781445 -0.0833339 0.642236 0.761963 -0.0781675 0.618807 0.781644 -0.0666172 0.615988 0.784934 -0.102415 0.705741 0.701029 -0.0920088 0.691724 0.716277 -0.0993586 0.705866 0.701342 -0.0998561 0.70627 0.700865 -0.0912142 0.6943 0.713882 -0.0923165 0.695556 0.712516 -0.0991971 0.72056 0.68626 -0.103153 0.738859 0.665918 -0.103437 0.739127 0.665576 -0.104307 0.738955 0.665632 -0.0976434 0.723499 0.683385 -0.0977352 0.723115 0.683778 -0.0993332 0.715694 0.691314 -0.101631 0.732303 0.673352 -0.103455 0.763578 0.637374 -0.101658 0.748491 0.655307 -0.0988592 0.725605 0.680973 -0.0973472 0.723544 0.68338 -0.0974705 0.723533 0.683374 -0.101531 0.762345 0.639157 -0.102216 0.76328 0.637931 -0.102582 0.763742 0.637319 -0.0971163 0.744286 0.660762 -0.0978956 0.744233 0.660707 -0.0984755 0.744124 0.660744 -0.0927685 0.781157 0.617404 -0.0930853 0.781103 0.617425 -0.0945702 0.779487 0.619239 -0.0887945 0.758804 0.645238 -0.0901457 0.75857 0.645325 -0.0913106 0.778137 0.621422 -0.0925399 0.750577 0.654271 -0.092247 0.749834 0.655164 -0.077923 0.790157 0.607931 -0.0883078 0.743742 0.662608 -0.084444 0.761921 0.642141 -0.0739919 0.787556 0.611785 -0.0749589 0.793171 0.604368 -0.075054 0.793157 0.604375 -0.0709453 0.768494 0.635912 -0.0729274 0.768564 0.635603 -0.0750135 0.768238 0.635754 -0.0889216 0.721528 0.686651 -0.0574753 0.79343 0.605941 -0.0848839 0.719371 0.68942 -0.0629996 0.779853 0.622785 -0.0708631 0.75936 0.6468 -0.069452 0.766826 0.638087 -0.0747275 0.754331 0.652227 -0.0745097 0.75332 0.653419 -0.0804029 0.73288 0.67559 -0.0873482 0.631006 0.770845 -0.0817431 0.666232 0.741251 -0.0930762 0.677549 0.729565 -0.0866467 0.69166 0.717007 -0.0830276 0.710908 0.698367 -0.0559572 0.546538 0.835563 -0.069167 0.567716 0.820314 -0.0769166 0.575095 0.814463 -0.0738289 0.594973 0.800348 -0.0817958 0.626998 0.774715 0.0420057 0.376951 0.92528 0.0869663 0.3048 0.948438 0.0618202 0.317722 0.946166 0.119475 0.253643 0.959891 0.191469 0.161921 0.96805 0.202918 0.14978 0.967673 0.111629 -0.203767 0.972635 0.106512 -0.241194 0.964614 0.0785475 -0.248922 0.965333 0.0894803 -0.282822 0.954989 0.0215723 -0.32226 0.946406 0.0796298 -0.453666 0.887607 -0.0165544 -0.382683 0.923731 -0.044646 -0.388719 0.920274 0.0980412 -0.847427 0.521782 0.0972115 -0.843804 0.527773 -0.0670729 0.492991 0.867445 -0.0599853 0.476973 0.876869 -0.0783135 0.506759 0.858523 -0.0945483 0.502832 0.859197 -0.111157 0.539875 0.834374 -0.0979189 0.511109 0.85392 -0.101244 0.434215 0.895102 -0.105346 0.46151 0.880858 -0.118852 0.492706 0.862041 -0.121839 0.499882 0.857481 -0.133948 0.470007 0.87244 -0.139891 0.468387 0.872379 -0.123241 0.429305 0.894712 -0.132566 0.482233 0.865955 -0.111296 0.432508 0.894735 -0.0900835 0.394822 0.91433 -0.0999009 0.418335 0.902782 -0.116451 0.441638 0.889604 -0.0913575 0.378454 0.921101 -0.113588 0.400801 0.909097 -0.102572 0.253082 0.961992 -0.108623 0.266343 0.957738 -0.141077 0.337107 0.930836 -0.105743 0.32257 0.940621 0.204258 -0.441207 0.873851 -0.141652 0.407841 0.901998 -0.0946851 0.277538 0.956037 -0.142174 0.390256 0.909663 -0.0976559 0.455573 0.884826 -0.0998279 0.361949 0.926837 -0.0970354 0.333489 0.937747 -0.0908087 0.335165 0.937773 -0.0770526 0.292522 0.953149 -0.1263 0.373666 0.918925 -0.154543 0.397148 0.904649 -0.144878 0.34396 0.92774 -0.17262 0.420614 0.890666 -0.11491 0.222278 0.968188 -0.11523 0.165201 0.979505 -0.111266 0.148739 0.982597 -0.13037 0.283513 0.950065 -0.113628 0.253708 0.960584 -0.112874 0.25392 0.960616 -0.0828468 0.219075 0.972185 -0.0836881 0.218844 0.972164 -0.101953 0.285759 0.952863 -0.0796282 0.244725 0.966317 -0.0999215 0.309948 0.945488 -0.093787 0.30284 0.948415 -0.117772 0.371345 0.920996 -0.105261 0.357932 0.927796 -0.126273 0.411261 0.902729 -0.116797 0.397318 0.910218 -0.107225 0.374297 0.921089 -0.127795 0.411709 0.90231 -0.147033 0.456962 0.87725 -0.141969 0.445323 0.884043 -0.0854185 0.0538418 0.994889 -0.0770223 0.0162746 0.996897 -0.107536 0.00798762 0.994169 -0.0986932 -0.0320245 0.994603 -0.00303044 -0.381442 0.924388 0.00735411 -0.434838 0.900478 -0.0129884 -0.439239 0.898276 0.00461416 -0.517698 0.855551 -0.00183741 -0.490239 0.871586 0.0149494 -0.576123 0.817226 0.0270529 -0.482824 0.8753 0.0104818 -0.369188 0.929295 0.0284679 -0.473435 0.880369 0.0144072 -0.463153 0.886161 0.00803047 -0.43384 0.900954 -0.00532968 -0.372779 0.927905 0.0117397 -0.46123 0.887203 0.0261909 -0.458048 0.888542 0.0121882 -0.377919 0.925758 0.00819548 -0.360544 0.932706 -0.0739948 0.170568 0.982564 0.0585462 -0.657887 0.750838 0.059132 -0.61162 0.788939 0.0500238 -0.551308 0.832801 0.0402426 -0.479657 0.876533 0.0393418 -0.473556 0.879885 0.0390041 -0.471081 0.881227 0.0274935 -0.393627 0.918859 0.0228994 -0.357035 0.93381 0.0173472 -0.325573 0.945358 0.00679273 -0.256895 0.966416 0.0428525 -0.526575 0.849048 0.0456466 -0.552229 0.832442 0.0352236 -0.464995 0.884612 0.0362846 -0.47424 0.879648 0.0260246 -0.391906 0.919637 0.0262436 -0.393921 0.91877 0.0144697 -0.302201 0.953134 0.0169975 -0.325658 0.945335 0.00448197 -0.227103 0.973861 0.00746923 -0.256725 0.966456 -0.0112608 -0.121872 0.992482 -0.0486455 0.496838 0.866479 0.124432 0.21525 0.968599 0.0695134 0.300756 0.951165 0.0716072 0.29898 0.951569 0.0172601 0.389852 0.920716 0.0245321 0.381666 0.923975 0.0058927 0.421885 0.90663 -0.0221611 0.461057 0.887094 -0.114563 0.365862 0.923591 -0.0895979 0.293238 0.951832 -0.104554 0.305637 0.94639 0.18444 0.121008 0.975366 0.164259 0.227066 0.959927 0.122756 0.2171 0.9684 0.163415 0.154804 0.974336 0.197403 0.089563 0.976223 0.23268 0.0990866 0.967493 0.285628 0.0242272 0.958034 0.288791 0.0200954 0.957181 -0.0427947 0.465331 0.884102 0.0048353 0.37263 0.927968 0.000700215 0.3761 0.926579 0.0490832 0.288957 0.956083 0.0447161 0.292536 0.955209 0.097556 0.203788 0.974142 0.0940631 0.207687 0.973662 0.153899 0.108029 0.982163 0.150381 0.111955 0.982269 0.216749 0.00174394 0.976226 0.254183 0.0127655 0.967072 0.306407 -0.0716751 0.949198 0.339726 -0.0606655 0.938566 0.161719 0.175757 0.97106 0.356768 -0.0841996 0.930391 0.359493 -0.170966 0.917352 0.31354 -0.0849918 0.945764 0.215072 0.00406064 0.97659 0.218953 -0.00247895 0.975732 0.179898 -0.0138776 0.983587 0.117385 0.0982351 0.988216 0.122415 0.0925179 0.988157 0.0653151 0.195582 0.97851 0.0702731 0.189939 0.979278 0.0199278 0.281761 0.959278 0.0263026 0.276647 0.960611 -0.0199116 0.366646 0.930147 -0.01386 0.361709 0.932188 -0.046601 0.430664 0.901308 0.277476 -0.212107 0.937026 0.234779 -0.118772 0.964765 0.143281 -0.0350719 0.989061 0.145801 -0.0400301 0.988504 0.103882 -0.051899 0.993235 0.0496329 0.0636967 0.996734 0.0574284 0.0542711 0.996873 0.0064987 0.164261 0.986396 0.014179 0.154936 0.987823 -0.030686 0.25327 0.966909 -0.0202316 0.244922 0.969332 -0.0618167 0.34114 0.937978 -0.0517399 0.333063 0.941484 -0.0804738 0.403786 0.911307 -0.0576874 0.0298084 0.99789 -0.0166715 0.0408068 0.999028 -0.0152637 0.0205228 0.999673 -0.131558 0.239102 0.962041 -0.151117 0.56611 0.81036 -0.124084 0.473278 0.87213 -0.159279 0.501837 0.850171 -0.126654 0.391851 0.911269 -0.150062 0.425339 0.892507 -0.119357 0.323233 0.938762 -0.143243 0.357829 0.922735 -0.119758 0.28083 0.952257 -0.123358 0.283904 0.950885 -0.104285 0.14815 0.983451 -0.123873 0.16589 0.978333 -0.0881674 0.175819 0.980466 -0.105835 0.19115 0.975838 -0.0673997 0.201702 0.977125 -0.0826948 0.214484 0.973221 -0.0540861 0.0101897 0.998484 -0.0364817 -0.0404999 0.998513 -0.000743999 -0.0309927 0.999519 0.0256285 -0.0990497 0.994752 0.0692743 -0.087219 0.993778 0.0677016 -0.0835377 0.994202 0.151824 -0.1607 0.975256 -0.0539749 0.122675 0.990978 -0.0432634 0.108335 0.993173 -0.0810147 0.0980999 0.991874 -0.0688785 0.0809036 0.994339 -0.102347 0.0717904 0.992155 -0.0891038 0.051938 0.994667 -0.119306 0.0437203 0.991894 -0.144287 0.136922 0.980017 -0.11579 0.0906003 0.989133 -0.154022 0.232635 0.960291 -0.12577 0.187291 0.97422 -0.159344 0.311809 0.936688 -0.131252 0.267633 0.95454 -0.162354 0.381703 0.909914 -0.134387 0.338862 0.931189 -0.162449 0.330755 0.92963 -0.13084 0.207097 0.969532 -0.161334 0.258929 0.952327 -0.128133 0.12493 0.983857 -0.15846 0.177925 0.971202 -0.121695 0.0266487 0.99221 -0.151964 0.0805118 0.985101 -0.129658 -0.0136472 0.991465 -0.112791 -0.00913342 0.993577 -0.107689 -0.0275772 0.993802 -0.0774559 -0.01956 0.996804 -0.0621441 -0.0677889 0.995762 -0.0327902 -0.060085 0.997655 -0.00963833 -0.12562 0.992032 0.0304992 -0.115011 0.992896 0.0574011 -0.183885 0.98127 0.102543 -0.171467 0.979839 0.0804437 -0.126167 0.988742 0.186373 -0.250093 0.950115 -0.0548243 0.0862399 0.994765 -0.0556741 0.0889606 0.994478 -0.0667847 0.0859401 0.994059 -0.0503731 0.0133186 0.998642 -0.0710387 0.0577721 0.995799 -0.0539095 -0.0220219 0.998303 -0.077525 -0.0283516 0.996587 -0.066184 -0.0814421 0.994478 -0.10017 -0.09033 0.990862 -0.0915672 -0.130392 0.987225 -0.114349 -0.136142 0.984068 -0.112326 -0.14502 0.983032 -0.110286 -0.144513 0.983338 -0.107206 -0.156692 0.981812 -0.0809305 -0.150193 0.985339 -0.0709006 -0.184584 0.980256 -0.0326681 -0.175082 0.984012 -0.037369 -0.0665895 0.99708 -0.0222521 -0.144839 0.989205 -0.0410677 -0.149705 0.987877 -0.0283692 -0.215343 0.976126 -0.0525132 -0.221333 0.973783 -0.0468092 -0.249135 0.967337 -0.0748463 -0.255802 0.963827 -0.0712971 -0.27179 0.959712 -0.0899484 -0.276042 0.956928 -0.0840078 -0.300463 0.950087 -0.0763919 -0.298782 0.951259 -0.0686807 -0.326842 0.94258 -0.034175 -0.319171 0.947081 -0.0917141 -0.125626 0.987829 -0.00422749 -0.328606 0.944458 -0.0249801 -0.0662546 0.99749 -0.00854183 -0.159208 0.987208 -0.0224697 -0.162811 0.986401 -0.00848655 -0.240367 0.970645 -0.0259919 -0.244724 0.969244 -0.0183028 -0.284974 0.95836 -0.0408225 -0.290352 0.956049 -0.0349292 -0.318625 0.947237 -0.062863 -0.324948 0.94364 -0.0559419 -0.355164 0.933129 -0.071612 -0.358496 0.930781 -0.0626072 -0.393474 0.917202 -0.0529444 -0.391501 0.918653 -0.17057 0.0737558 0.982581 -0.150495 -0.0169031 0.988466 -0.0399708 0.0142217 0.9991 -0.0407762 0.0169631 0.999024 -0.0503888 0.0143766 0.998626 -0.0373961 -0.0484819 0.998124 -0.0540576 -0.0529159 0.997135 -0.040577 -0.119008 0.992064 -0.067064 -0.125876 0.989777 -0.0561988 -0.178774 0.982284 -0.0865198 -0.18631 0.978674 -0.0832251 -0.201517 0.975943 -0.102386 -0.206126 0.973154 -0.100083 -0.215945 0.971263 -0.0965097 -0.215102 0.971811 -0.0894367 -0.242116 0.966116 -0.058006 -0.23474 0.970326 -0.0473379 -0.269988 0.961699 -0.00438697 -0.259714 0.965676 0.00164877 -0.273856 0.961769 -0.107807 0.651383 0.751052 -0.1147 0.702532 0.702348 -0.101965 0.697327 0.709463 -0.104044 0.735968 0.668974 -0.0977817 0.729699 0.676741 -0.0979884 0.749585 0.654615 -0.0966032 0.74329 0.661957 -0.0963656 0.74816 0.656483 -0.0986471 0.668136 0.737471 -0.100727 0.716096 0.690696 -0.0945057 0.712711 0.695063 -0.0914624 0.748481 0.656819 -0.0888369 0.744595 0.661578 -0.0868799 0.757333 0.647224 -0.0872887 0.758849 0.645391 -0.0932112 0.752465 0.652004 -0.0942663 0.737818 0.668385 -0.0985009 0.742844 0.662179 -0.0990979 0.70573 0.701516 -0.108278 0.709991 0.695837 -0.102869 0.649381 0.753473 -0.118135 0.66392 0.738414 -0.105868 0.602473 0.791087 -0.119863 0.614865 0.77947 -0.0997957 0.543824 0.833245 -0.115181 0.556672 0.822709 -0.0842394 0.470727 0.878248 -0.0955237 0.485535 0.868983 -0.0743881 0.431897 0.89885 -0.0667081 0.425695 0.902404 -0.032731 0.348591 0.936703 -0.0407274 0.355015 0.933973 0.00318721 0.262038 0.965052 -0.00516911 0.268684 0.963215 0.0424793 0.173707 0.983881 0.0361569 0.181107 0.982799 0.0902402 0.0746472 0.993119 0.0838337 0.0821262 0.99309 0.142278 -0.031792 0.989316 0.182852 -0.0201082 0.982935 0.228093 -0.103787 0.968092 0.2685 -0.0909692 0.958975 0.0894073 0.172665 0.980914 0.2294 -0.0297559 0.972877 -0.0620486 0.498737 0.864529 -0.0276525 0.478887 0.877441 -0.0509965 0.473501 0.879316 -0.0900246 0.572103 0.815226 -0.0819584 0.564618 0.821273 -0.0997789 0.6283 0.771546 -0.0928524 0.621046 0.778255 -0.101293 0.675865 0.730032 -0.0922876 0.664881 0.741227 -0.0922674 0.720909 0.686861 -0.0885022 0.718415 0.689962 -0.0832279 0.752928 0.652819 -0.0818323 0.750145 0.656191 -0.0792687 0.761108 0.643763 -0.0790923 0.759587 0.645579 -0.0916979 0.694251 0.713868 -0.0929029 0.694006 0.713951 -0.0886545 0.666157 0.740523 -0.0824621 0.656551 0.749761 -0.0862783 0.655753 0.75003 -0.109328 0.717949 0.687456 -0.0974142 0.708523 0.698932 -0.109301 0.706075 0.699651 -0.09406 0.694851 0.712976 -0.10826 0.69188 0.71385 -0.0992103 0.590146 0.801177 -0.0822984 0.55451 0.828097 -0.0687756 0.557574 0.827273 -0.0651209 0.552001 0.831297 -0.0803684 0.607079 0.790567 -0.0714404 0.609004 0.789943 -0.0446449 0.550839 0.833417 -0.100349 0.53437 0.839273 -0.0780756 0.539672 0.838247 -0.0833326 0.591353 0.802095 -0.0846685 0.591054 0.802176 -0.087223 0.639027 0.764223 -0.094353 0.637475 0.764672 -0.0933711 0.67822 0.728903 -0.0898991 0.678939 0.72867 -0.0988641 0.707182 0.700086 -0.0932883 0.708307 0.699714 -0.101449 0.735167 0.670252 -0.130931 0.344857 0.929479 -0.15625 0.435511 0.886519 -0.124758 0.387704 0.913302 -0.152679 0.48242 0.862531 -0.103816 0.440564 0.891698 -0.0825064 0.459401 0.884389 -0.109346 0.49566 0.861606 -0.0870084 0.501253 0.860915 -0.137144 0.541369 0.829525 -0.0975051 0.551376 0.828539 -0.141378 0.584984 0.798627 -0.106676 0.593594 0.797663 -0.113117 0.626531 0.771144 -0.134919 0.603188 0.786105 -0.11643 0.538775 0.834366 -0.155848 0.528351 0.834599 -0.138508 0.469384 0.872063 -0.148872 0.437612 0.886754 -0.150627 0.397075 0.905341 -0.161931 0.393804 0.904819 -0.131734 0.280307 0.950828 -0.0658728 0.45297 0.889089 -0.111526 0.49238 0.863205 -0.062933 0.504256 0.861258 -0.115709 0.54624 0.829598 -0.0706163 0.556974 0.827523 -0.122034 0.595343 0.79415 -0.0823266 0.604611 0.792255 -0.126655 0.636725 0.760618 -0.0934534 0.644322 0.759023 -0.125201 0.654743 0.74541 -0.0976631 0.660941 0.744056 -0.124805 0.669973 0.73182 -0.10104 0.67524 0.730645 -0.123049 0.682859 0.720113 0.0406097 0.119066 0.992056 0.189442 -0.13191 0.972991 0.146064 -0.144837 0.978615 0.107884 -0.0623308 0.992208 0.0648404 -0.074276 0.995128 0.0148426 0.0427994 0.998973 0.0241107 0.0310962 0.999226 -0.023654 0.14488 0.989167 -0.014519 0.13328 0.990972 -0.0566126 0.235304 0.970272 -0.043867 0.224956 0.973381 -0.0831731 0.324791 0.942122 -0.0707858 0.314757 0.946529 -0.101997 0.398128 0.911642 -0.104947 0.400495 0.910269 -0.125356 0.46006 0.878994 -0.108154 0.436817 0.893025 -0.13964 0.533685 0.834075 -0.114784 0.513775 0.850212 -0.137966 0.594662 0.79205 -0.114298 0.575529 0.809755 -0.131626 0.645902 0.751988 -0.107513 0.626114 0.772284 -0.119715 0.69357 0.710373 -0.10273 0.687274 0.719098 -0.107755 0.727742 0.677333 -0.0989668 0.720041 0.686839 -0.100687 0.738306 0.666908 -0.0981918 0.734151 0.671848 -0.196107 0.465848 0.862861 -0.159688 0.382316 0.910129 -0.141376 0.387624 0.910912 -0.12612 0.349319 0.928477 -0.127585 0.351765 0.927353 -0.108016 0.296065 0.94904 -0.109369 0.298557 0.948105 -0.0909828 0.238733 0.966814 -0.0922331 0.241278 0.966063 -0.0741873 0.173433 0.982047 -0.081787 0.17135 0.98181 -0.0726258 0.133052 0.988445 -0.0922284 0.12765 0.987522 -0.0853064 0.0982427 0.991499 -0.112014 0.0908406 0.989546 -0.106393 0.0663546 0.992108 -0.0539988 -0.433713 0.899431 -0.0524397 -0.439699 0.896613 -0.0383392 -0.436915 0.898685 -0.0457324 -0.406181 0.912648 -0.0200831 -0.400731 0.915975 -0.0290024 -0.358864 0.932939 -0.00673342 -0.353769 0.935309 -0.0144963 -0.313399 0.949511 0.00192229 -0.309447 0.950915 -0.00719827 -0.257568 0.966233 0.00648361 -0.254144 0.967145 -0.00831107 -0.162055 0.986747 -0.00847187 -0.162096 0.986739 -0.0225148 -0.0656031 0.997592 -0.039486 0.0108434 0.999161 -0.0399049 0.0142393 0.999102 -0.0598679 0.114092 0.991665 -0.0559516 0.085935 0.994728 -0.0789511 0.191815 0.97825 -0.0762298 0.169957 0.982499 -0.0928965 0.227907 0.969241 -0.0954094 0.237511 0.966688 -0.107282 0.264473 0.958407 -0.116357 0.293734 0.948779 -0.12932 0.319804 0.938617 -0.144035 0.360559 0.921548 0.0176189 -0.207093 0.978163 -0.00409629 -0.144216 0.989538 -0.014785 -0.115619 0.993184 -0.00444582 -0.14464 0.989474 -0.0380492 -0.153277 0.98745 -0.0585046 -0.0902589 0.994199 -0.0916801 -0.0988025 0.990875 -0.0971955 -0.0793387 0.992098 -0.12072 -0.0854041 0.989006 -0.123474 -0.0741926 0.98957 -0.120215 -0.0733453 0.990035 -0.14104 0.0213568 0.989774 -0.111376 -0.0354068 0.993147 -0.146838 0.119632 0.9819 -0.116883 0.0634547 0.991116 -0.149503 0.201729 0.967964 -0.119156 0.146521 0.982005 -0.150747 0.274824 0.949603 -0.119955 0.220853 0.967902 -0.150629 0.339219 0.928569 -0.119328 0.286641 0.950578 -0.145508 0.381868 0.912691 -0.1135 0.330395 0.936994 -0.142689 0.430016 0.891474 -0.0933345 0.384422 0.918427 -0.106932 0.425289 0.898719 -0.108163 0.424962 0.898726 -0.0921052 0.378444 0.92103 -0.0840654 0.366131 0.926758 -0.111298 0.44148 0.890342 -0.0778491 0.410155 0.908687 -0.10749 0.483074 0.868957 -0.0828915 0.450289 0.889027 -0.073416 0.428035 0.900775 -0.0945507 0.464267 0.880634 -0.118169 0.518211 0.84705 -0.106623 0.492594 0.863703 -0.155669 0.403373 0.901697 -0.161793 0.401874 0.901288 -0.166163 0.400585 0.901067 0.0187369 -0.0150158 0.999712 -0.00721523 0.0425847 0.999067 -0.965926 -0.258818 6.82878e-06 -0.965924 -0.258825 -4.89163e-06 -0.965924 -0.258824 -4.27055e-06 -0.965925 -0.258821 4.57302e-06 -0.965924 -0.258826 -1.62612e-06 -0.965932 -0.258797 -1.08003e-07 -0.965936 -0.258781 8.43717e-05 -0.965928 -0.258812 2.40148e-05 -0.965928 -0.25881 -8.20078e-06 -0.965926 -0.25882 8.81436e-07 -0.966187 -0.257833 0.00192282 -0.965904 -0.258901 9.06155e-05 -0.96591 -0.258877 -8.94073e-05 -0.966003 -0.25853 0.000410467 -0.965934 -0.258789 7.94521e-05 -0.965938 -0.258775 -2.13297e-05 -0.965942 -0.25876 -2.30466e-05 -0.965931 -0.2588 -1.06914e-06 -0.965923 -0.25883 -9.89716e-07 -0.965925 -0.258823 -4.40517e-06 -0.965923 -0.258831 -1.85194e-05 -0.965928 -0.258811 -7.2414e-06 -0.965926 -0.258818 -1.32954e-05 -0.96593 -0.258805 -2.11055e-05 -0.96591 -0.258877 8.61904e-06 -0.965901 -0.258913 -7.45838e-05 -0.965898 -0.258923 -7.9135e-05 -0.965802 -0.259281 -0.000225001 -0.965937 -0.258777 -2.07607e-05 -0.965877 -0.259001 9.53385e-05 -0.965913 -0.258866 2.00802e-05 -0.965943 -0.258755 7.30772e-07 -0.965954 -0.258714 7.89183e-05 -0.965992 -0.258571 0.000170564 -0.965559 -0.260181 -0.00142372 -0.965848 -0.259109 -0.000403558 -0.96656 -0.256434 0.00200981 -0.966014 -0.258491 0.000251593 -0.965923 -0.258829 1.88234e-05 -0.965937 -0.258777 4.1612e-05 -0.965883 -0.258979 -1.28072e-05 -0.965974 -0.25864 0.000204313 -0.965592 -0.260057 -0.00144942 -0.965803 -0.259276 -0.000571766 -0.965992 -0.258573 0.000184711 -0.965767 -0.259409 -0.000417661 -0.966079 -0.258246 0.000308921 0.483851 -0.149454 0.862294 0.598651 -0.218109 0.770743 0.361126 -0.053359 0.930989 -0.354643 0.173023 0.918853 0.195168 -0.00570078 0.980753 0.343659 -0.0657242 0.936792 0.389129 -0.0770293 0.917957 -0.598706 0.269085 0.754417 -0.405021 0.204487 0.891147 -0.284242 -0.230796 0.930559 0.0136657 -0.216641 0.976156 0.707578 -0.337855 0.620634 0.625021 -0.244682 0.741269 0.472221 -0.125163 0.872549 0.419263 -0.0559991 0.906136 0.270319 -0.0372964 0.962048 0.217496 -0.0323232 0.975526 0.663635 -0.104051 0.740785 0.663629 -0.104082 0.740786 0.466632 -0.112148 0.877313 0.468509 -0.104925 0.877206 0.486568 -0.143769 0.861732 0.488425 -0.13699 0.861786 0.481604 -0.136091 0.865758 0.503717 -0.172114 0.846549 0.507504 -0.158832 0.846884 0.541304 -0.191769 0.818666 0.518966 -0.18997 0.833418 0.490125 -0.20344 0.847579 0.536723 -0.207002 0.817972 0.73564 -0.243839 0.631962 0.735631 -0.243865 0.631963 0.646931 -0.24036 0.723676 0.59098 -0.226652 0.774191 0.896422 -0.112038 -0.428807 0.5318 -0.245679 0.810451 0.896421 -0.112053 -0.428804 0.636257 -0.258656 0.726825 0.651026 -0.263248 0.711945 0.698843 -0.281097 0.657726 0.698863 -0.28104 0.657729 0.647007 -0.262654 0.715818 0.645012 -0.268637 0.715397 0.698209 -0.280901 0.658483 0.665992 -0.273231 0.694118 0.67165 -0.27247 0.688946 0.674443 -0.274846 0.685263 0.682167 -0.277109 0.676653 0.788364 -0.322739 0.523758 0.689298 -0.279734 0.668294 0.67567 -0.277588 0.682946 0.673473 -0.277694 0.685069 0.788367 -0.322721 0.523763 0.695202 -0.291484 0.657062 0.696266 -0.288381 0.657305 0.665835 -0.273622 0.694114 0.705458 -0.312328 0.636224 0.707683 -0.306031 0.636813 0.645828 -0.261596 0.717268 0.730241 -0.366469 0.576584 0.708741 -0.336393 0.620102 0.760268 -0.407905 0.505574 0.633453 -0.258138 0.729453 0.646155 -0.287117 0.70714 0.668756 -0.290626 0.684326 0.67221 -0.318441 0.668378 0.688951 -0.321605 0.649551 0.719511 -0.357175 0.595591 0.730239 -0.366475 0.576583 0.570329 -0.238967 0.785888 0.589453 -0.242244 0.770625 0.449484 -0.210023 0.868248 0.47659 -0.222686 0.850455 0.533914 -0.229435 0.813816 0.516885 -0.197938 0.832857 0.54307 -0.232429 0.806878 0.319405 -0.20425 0.925345 0.320616 -0.204743 0.924816 0.221317 -0.217826 0.950563 0.264996 -0.194774 0.944373 0.125536 -0.211131 0.969363 0.0998959 -0.206829 0.973264 0.172321 -0.21539 0.961204 -0.158172 -0.225037 0.961426 -0.0696357 -0.223754 0.972155 0.04184 -0.20986 0.976836 -0.288079 0.147468 0.946184 0.584151 -0.129569 0.801236 -0.723732 0.346437 0.59682 -0.857876 0.356965 0.369629 -0.530318 0.251698 0.809575 -0.0450455 0.0360267 0.998335 0.460713 -0.188668 0.867264 0.523661 -0.173936 0.833982 0.482974 -0.169773 0.859019 0.478245 -0.185829 0.858341 0.443388 -0.186808 0.876647 0.521713 -0.206245 0.827816 0.513651 -0.23189 0.826069 0.426684 -0.129578 0.89507 0.452477 -0.139709 0.880764 0.493888 -0.144472 0.857439 0.475405 -0.113134 0.872463 0.433505 -0.108046 0.89465 0.484196 -0.126479 0.86577 0.4303 -0.120015 0.894672 0.386942 -0.119539 0.914323 0.412303 -0.122804 0.902732 0.440858 -0.120116 0.889504 0.373506 -0.110245 0.921053 0.404073 -0.102146 0.909006 0.285278 -0.0386866 0.957664 0.339966 -0.0436709 0.939423 0.427203 -0.0568588 0.902366 0.422202 -0.0772188 0.903207 0.938589 -0.129731 0.319721 0.428788 -0.0711917 0.900596 0.491418 -0.0821685 0.867039 0.409095 -0.072051 0.909643 0.443761 -0.143415 0.884595 0.363546 -0.0946374 0.926757 0.337507 -0.0828323 0.937671 0.335851 -0.089043 0.937697 0.292045 -0.0796372 0.953083 0.387186 -0.0775598 0.918734 0.421218 -0.0647399 0.904646 0.370299 -0.0465168 0.927747 0.450545 -0.0608135 0.89068 0.250423 -0.0116875 0.968066 0.201033 0.0171907 0.979434 0.184936 0.0219464 0.982506 0.311182 -0.0289132 0.94991 0.276864 -0.0285064 0.960486 0.276676 -0.0292435 0.960518 0.231351 -0.0378429 0.972134 0.231571 -0.0370029 0.972114 0.298652 -0.054641 0.952797 0.251787 -0.0534489 0.966306 0.318465 -0.0684951 0.945457 0.30919 -0.0702617 0.948401 0.380573 -0.0837543 0.92095 0.36263 -0.0878957 0.927779 0.41938 -0.0963715 0.902681 0.40251 -0.0976093 0.910197 0.377692 -0.0943761 0.921109 0.422527 -0.095311 0.901325 0.336442 -0.0852906 0.937834 0.938587 -0.129743 0.319722 0.0895725 0.0470929 0.994866 0.0529652 0.0585643 0.996878 0.0610571 0.0891812 0.994142 0.0221184 0.101485 0.994591 0.184701 -0.0211925 0.982566 -0.225881 0.122588 0.966411 -0.405177 0.220502 0.887249 -0.409661 0.206355 0.888592 -0.424182 0.212097 0.880389 -0.427424 0.201757 0.881251 -0.429768 0.202715 0.87989 -0.290647 0.147788 0.945348 -0.320604 0.158686 0.933826 -0.31628 0.173213 0.932719 -0.333273 0.178427 0.925793 -0.328702 0.19341 0.924418 -0.380052 0.211079 0.900559 -0.373673 0.23095 0.898349 -0.477424 0.226475 0.848985 -0.406384 0.267184 0.873765 -0.414344 0.243772 0.876866 -0.458429 0.259044 0.85014 -0.46464 0.240566 0.852196 -0.488373 0.249491 0.836209 -0.492578 0.236794 0.837434 -0.497833 0.238894 0.833722 -0.500534 0.230614 0.834436 -0.511104 0.234933 0.826789 -0.509485 0.239864 0.826371 -0.420472 0.202058 0.88452 -0.428837 0.205687 0.879654 -0.35237 0.173392 0.919658 -0.354278 0.174233 0.918765 -0.268969 0.138575 0.953128 -0.290552 0.148115 0.945326 -0.198915 0.109666 0.973861 -0.226079 0.121897 0.966452 -0.0999152 0.0706871 0.992482 0.45465 -0.206738 0.866345 0.412161 -0.0505599 0.909707 0.297879 -0.0205016 0.954383 0.350131 -0.0182579 0.936523 0.424507 -0.196139 0.883925 0.320267 -0.19112 0.927848 0.325272 -0.189304 0.926478 0.225651 -0.187727 0.95595 0.230864 -0.185765 0.955088 0.127626 -0.187257 0.973985 0.132686 -0.186194 0.973512 0.0165082 -0.1883 0.981973 0.0216061 -0.187229 0.982079 -0.107013 -0.189724 0.975988 -0.115691 -0.225618 0.967322 -0.225739 -0.229321 0.946813 -0.217082 -0.228657 0.948995 -0.208831 -0.189803 0.959356 -0.111718 -0.189529 0.975499 -0.10207 -0.150013 0.983401 0.0262789 -0.151807 0.988061 0.0188692 -0.153294 0.988001 0.136638 -0.155255 0.978379 0.129323 -0.156719 0.97914 0.233991 -0.158921 0.959162 0.226435 -0.161857 0.960484 0.327452 -0.166738 0.93004 0.320202 -0.169485 0.932065 0.3963 -0.175547 0.901183 0.39006 -0.132804 0.911162 0.314433 -0.122383 0.941358 0.326415 -0.117719 0.937868 0.22233 -0.105721 0.969223 0.234726 -0.100869 0.966814 0.127166 -0.0906652 0.987729 0.139029 -0.0886811 0.98631 0.0183418 -0.0779132 0.996791 0.0303431 -0.0758816 0.996655 -0.096924 -0.0651814 0.993155 -0.107607 -0.107432 0.988372 -0.200639 -0.102029 0.974338 -0.210599 -0.14568 0.966657 -0.11261 -0.146833 0.982731 0.0255272 0.00194984 0.999672 0.133367 -0.0155116 0.990945 0.115663 -0.0176164 0.993132 0.227262 -0.0364378 0.973152 0.208618 -0.0432668 0.97704 0.317153 -0.0629631 0.946282 0.299004 -0.06969 0.951704 0.374388 -0.0843333 0.923429 0.0979301 0.0809796 0.991893 0.191144 0.0560496 0.979961 0.136826 0.0545226 0.989093 0.566115 -0.152468 0.810103 0.47231 -0.129484 0.87187 0.514538 -0.113336 0.849944 0.403072 -0.0866499 0.911057 0.443685 -0.0831283 0.892319 0.339996 -0.058728 0.938591 0.381811 -0.0553415 0.922582 0.30352 -0.0372507 0.952097 0.30782 -0.0357286 0.950774 0.196665 -0.0122431 0.980394 0.218722 -0.00462634 0.975776 0.104795 0.018403 0.994324 0.125709 0.0203185 0.991859 0.0548878 0.0342122 0.997906 0.0438606 -0.00697652 0.999013 -0.108551 -0.0602837 0.992261 -0.209103 -0.0528677 0.976464 -0.197703 -0.00697102 0.980237 -0.110085 -0.0175752 0.993767 -0.098504 0.0261999 0.994792 -0.0263081 0.0150574 0.999541 -0.016628 0.0509424 0.998563 0.0361441 0.0408678 0.998511 0.0434102 0.0679274 0.996745 0.113672 0.052071 0.992153 0.0898963 0.0505231 0.994669 0.205945 0.0237319 0.978276 0.180829 0.0156496 0.98339 0.27324 -0.00616233 0.961926 0.27891 0.0166754 0.960172 0.22556 0.0148739 0.974116 0.368161 -0.024909 0.929428 0.24528 0.0095266 0.969405 0.305412 0.0100207 0.952168 0.172767 0.0482466 0.98378 0.23383 0.0480167 0.971091 0.0844328 0.0917886 0.992193 0.146221 0.0910747 0.985051 0.0535201 0.118817 0.991473 0.0489348 0.101723 0.993609 0.0303664 0.106531 0.993846 0.0221348 0.0761222 0.996853 -0.0273381 0.0869588 0.995837 -0.0353906 0.0575048 0.997718 -0.103784 0.0701873 0.99212 -0.114711 0.0299357 0.992948 -0.188095 0.0410656 0.981292 -0.200448 -0.00639319 0.979684 -0.359343 0.0152452 0.933081 0.102083 0.00436877 0.994766 0.104924 0.00373067 0.994473 0.107872 0.0148954 0.994053 0.036787 0.0369862 0.998638 0.0857771 0.0326381 0.99578 0.00810903 0.0576971 0.998301 0.0144511 0.081374 0.996579 -0.0370757 0.0980552 0.99449 -0.0277668 0.131983 0.990863 -0.0666295 0.144519 0.987256 -0.0602545 0.167 0.984114 -0.0688826 0.169664 0.983092 -0.0695204 0.167447 0.983427 -0.0816108 0.170867 0.981908 -0.0891914 0.144603 0.985462 -0.124029 0.153108 0.980395 -0.134981 0.115002 0.984152 -0.200964 0.128487 0.971136 -0.211142 0.0925254 0.973066 -0.259319 0.10094 0.960502 -0.271435 0.0562205 0.960813 -0.278711 0.179392 0.943472 0.385688 0.0193183 0.922427 -0.268882 0.191164 0.944012 -0.258162 0.225097 0.939512 -0.220118 0.215206 0.951438 -0.217698 0.22286 0.950232 -0.193625 0.215811 0.957045 -0.199224 0.197676 0.959809 -0.183733 0.192798 0.963884 -0.191989 0.165148 0.967402 -0.165178 0.156228 0.973812 -0.17208 0.132263 0.976164 -0.108979 0.110478 0.987886 -0.114187 0.0917003 0.989218 -0.0389254 0.065693 0.99708 -0.04221 0.0535616 0.997672 -0.0448997 0.0547836 0.997488 -0.133558 0.0869994 0.987215 -0.129702 0.100907 0.986405 -0.203796 0.127548 0.970669 -0.198804 0.144933 0.969263 -0.237418 0.158365 0.958412 -0.230797 0.180614 0.956092 -0.258122 0.189609 0.947323 -0.24962 0.216997 0.943717 -0.279101 0.226063 0.933273 -0.274201 0.241147 0.930947 -0.299338 0.248169 0.921308 -0.302572 0.238424 0.922824 0.0322891 0.027518 0.9991 0.0351272 0.0268298 0.999023 0.0377012 0.0364764 0.998623 -0.023167 0.0566295 0.998126 -0.0186643 0.0733203 0.997134 -0.0825478 0.0946562 0.992082 -0.0752335 0.121095 0.989786 -0.126355 0.13809 0.982327 -0.11771 0.168158 0.978707 -0.132392 0.172864 0.976007 -0.126844 0.191626 0.973237 -0.136432 0.194519 0.971364 -0.137551 0.190796 0.971945 -0.164476 0.19817 0.966269 -0.17388 0.16699 0.970505 -0.209863 0.175391 0.961871 -0.222031 0.134423 0.965729 -0.281816 0.146168 0.948269 -0.261808 0.101407 0.959778 0.594366 -0.250825 0.764078 0.632883 -0.265134 0.727436 0.630709 -0.266084 0.728975 0.66881 -0.290476 0.684337 0.666717 -0.291214 0.686063 0.691805 -0.31417 0.650156 0.690197 -0.313815 0.652035 0.718439 -0.345305 0.60383 0.618199 -0.232533 0.750838 0.665875 -0.252177 0.702152 0.655063 -0.260528 0.709237 0.689496 -0.278092 0.668775 0.681002 -0.28034 0.676495 0.709202 -0.296365 0.639687 0.695172 -0.29148 0.657096 0.628029 -0.248874 0.73732 0.670544 -0.271091 0.690565 0.664557 -0.274731 0.694901 0.693957 -0.295297 0.656676 0.689315 -0.295607 0.661409 0.721883 -0.322233 0.612414 0.705466 -0.312331 0.636214 -0.440469 -0.182133 0.879099 -0.202898 -0.190184 0.960553 -0.193353 -0.147248 0.970017 -0.10893 -0.149465 0.982748 -0.0987637 -0.108484 0.98918 0.0291558 -0.114707 0.992971 0.0195266 -0.116509 0.992998 0.138731 -0.122781 0.982689 0.129222 -0.124547 0.983763 0.235267 -0.130661 0.963108 0.225387 -0.134549 0.964934 0.327832 -0.14291 0.933864 0.318331 -0.146595 0.936576 0.402054 -0.15565 0.902289 0.411361 -0.152069 0.898697 0.468298 -0.160535 0.868865 0.449935 -0.162887 0.878081 0.53974 -0.179005 0.82258 0.521032 -0.185845 0.833059 0.592491 -0.203965 0.779328 0.574866 -0.209828 0.790887 0.634112 -0.229933 0.738263 0.613969 -0.235821 0.75328 0.669077 -0.261484 0.695674 0.660857 -0.267236 0.701322 0.692635 -0.286354 0.66201 0.686209 -0.287479 0.668186 0.702202 -0.298386 0.646435 0.708164 -0.299499 0.639377 0.383107 -0.217774 0.897666 0.433938 -0.198306 0.878847 0.435525 -0.193041 0.879235 0.540435 -0.208493 0.815144 0.530022 -0.211689 0.821136 0.593995 -0.228076 0.771461 0.584347 -0.230403 0.778109 0.635949 -0.250505 0.729942 0.621986 -0.252764 0.74111 0.670427 -0.280839 0.686773 0.66645 -0.282803 0.689831 0.693646 -0.304668 0.652712 0.690579 -0.304473 0.656047 0.676646 -0.264441 0.687183 0.6626 -0.269991 0.698618 0.666407 -0.258523 0.699333 0.649125 -0.266061 0.712634 0.653638 -0.252327 0.713505 0.621207 -0.259251 0.739521 0.622104 -0.256589 0.739695 0.572356 -0.241538 0.783624 0.648655 -0.234958 0.723907 0.667349 -0.269213 0.694385 0.633302 -0.261714 0.728309 0.634405 -0.258377 0.728541 0.599665 -0.23716 0.764302 0.597435 -0.244137 0.763851 0.554629 -0.222358 0.801838 0.554203 -0.22372 0.801753 0.506774 -0.202415 0.837979 0.513307 -0.18052 0.839004 0.36461 -0.0592406 0.929274 0.455764 -0.0826341 0.886257 0.398626 -0.0859997 0.913073 0.494591 -0.109172 0.862242 0.433924 -0.130547 0.891441 0.439508 -0.158424 0.884158 0.484386 -0.153306 0.861318 0.478063 -0.175433 0.860627 0.537856 -0.152089 0.829204 0.526708 -0.191398 0.828218 0.577686 -0.170253 0.798306 0.567801 -0.204567 0.797342 0.599459 -0.21546 0.77086 0.590165 -0.18498 0.785804 0.525204 -0.168776 0.834072 0.535886 -0.12944 0.834309 0.476169 -0.114977 0.871805 0.453871 -0.0901647 0.886494 0.419647 -0.0683893 0.905107 0.422491 -0.0568694 0.904581 0.309116 -0.026285 0.950661 0.425475 -0.169674 0.888922 0.482563 -0.149801 0.862956 0.468548 -0.197822 0.861005 0.531345 -0.173094 0.829283 0.518102 -0.217481 0.827207 0.577024 -0.192156 0.793801 0.565211 -0.231125 0.791908 0.615116 -0.208849 0.760273 0.605112 -0.241334 0.758681 0.629951 -0.219125 0.745082 0.621572 -0.245992 0.743732 0.642892 -0.22709 0.731519 0.635596 -0.250218 0.730348 0.653123 -0.235059 0.719845 -0.433498 -0.0821924 0.897398 -0.198823 -0.102281 0.974684 -0.187815 -0.0563249 0.980588 -0.107893 -0.0634538 0.992135 -0.0967123 -0.0201827 0.995108 0.0296956 -0.0353088 0.998935 0.0149853 -0.03748 0.999185 0.137372 -0.0528884 0.989107 0.122816 -0.0549964 0.990904 0.232185 -0.0694474 0.970189 0.216917 -0.0752842 0.973283 0.32298 -0.0910652 0.942014 0.308167 -0.0967459 0.9464 0.395927 -0.11133 0.911508 0.39956 -0.109918 0.910093 0.461256 -0.121973 0.878843 0.432645 -0.125234 0.892824 0.532163 -0.146338 0.833899 0.502623 -0.15784 0.849975 0.584139 -0.178181 0.791854 0.555867 -0.189034 0.809493 0.625349 -0.209218 0.751775 0.596267 -0.220127 0.772017 0.660671 -0.243329 0.710145 0.646806 -0.254796 0.718833 0.684295 -0.270727 0.677087 0.67328 -0.274445 0.686567 0.691116 -0.282665 0.665176 0.688321 -0.282671 0.668065 0.501528 -0.0631014 0.862837 0.410921 -0.0528687 0.910137 0.406355 -0.071412 0.91092 0.365553 -0.0654707 0.928485 0.368466 -0.0654251 0.927336 0.310387 -0.0545111 0.949046 0.313281 -0.0545877 0.94809 0.25222 -0.0405846 0.966818 0.255111 -0.0407788 0.966051 0.187335 -0.0224854 0.982039 0.189339 -0.014831 0.9818 0.151754 -0.00366552 0.988411 0.15689 0.0160648 0.987485 0.128086 0.0247352 0.991455 0.13504 0.05161 0.989495 0.111161 0.0589423 0.992053 0.384266 -0.0555457 0.92155 0.341618 -0.0479121 0.938617 0.312544 -0.046099 0.948784 0.282681 -0.0393315 0.958407 0.253379 -0.036127 0.966692 0.243813 -0.0335032 0.969243 0.185288 -0.0189591 0.982501 0.205593 -0.0275357 0.97825 0.102381 0.0054915 0.99473 0.128739 -0.00520006 0.991665 0.0322688 0.0274423 0.999102 0.0291321 0.0287715 0.999161 -0.045573 0.0523049 0.997591 -0.136156 0.0883861 0.986737 -0.136194 0.0882489 0.986744 -0.22329 0.121457 0.967156 -0.219402 0.135061 0.966241 -0.26882 0.153073 0.950949 -0.264021 0.169312 0.94954 -0.302782 0.182742 0.935376 -0.296042 0.204632 0.932998 -0.336649 0.217801 0.916095 -0.328532 0.242771 0.912759 -0.368068 0.254423 0.894312 -0.363411 0.268007 0.892247 -0.420944 0.282498 0.861975 -0.204293 0.212242 0.955624 -0.175856 0.0405009 0.983582 -0.204057 0.0447185 0.977937 -0.192383 0.0876929 0.977394 -0.122816 0.0751765 0.989578 -0.113448 0.108785 0.98757 -0.0485855 0.0950135 0.99429 -0.0393365 0.128249 0.990962 -0.0196725 0.123288 0.992176 -0.0130971 0.146938 0.989059 -0.00201957 0.143723 0.989616 -0.00286472 0.14066 0.990054 0.0895643 0.111352 0.989737 0.0255004 0.11405 0.993148 0.177565 0.0672342 0.98181 0.11387 0.0693855 0.99107 0.249991 0.0284892 0.967829 0.186941 0.0298155 0.981919 0.313898 -0.00698314 0.949431 0.251698 -0.00666235 0.967783 0.369595 -0.03929 0.928362 0.308354 -0.0401064 0.950426 0.40396 -0.0650562 0.91246 0.343319 -0.067039 0.936823 0.444234 -0.0915792 0.891218 0.38001 -0.111537 0.918233 0.422193 -0.120194 0.898502 0.422522 -0.11898 0.89851 0.374041 -0.109599 0.920914 0.359278 -0.110408 0.926676 0.438261 -0.124514 0.890182 0.394282 -0.137851 0.908592 0.472354 -0.148648 0.868784 0.431549 -0.153572 0.888921 0.407448 -0.150641 0.900718 0.449461 -0.150454 0.880539 0.324235 -0.135092 0.936281 0.492427 -0.149757 0.857373 0.720661 -0.325913 0.611906 0.706225 -0.319299 0.631897 0.7113 -0.327738 0.621804 0.258818 0.965926 -9.7345e-06 0.258838 0.965921 2.48037e-05 0.258821 0.965925 1.162e-05 0.258814 0.965927 -5.62836e-06 0.25883 0.965923 1.23411e-05 0.25876 0.965942 8.72645e-06 0.258953 0.96589 0.000266223 0.258819 0.965926 1.24108e-07 0.258818 0.965926 3.98152e-06 0.258816 0.965927 5.8042e-06 0.258747 0.965945 -2.33731e-05 0.259054 0.965863 5.52371e-05 0.25892 0.965899 5.8967e-05 0.258775 0.965938 -4.59934e-05 0.26125 0.965261 0.00436062 0.258746 0.965946 5.57221e-05 0.258757 0.965942 -3.32361e-05 0.259046 0.965865 0.000381967 0.258957 0.965889 0.000268908 0.259095 0.965852 8.89964e-05 0.25882 0.965926 5.88827e-06 0.258827 0.965924 5.16007e-06 0.258822 0.965925 3.07932e-06 0.258794 0.965932 3.15416e-06 0.258813 0.965928 -6.03675e-06 0.258824 0.965925 1.4618e-05 0.258868 0.965913 3.98943e-05 0.258807 0.965929 -1.22164e-05 0.258824 0.965925 -2.18861e-05 0.258839 0.96592 2.39462e-05 0.25933 0.965789 0.000260839 0.258319 0.96606 -0.000150764 0.259077 0.965857 0.000207241 0.257531 0.96627 -0.000781554 0.258862 0.965914 8.79709e-08 0.25895 0.965891 3.8536e-05 0.258865 0.965914 1.54532e-05 0.262914 0.964808 0.00457326 0.259805 0.965661 0.00106196 0.256681 0.966495 -0.00175716 0.262084 0.965041 0.00286711 0.257433 0.966295 -0.00121602 0.256084 0.96665 -0.00278841 0.256867 0.966445 -0.00190984 0.257388 0.966308 -0.000953009 0.259306 0.965795 0.000429246 0.258655 0.96597 2.23711e-05 0 0 1 0 0 1 0 0 1 0 0 1 0 0 1 0 0 1 0 0 1 0 0 1 0 0 1 0 0 1 0 0 1 0 0 1 0 0 1 0 0 1 0 0 1 0 0 1 0 0 1 0 0 1 0 0 1 0 0 1 0 0 1 0 0 1 0 0 1 0 0 1 0 0 1 0 0 1 0 0 1 0 0 1 0 0 1 0 0 1 0 0 1 0 0 1 0 0 1 0 0 1 0 0 1 0 0 1 0 0 1 0 0 1 0 0 1 0 0 1 0 0 1 0 0 1 0 0 1 0 0 1 0 0 1 0 0 1 0 0 1 0 0 1 0 0 1 0 0 1 0 0 1 0 0 1 0 0 1 0 0 1 0 0 1 0 0 1 0 0 1 0 0 1 0 0 1 0 0 1 0 0 1 0 0 1 0 0 1 0 0 1 0 0 1 0 0 1 0 0 1 0 0 1 0 0 1 0 0 1 0 0 1 0 0 1 0 0 1 0 0 1 0 0 1 0 0 1 0 0 1 0 0 1 0 0 1 0 0 1 0 0 1 0 0 1 0 0 1 0 0 1 0 0 1 0 0 1 0 0 1 0 0 1 0 0 1 0 0 1 0 0 1 0 0 1 0 0 1 0 0 1 0 0 1 0 0 1 0 0 1 0 0 1 0 0 1 0 0 1 0 0 1 0 0 1 0 0 1 0 0 1 0 0 1 0 0 1 0 0 1 0 0 1 0 0 1 0 0 1 0 0 1 0 0 1 0 0 1 0 0 1 0 0 1 0 0 1 0 0 1 0 0 1 0 0 1 0 0 1 0 0 1 0 0 1 0 0 1 0 0 1 0 0 1 0 0 1 0 0 1 0 0 1 0 0 1 0 0 1 0 0 1 0 0 1 0 0 1 0 0 1 0 0 1 0 0 1 0 0 1 0 0 1 0 0 1 0 0 1 0 0 1 0 0 1 0 0 1 0 0 1 0 0 1 0 0 1 0 0 1 0 0 1 0 0 1 0 0 1 0 0 1 0 0 1 0 0 -1 0 0 -1 0 0 -1 0 0 -1 0 0 -1 0 0 -1 0 0 -1 0 0 -1 0 0 -1 0 0 -1 0 0 -1 0 0 -1 0 0 -1 0 0 -1 0 0 -1 0 0 -1 0 0 -1 0 0 -1 0 0 -1 0 0 -1 0 0 -1 0 0 -1 0 0 -1 0 0 -1 0 0 -1 0 0 -1 0 0 -1 0 0 -1 0 0 -1 0 0 -1 0 0 -1 0 0 -1 0 0 -1 0 0 -1 0 0 -1 0 0 -1 0 0 -1 0 0 -1 0 0 -1 0 0 -1 0 0 -1 0 0 -1 0 0 -1 0 0 -1 0 0 -1 0 0 -1 0 0 -1 0 0 -1 0 0 -1 0 0 -1 0 0 -1 0 0 -1 0 0 -1 0 0 -1 0 0 -1 0 0 -1 0 0 -1 0 0 -1 0 0 -1 0 0 -1 0 0 -1 0 0 -1 0 0 -1 0 0 -1 0 0 -1 0 0 -1 0 0 -1 0 0 -1 0 0 -1 0 0 -1 0 0 -1 0 0 -1 0 0 -1 0 0 -1 0 0 -1 0 0 -1 0 0 -1 0 0 -1 0 0 -1 0 0 -1 0 0 -1 0 0 -1 0 0 -1 0 0 -1 0 0 -1 0 0 -1 0 0 -1 0 0 -1 0 0 -1 0 0 -1 0 0 -1 0 0 -1 0 0 -1 0 0 -1 0 0 -1 0 0 -1 0 0 -1 0 0 -1 0 0 -1 0 0 -1 0 0 -1 0 0 -1 0 0 -1 0 0 -1 0 0 -1 0 0 -1 0 0 -1 0 0 -1 0 0 -1 0 0 -1 0 0 -1 0 0 -1 0 0 -1 0 0 -1 0 0 -1 0 0 -1 0 0 -1 0 0 -1 0 0 -1 0 0 -1 0 0 -1 0 0 -1 0 0 -1 0 0 -1 0 0 -1 0 0 -1 0 0 -1 0 0 -1 0 0 -1 0 0 -1 0 0 -1 0 0 -1 0 0 -1 0 0 -1 0 0 -1 0 0 -1 0 0 -1 0 0 -1 0 0 -1 0 0 -1 0 0 -1 0 0 -1 0 0 -1 0 0 -1 0 0 -1 0 0 -1 0 0 -1 0 0 -1 0 0 -1 0 0 -1 0 0 -1 0 0 -1 -0.0614481 0.99811 7.08287e-07 0.764186 -0.644996 0 0.858622 -0.512608 -0.00144269 0.822604 -0.568615 1.89876e-05 0.764343 -0.64481 4.08582e-05 0.931305 -0.364228 -0.0029077 0.907285 -0.420517 2.94567e-05 0.864671 -0.502339 3.01028e-05 0.979635 -0.200774 -0.00226672 0.965201 -0.261511 0.000188723 0.941124 -0.338062 0.000181888 0.993182 0.116562 -0.00165661 0.999884 -0.0152266 0.000983182 0.999161 -0.040904 -0.00223207 0.994499 -0.104745 0.000157993 0.983402 -0.181438 0.000150295 0.972423 0.229221 0.0430207 0.970791 0.237004 0.0373497 0.967486 0.251476 0.0270486 0.962675 0.270294 0.0140542 0.960449 0.278323 0.00864094 0.965796 0.258381 0.0218496 0.967112 0.253094 0.0252489 0.9631 0.268705 0.0153586 0.956273 0.292476 0.000339257 0.949907 0.312295 -0.0121672 0.944622 0.327441 -0.0217255 0.960224 0.279222 -0.00208857 0.966392 0.257014 -0.00558342 0.973249 0.229538 -0.00995922 0.973894 0.226763 -0.0104111 0.973777 0.227271 -0.0103248 0.962181 0.272404 -0.00206943 0.978807 0.204783 1.30763e-05 0.992207 0.124599 -0.000290915 0.993392 0.114024 0.0130813 0.993119 0.116554 0.01136 0.998596 0.0529649 3.54261e-05 0.98822 0.152998 0.00367208 0.984035 0.177976 0.000310626 0.962182 0.272404 0.00143091 0.973988 0.220986 0.0501244 0.971028 0.235963 0.0377607 0.999992 0.00406802 5.4818e-05 0.999073 -0.0409004 0.0134256 0.997061 -0.0766165 -0.0002266 0.990993 -0.13391 -0.000182445 0.979609 -0.200768 0.00768223 0.976419 -0.215882 0.000499263 0.935908 -0.352245 0.000577706 0.931298 -0.364226 0.00485559 0.90191 -0.431924 -7.14703e-06 0.86914 -0.494567 3.3902e-05 0.858614 -0.512603 0.00441128 0.827573 -0.561358 -5.35926e-06 0.780577 -0.62506 2.69119e-05 0.764178 -0.644989 0.00448936 0.725251 -0.688485 0 0.676952 0.736028 1.44778e-07 0.776924 0.629595 -0.000549538 0.729606 0.683819 -0.00824853 0.745254 0.665395 -0.0429629 0.716747 0.697318 -0.00463029 0.689267 0.724507 4.02616e-05 0.776267 0.630405 0.000116646 0.72963 0.683841 0.00144475 0.793881 0.607467 0.0271491 0.746463 0.665374 0.0083748 0.633537 0.773712 2.79195e-05 0.607321 0.794365 -0.0120441 0.566738 0.823898 -2.94983e-05 0.519973 0.854182 1.39339e-05 0.465709 0.884907 -0.00739866 0.44732 0.894374 -0.000591881 0.307119 0.951654 -0.00567283 0.335184 0.942153 9.90221e-06 0.388498 0.92145 -3.44383e-07 0.145715 0.989319 -0.00381591 0.181704 0.983353 3.33554e-05 0.251392 0.967885 -2.50795e-05 -0.0593083 0.99824 1.5334e-05 -0.0446246 0.999004 -7.77696e-05 -0.0208181 0.999783 -0.000611014 0.00403305 0.99999 -0.00191596 0.0306969 0.999529 -1.54491e-06 0.103767 0.994602 -3.37004e-07 -0.142056 0.989858 0.00109992 -0.0869895 0.995479 0.0381375 -0.0910224 0.995215 0.0355219 -0.098769 0.994641 0.030576 -0.105535 0.994063 0.0264669 -0.112252 0.993427 0.0224192 -0.119328 0.992687 0.0182538 -0.128496 0.991626 0.012911 -0.143751 0.989605 0.00414384 -0.121029 0.992642 -0.0036688 -0.101071 0.99486 -0.00610713 -0.142056 0.989858 -0.00104187 -0.0760867 0.997101 -0.000110274 -0.0746644 0.997209 -9.15572e-05 -0.0700348 0.997545 -4.06829e-05 -0.0721676 0.997393 -6.30182e-05 -0.0680948 0.997679 -2.61966e-05 0.0215835 0.999653 0.0150921 0.00403297 0.999969 0.00670383 -0.0126392 0.999909 0.00476963 -0.0316113 0.999499 0.00186159 -0.0429633 0.999077 0.000553687 -0.0513799 0.998679 0.000178272 -0.0548051 0.998497 6.82147e-05 -0.0575689 0.998342 1.34279e-05 0.145698 0.989204 0.0157248 0.0953367 0.995441 -0.00272158 0.045149 0.99898 0.000984746 0.372688 0.927957 -5.11413e-05 0.310443 0.950553 0.00864392 0.307105 0.95161 0.0112193 0.236698 0.971583 4.94744e-05 0.180737 0.983532 -0.000125662 0.407329 0.913282 8.01702e-05 0.465694 0.88488 0.0108006 0.45194 0.891854 0.0186422 0.650032 0.759906 -4.90591e-05 0.594387 0.804116 0.0101069 0.607364 0.794421 0.00202392 0.541758 0.840534 4.03167e-06 0.497649 0.867379 -3.30678e-05 -0.680534 0.732717 0 -0.680534 0.732717 0 -0.591692 0.806164 0 -0.591692 0.806164 0 -0.456596 0.889674 0 -0.456596 0.889674 0 -0.305357 0.952238 0 -0.305357 0.952238 0 -0.151013 0.988532 0 -0.134739 0.990879 -0.00199122 0.780342 0.625354 0 0.830014 0.557743 0 0.830014 0.557743 0 0.907448 0.420164 0 0.907448 0.420164 0 0.956226 0.29263 0 0.960103 0.27964 -0.00202356 -0.280037 -0.268416 0.921701 -0.161724 -0.199429 0.966475 -0.499943 -0.396106 0.770167 -0.538789 -0.413101 0.734203 -0.162702 -0.252312 0.953869 -0.0741182 -0.124666 0.989427 -0.283851 -0.29977 0.910805 -0.353751 -0.318265 0.879527 -0.406683 -0.351392 0.843287 -0.394781 -0.320631 0.861014 -0.123483 0.271639 0.954444 -0.344256 -0.425562 0.83689 -0.191421 -0.303048 -0.933552 0.575726 0.750452 0.324595 -0.58014 -0.624741 0.522624 -0.573376 -0.635437 0.517164 -0.576809 -0.595026 0.559674 -0.586 -0.611275 0.531928 -0.590693 -0.604502 0.534471 -0.502622 -0.411962 0.760038 -0.502639 -0.411999 0.760007 -0.661343 -0.725031 0.192241 -0.536516 -0.414253 0.735218 -0.553837 -0.4243 0.716403 -0.566474 -0.438291 0.697859 -0.563751 -0.441428 0.698088 -0.553838 -0.424303 0.716401 -0.574654 -0.443573 0.687761 -0.572795 -0.442006 0.690316 -0.59376 -0.456817 0.662395 -0.595056 -0.45534 0.662249 -0.606155 -0.461949 0.647441 -0.605014 -0.463253 0.647577 -0.606159 -0.461964 0.647426 -0.554687 -0.431042 0.711706 -0.550523 -0.428975 0.716174 -0.613879 -0.459675 0.641756 -0.61615 -0.457047 0.641457 -0.617081 -0.45595 0.641343 -0.632509 -0.461779 0.621846 -0.6338 -0.460293 0.621633 -0.63248 -0.461784 0.621872 -0.530725 -0.421006 0.735585 -0.558386 -0.430445 0.70917 -0.63331 -0.453938 0.626784 -0.640239 -0.445682 0.625669 -0.639177 -0.446981 0.625829 -0.667237 -0.452381 0.591732 -0.665976 -0.453835 0.592039 -0.667259 -0.452391 0.591699 -0.719752 -0.460559 0.519464 -0.770571 -0.464511 0.436406 -0.631806 -0.446655 0.633498 -0.650486 -0.444828 0.615627 -0.619852 -0.438147 0.651007 -0.5383 -0.440641 0.718379 -0.582357 -0.407974 0.703148 -0.576349 -0.443662 0.686284 -0.596852 -0.436562 0.673187 -0.619073 -0.436953 0.652549 -0.527718 -0.423101 0.736545 -0.535767 -0.421351 0.731722 -0.52206 -0.402039 0.752209 -0.479486 -0.370832 0.795347 -0.486547 -0.381646 0.785887 -0.493026 -0.398342 0.773466 -0.493958 -0.398031 0.773031 -0.508082 -0.399637 0.762983 -0.442973 -0.34355 0.828099 -0.442544 -0.367483 0.817993 -0.448149 -0.366579 0.815342 -0.463659 -0.366177 0.806805 -0.375415 -0.234142 0.896795 -0.399835 -0.282767 0.87188 -0.405064 -0.297915 0.86439 -0.416088 -0.302165 0.857652 -0.432562 -0.322297 0.84203 -0.326761 -0.175719 0.928628 -0.353444 -0.203252 0.913108 -0.373607 -0.259985 0.890408 -0.358316 -0.127802 0.924812 -0.267838 -0.105758 0.957642 -0.279111 -0.0837246 0.956602 -0.275345 -0.0423899 0.96041 -0.248652 0.0175817 0.968433 -0.248512 0.0247886 0.968312 -0.073516 0.337175 0.938567 -0.12075 0.277859 0.953003 -0.0846762 0.345442 0.934612 -0.0777177 0.359085 0.930064 0.0407981 0.256177 0.965768 0.0341711 0.262283 0.964386 0.155023 0.333515 0.929912 0.184682 0.189565 0.964343 0.239899 0.272763 0.931691 0.0717381 0.119471 0.990243 0.124146 0.206554 0.970527 0.272977 0.158618 0.948854 0.463272 0.40274 0.789417 0.355029 0.14186 0.924029 0.337812 0.159852 0.92754 0.196899 0.0182617 0.980254 0.288484 0.143157 0.946722 0.433719 0.212176 0.875711 0.438274 0.206879 0.874709 0.333426 0.203688 0.92051 0.494686 0.327415 0.805037 0.408275 0.255598 0.876345 0.161019 0.148562 -0.975706 -0.288624 -0.31617 0.903733 -0.279073 -0.295499 0.913673 -0.273587 -0.286344 0.918236 -0.310697 -0.32466 0.893344 -0.319168 -0.316124 0.893419 -0.359874 -0.332754 0.871645 -0.388064 -0.303424 0.870253 -0.378668 -0.290602 0.878727 -0.499526 -0.415378 0.76022 0.200211 0.431861 0.879438 -0.312536 -0.272065 0.910111 -0.322312 -0.314837 0.892744 -0.354158 -0.28215 0.891607 -0.382 -0.515069 0.76732 -0.281969 -0.374013 0.88352 -0.242406 -0.318077 0.916551 -0.267917 -0.352136 0.896783 -0.275372 -0.362111 0.890531 -0.251274 -0.329002 0.910285 -0.271445 -0.352208 0.895694 -0.239059 -0.310958 0.919868 -0.170564 -0.190681 0.96672 -0.193579 -0.228511 0.954102 -0.211175 -0.21104 0.954394 0.0569182 0.0417248 -0.997507 -0.301848 -0.370723 0.878323 -0.304033 -0.368601 0.878463 -0.265635 -0.317628 0.910248 -0.264442 -0.316357 0.911037 -0.239075 -0.284169 0.928489 -0.229662 -0.293294 0.928027 -0.205326 -0.261409 0.943137 0.00438888 -0.115846 0.993258 0.0535949 -0.0889973 0.994589 0.134208 -0.0294972 0.990514 0.457338 0.324291 0.828056 0.454199 0.312355 0.834349 0.333604 0.209362 0.919171 0.461328 0.302642 0.834017 0.354423 0.208952 0.91144 0.333668 0.193022 0.922718 0.291989 0.156995 0.943449 0.27052 0.140525 0.952403 0.234449 0.109462 0.965946 0.211476 0.0937161 0.97288 0.156363 0.046044 0.986626 0.130812 0.0319965 0.990891 0.0774568 -0.0151108 0.996881 0.0656351 -0.00323886 0.997838 0.0804355 0.00525071 0.996746 0.143162 0.0594956 0.987909 0.157988 0.0677268 0.985116 0.222371 0.122008 0.967298 0.235801 0.131098 0.962918 0.280858 0.168755 0.944797 0.293508 0.178227 0.939195 0.343881 0.220321 0.9128 0.356205 0.229513 0.905783 0.407505 0.272413 0.871625 -0.255318 -0.292957 0.921406 -0.254751 -0.290772 0.922255 -0.144565 -0.178158 0.973325 -0.144083 -0.178634 0.973309 -0.105912 -0.154721 0.982265 -0.111379 -0.149316 0.982497 -0.109642 -0.14816 0.982867 0.0106867 -0.038836 0.999188 0.555103 0.391178 0.734058 0.476423 0.340009 0.810811 0.423955 0.297636 0.85538 0.411751 0.288047 0.864575 0.351067 0.239949 0.905084 0.348375 0.237914 0.90666 0.2869 0.188965 0.939138 0.284812 0.187376 0.940092 0.228221 0.142107 0.963183 0.226438 0.140798 0.963795 0.150174 0.0789277 0.985504 0.148273 0.0776223 0.985896 0.0736856 0.0151261 0.997167 0.0718882 0.0138481 0.997317 0.00920074 -0.040396 0.999141 0.0160689 -0.0472527 0.998754 -0.0921756 -0.128708 0.98739 -0.0323541 -0.0767094 0.996528 0.0102046 -0.0383536 0.999212 -0.00503102 -0.050087 0.998732 0.0732526 0.0155624 0.997192 0.0478214 -0.00265363 0.998852 0.149828 0.0792812 0.985528 0.128235 0.0644941 0.989645 0.227909 0.14243 0.963209 0.207743 0.127872 0.96979 0.287499 0.188335 0.939082 0.265922 0.17263 0.948411 0.352639 0.238262 0.904918 0.335318 0.22569 0.914673 0.427024 0.294254 0.855024 0.41458 0.28514 0.864187 0.488225 0.340444 0.803576 -0.407692 -0.411643 0.815069 -0.339091 -0.340012 0.877159 -0.346223 -0.386498 0.854838 -0.29142 -0.34775 0.891148 -0.282504 -0.339394 0.89722 -0.264649 -0.301172 0.916109 -0.238911 -0.326083 0.914654 -0.215467 -0.279823 0.93556 -0.195365 -0.299149 0.933993 -0.224574 -0.279733 0.933443 -0.210654 -0.29319 0.932558 -0.123075 -0.207355 0.970493 -0.204466 0.10904 0.972781 -0.211826 0.089852 0.973168 -0.194786 0.0725814 0.978157 -0.23248 0.000794292 0.972601 -0.231282 0.00454294 0.972876 -0.28212 -0.0907827 0.955074 -0.281446 -0.086719 0.95565 -0.316348 -0.147062 0.937175 -0.324572 -0.168228 0.930781 -0.338858 -0.255954 0.905352 -0.294098 -0.192477 0.936194 -0.2954 -0.20116 0.933956 -0.237722 -0.114106 0.964608 -0.239017 -0.123157 0.963174 -0.180078 -0.0291216 0.983221 -0.182782 -0.0370954 0.982453 -0.14078 0.0309878 0.989556 -0.165605 0.0558774 0.984608 -0.122504 0.130853 0.983804 -0.14917 0.156852 0.976292 -0.0990475 0.249122 0.963394 -0.0966959 0.252919 0.962643 -0.0573093 0.323013 0.944658 -0.297196 -0.271003 0.91555 -0.248836 -0.210134 0.945476 -0.250855 -0.223936 0.941767 -0.185284 -0.137916 0.972959 -0.187356 -0.15216 0.970436 -0.119659 -0.0598703 0.991008 -0.124227 -0.0719719 0.98964 -0.0778298 -0.00777428 0.996936 -0.104065 0.0184352 0.9944 -0.0585943 0.0863194 0.994543 -0.0869504 0.11413 0.989653 -0.0285712 0.207218 0.977878 0.000788733 0.259765 0.965672 0.0126681 0.280198 0.959859 0.0857881 0.411857 0.907201 0.0661571 -0.0775691 0.99479 0.0829489 -0.0943444 0.992078 0.0321417 -0.130084 0.990982 0.0374222 -0.135294 0.990099 -0.0119043 -0.170301 0.98532 0.0132352 -0.124572 0.992122 -0.0197157 -0.177545 0.983915 -0.0321247 -0.165458 0.985693 -0.062764 -0.218024 0.973923 -0.0857201 -0.195824 0.976885 -0.0951824 -0.183202 0.978457 -0.013156 -0.0922085 0.995653 -0.0223252 -0.111882 0.993471 0.0297782 -0.0533972 0.998129 0.00709639 -0.0306848 0.999504 0.0534199 0.0251627 0.998255 0.0245928 0.0539846 0.998239 0.0103923 -0.115611 0.99324 0.0638362 -0.0586762 0.996234 0.0455492 -0.040295 0.998149 0.0912436 0.0116488 0.995761 0.0663941 0.0367103 0.997118 0.0816618 0.130898 0.988027 0.0267518 0.0567884 0.998028 0.151753 0.144044 0.977866 0.136555 0.12222 0.983064 0.165673 0.09261 0.981823 0.106753 0.0246713 0.993979 0.126841 0.00421537 0.991914 0.0820089 -0.0442924 0.995647 0.0986889 -0.0611591 0.993237 0.0799575 -0.0870759 0.992988 0.148487 -0.0366086 0.988237 0.287314 0.0994541 0.952659 0.37044 0.203265 0.906343 0.237652 0.0789466 0.968137 0.219286 0.0982524 0.970701 0.157284 -0.0456524 0.986498 0.160172 -0.0419305 0.986198 0.204824 -0.00999735 0.978748 0.205954 -0.0111808 0.978498 0.233445 0.0226968 0.972105 0.247086 0.0323582 0.968453 -0.0945096 -0.179686 0.979174 -0.0490969 -0.168113 0.984544 0.0212187 -0.0938445 0.995361 0.0417196 -0.114256 0.992575 0.0847151 -0.0823063 0.993 0.0948725 -0.092524 0.99118 0.143894 -0.0574756 0.987923 0.139686 -0.0531776 0.988767 0.189901 -0.0178365 0.981641 0.298071 0.0877592 0.950501 0.372597 0.153783 0.915162 0.287598 0.0678763 0.955343 0.474463 0.245305 0.845406 0.384495 0.157327 0.909622 0.354322 0.12382 0.92689 0.346269 0.116986 0.930813 0.343689 0.119869 0.931402 0.308531 0.0899855 0.946948 0.290258 0.0674346 0.95457 0.289709 0.0680314 0.954694 0.271151 0.0446744 0.961499 0.266578 0.0496062 0.962536 0.248377 0.0261705 0.96831 0.239846 0.0352732 0.97017 0.222501 0.0123248 0.974855 0.210012 0.0254905 0.977366 0.193893 0.00345788 0.981017 0.177407 0.0206273 0.983921 0.162769 -0.000172122 0.986664 0.14465 0.0184873 0.98931 0.203184 0.0829322 0.975622 0.180012 0.106865 0.977842 0.153348 0.0758751 0.985255 0.212057 0.163881 0.963418 -0.143397 -0.212272 0.966632 -0.111217 -0.243448 0.963516 -0.0419471 -0.175103 0.983656 -0.0193302 -0.163044 0.986429 0.0270147 -0.128929 0.991286 0.0353955 -0.137211 0.989909 0.0847624 -0.102111 0.991155 0.0798498 -0.0971977 0.992057 0.130562 -0.0615812 0.989526 0.117742 -0.0485866 0.991855 0.172252 0.00042822 0.985053 0.216144 0.0311306 0.975865 0.233453 0.0468113 0.971241 0.274182 0.0794163 0.958393 0.298095 0.101354 0.94914 0.337302 0.133084 0.931942 0.374881 0.168186 0.911689 0.410521 0.199681 0.889719 0.540266 0.32764 0.77509 0.458459 0.252644 0.852048 0.0942234 0.233071 0.967884 0.0711485 0.197591 0.977699 0.0493274 0.162643 0.985451 -0.015172 0.0732467 0.997198 0.0142187 0.0440823 0.998927 -0.0323768 -0.0160081 0.999348 -0.00606549 -0.0423042 0.999086 -0.0565152 -0.102567 0.993119 -0.049028 -0.0853299 0.995146 -0.12645 -0.176617 0.976123 -0.122885 -0.155895 0.9801 -0.19748 -0.241895 0.949994 -0.194088 -0.221618 0.955623 -0.245989 -0.280196 0.92789 -0.226024 -0.299633 0.926894 -0.207394 -0.260487 0.942939 -0.178693 -0.288205 0.940748 -0.154144 -0.241248 0.958143 -0.132782 -0.261779 0.95595 -0.103205 -0.209585 0.972329 -0.0905054 -0.221845 0.970873 -0.549181 -0.419153 0.722988 -0.581978 -0.43708 0.685757 -0.581634 -0.433877 0.688079 -0.614048 -0.445274 0.651673 -0.61263 -0.443394 0.654282 -0.648501 -0.452401 0.612192 -0.638157 -0.446384 0.627294 -0.505463 -0.417599 0.755062 -0.546677 -0.450673 0.705718 -0.549135 -0.435473 0.713312 -0.581407 -0.457802 0.672595 -0.579262 -0.448234 0.680839 -0.598478 -0.460474 0.655582 -0.52483 -0.419692 0.740549 -0.56561 -0.446867 0.693106 -0.566163 -0.438583 0.697929 -0.598446 -0.454927 0.659472 -0.596395 -0.449929 0.664738 -0.6221 -0.46088 0.632915 -0.619715 -0.458543 0.63694 -0.60366 -0.458599 0.652136 -0.587912 -0.450288 0.672012 -0.59006 -0.457353 0.665325 -0.557828 -0.438177 0.704861 -0.556436 -0.449634 0.698719 -0.506224 -0.412837 0.757167 -0.510916 -0.434938 0.741481 -0.462957 -0.391961 0.795008 -0.466617 -0.412252 0.782507 -0.413485 -0.357455 0.83741 -0.416902 -0.379194 0.826078 -0.355373 -0.307142 0.882822 -0.36307 -0.325813 0.872941 -0.325511 -0.279362 0.903327 -0.324293 -0.270999 0.906307 -0.272562 -0.201869 0.940723 -0.274174 -0.212993 0.937797 -0.212673 -0.126526 0.968897 -0.214302 -0.13806 0.966961 -0.151096 -0.0449306 0.987497 -0.154636 -0.0548748 0.986446 -0.110431 0.0112702 0.99382 -0.136026 0.036867 0.990019 -0.0916706 0.108323 0.98988 -0.119247 0.13526 0.983608 -0.12697 0.121699 0.984413 -0.0677651 0.2261 0.971744 -0.0859986 0.198214 0.976379 0.0974189 0.559369 0.823174 -0.169861 0.179069 0.969062 -0.171558 0.174237 0.969644 -0.150978 0.154151 0.976444 -0.192887 0.075457 0.978315 -0.16893 0.0513371 0.98429 -0.208741 -0.01862 0.977794 -0.206785 -0.0126372 0.978305 -0.261618 -0.107471 0.959169 -0.260614 -0.100827 0.960164 -0.314666 -0.188489 0.9303 -0.313639 -0.182128 0.931912 -0.359406 -0.251212 0.898732 -0.361775 -0.26513 0.89377 -0.394248 -0.309389 0.86536 -0.389639 -0.298198 0.871355 -0.443821 -0.366128 0.817908 -0.441282 -0.353627 0.824753 -0.489019 -0.402698 0.773754 -0.486111 -0.3914 0.781347 -0.530179 -0.427606 0.732164 -0.525388 -0.413071 0.743868 -0.574159 -0.442622 0.688787 -0.574121 -0.437056 0.692364 -0.60649 -0.450825 0.654925 -0.604663 -0.447525 0.658866 -0.622853 -0.453681 0.63736 -0.632526 -0.461809 0.621807 -0.563218 -0.451459 0.692077 -0.530332 -0.421534 0.735566 -0.525183 -0.446311 0.724561 -0.364878 -0.339334 0.867016 -0.399488 -0.303231 0.865136 -0.422842 -0.334342 0.842271 -0.464586 -0.364305 0.807119 -0.527095 -0.457081 0.716413 -0.528337 -0.455735 0.716356 -0.661346 -0.725027 0.192243 -0.584428 -0.45189 0.673972 -0.577486 -0.449627 0.681429 -0.561253 -0.435188 0.703993 -0.55262 -0.444875 0.704767 -0.53004 -0.421858 0.735591 -0.49973 -0.430177 0.75181 -0.455723 -0.383868 0.803095 -0.429605 -0.410939 0.804095 -0.363944 -0.338969 0.867551 -0.334392 -0.368407 0.867444 -0.265794 -0.296505 0.9173 -0.250954 -0.310976 0.916688 -0.181345 -0.240703 0.953507 -0.173947 -0.247897 0.953042 -0.127569 -0.202976 0.970838 -0.0796896 -0.175952 0.981168 -0.477267 -0.368568 0.797731 -0.448679 -0.399031 0.799663 -0.384244 -0.320931 0.865656 -0.368124 -0.337569 0.866333 -0.30904 -0.301009 0.902158 -0.308126 -0.301926 0.902164 -0.241568 -0.244558 0.939061 -0.236924 -0.249188 0.939027 -0.216911 -0.240818 0.946021 -0.482754 -0.405856 0.776034 -0.461134 -0.428532 0.776991 -0.401505 -0.366089 0.839507 -0.372496 -0.395219 0.839672 -0.329194 -0.349847 0.877062 -0.296238 -0.343085 0.891367 -0.258867 -0.323866 0.909999 -0.251407 -0.331028 0.909514 -0.167063 -0.24737 0.95441 -0.153844 -0.260106 0.953245 -0.0585168 -0.168941 0.983888 -0.0652967 -0.162316 0.984576 -0.0165976 -0.135308 0.990665 -0.287397 -0.297457 0.910451 -0.260406 -0.2659 0.928163 -0.271515 -0.254749 0.928107 -0.277687 -0.266967 0.922832 -0.339457 -0.308486 0.888597 -0.350537 -0.297104 0.888174 -0.40911 -0.369055 0.834522 -0.441414 -0.334939 0.832448 -0.464218 -0.364704 0.807151 -0.504579 -0.391017 0.769744 -0.489077 -0.369453 0.790132 -0.53664 -0.41411 0.735208 -0.54741 -0.428973 0.718557 -0.0104251 0.160681 0.986951 0.00246954 0.177715 0.984079 -0.0527042 0.0927856 0.99429 -0.0522991 0.0933942 0.994255 -0.0233252 0.06483 0.997624 -0.0696 0.000705446 0.997575 -0.0428782 -0.0259807 0.998742 -0.0913776 -0.0881917 0.991903 -0.0855073 -0.0736572 0.993611 -0.157965 -0.165308 0.973509 -0.155267 -0.147989 0.976725 -0.225221 -0.233838 0.94583 -0.222626 -0.216965 0.950455 -0.281372 -0.286882 0.915712 -0.281661 -0.288839 0.915007 -0.325016 -0.337805 0.883319 -0.312797 -0.309568 0.897956 -0.383834 -0.387688 0.838075 -0.379009 -0.353878 0.855057 -0.43938 -0.416518 0.795901 -0.434755 -0.384067 0.814543 -0.488114 -0.43614 0.755994 -0.483272 -0.403176 0.777108 -0.536313 -0.44967 0.714258 -0.540048 -0.43001 0.723491 -0.572527 -0.455918 0.681434 -0.570451 -0.443285 0.691436 -0.586081 -0.455142 0.670339 -0.584431 -0.451888 0.673972 -0.34744 -0.324778 0.879662 -0.628646 -0.777472 0.0184702 -0.320577 -0.303826 0.897174 -0.299466 -0.282374 0.911364 -0.309453 -0.295467 0.903846 -0.290755 -0.314133 0.90376 -0.256022 -0.270437 0.928072 -0.240128 -0.286076 0.927631 -0.20196 -0.2416 0.949127 -0.196058 -0.247374 0.948877 -0.163411 -0.212069 0.963495 0.0519177 -0.0295397 0.998214 -0.00953928 -0.0849489 0.99634 0.0173606 -0.0464882 0.998768 -0.0381164 -0.0976153 0.994494 -0.0461275 -0.0896597 0.994904 -0.0446837 -0.0880909 0.99511 -0.0400604 -0.0926909 0.994889 -0.109091 -0.148706 0.982846 -0.156668 -0.201619 0.966853 -0.160601 -0.197744 0.967008 -0.203044 -0.243378 0.948441 -0.214058 -0.232509 0.948746 -0.261001 -0.287054 0.921672 -0.279694 -0.268422 0.921803 -0.320828 -0.320393 0.891301 -0.344391 -0.296425 0.890801 -0.332438 -0.280554 0.90043 -0.38355 -0.332395 0.861628 -0.569218 -0.60622 0.555418 -0.344264 -0.425573 0.836881 -0.334848 -0.434597 0.836064 0.201754 0.296859 0.933365 -0.536115 -0.416097 0.734469 -0.547805 -0.43117 0.716939 -0.533507 -0.408347 0.740691 -0.4994 -0.365395 0.785548 0.329565 0.162427 0.930056 0.446983 0.265249 0.854312 0.421015 0.241369 0.87435 0.394003 0.2183 0.892808 0.348372 0.177066 0.920481 0.31857 0.153534 0.935383 0.285817 0.124298 0.950189 0.254854 0.0999813 0.961797 0.228163 0.0763479 0.970625 0.194884 0.0532599 0.979379 0.149445 0.0130277 0.988684 0.112254 -0.00723023 0.993653 0.0687348 -0.0463738 0.996557 0.0315485 -0.067062 0.99725 0.000829191 -0.0952235 0.995456 -0.0360372 -0.116172 0.992575 -0.0599722 -0.138621 0.988528 -0.0962871 -0.159698 0.982459 -0.158899 -0.219765 0.962525 -0.157895 -0.220746 0.962466 -0.222348 -0.258891 0.939966 -0.222891 -0.258358 0.939985 -0.294439 -0.333063 0.895754 -0.322763 -0.304936 0.896012 -0.393768 -0.384608 0.834879 -0.422579 -0.354991 0.833911 -0.482612 -0.424353 0.766166 -0.506601 -0.398573 0.764523 -0.540575 -0.436374 0.719275 -0.550778 -0.42499 0.71835 -0.568057 -0.442553 0.693872 -0.573762 -0.444598 0.687844 -0.560291 -0.431417 0.707074 0.707117 -0.707097 4.78092e-06 0.707096 -0.707117 5.01732e-06 0.707105 -0.707109 7.56181e-06 0.707154 -0.70706 9.29275e-06 0.707151 -0.707062 8.1753e-06 0.707085 -0.707129 -1.13693e-05 0.707075 -0.707139 0.000113553 0.707022 -0.707192 0.000239203 0.707091 -0.707122 3.5464e-05 0.707105 -0.707109 -3.68621e-06 0.707106 -0.707108 -6.9431e-06 0.707087 -0.707126 2.82646e-05 0.707112 -0.707101 -8.82766e-06 0.707103 -0.70711 -2.62149e-06 0.707106 -0.707108 1.47655e-05 0.707129 -0.707085 -1.96665e-05 0.707097 -0.707117 -1.11437e-05 0.70712 -0.707093 -3.72e-05 0.7057 -0.708507 0.00207241 0.706493 -0.707719 0.00141403 0.706359 -0.707852 0.0014167 0.708848 -0.70536 -0.00131836 0.70644 -0.707773 -0.000445752 0.70736 -0.706854 -5.72751e-05 0.707067 -0.707147 -0.000110987 0.707088 -0.707126 7.60268e-05 0.70712 -0.707094 4.59386e-06 0.707164 -0.707049 -4.12552e-05 0.707656 -0.706555 -0.0016934 0.706895 -0.707318 0.000636882 0.707344 -0.706869 -0.000656317 0.708068 -0.706143 -0.000705042 0.709383 -0.704821 -0.00174196 0.707103 -0.70711 1.07716e-05 0.707195 -0.707019 -0.000213106 0.706741 -0.707472 0.000733811 0.70711 -0.707103 8.47141e-06 0.707115 -0.707098 1.44129e-06 0.707092 -0.707122 1.99296e-05 0.706765 -0.707448 0.000386447 0.707066 -0.707148 0.000170753 0.707222 -0.706991 -0.000109976 0.706778 -0.707436 0.000392541 0.705894 -0.708317 0.000919047 0.707045 -0.707169 0.000176452 0.710197 -0.704001 -0.00160318 0.707264 -0.70695 -6.31465e-05 0.705259 -0.708948 0.00118443 0.695918 -0.718067 0.00884942 0.705019 -0.709185 0.00228865 0.694174 -0.719752 0.00890534 0.70648 -0.707733 0.000757377 0.708024 -0.706188 -0.000974211 0.707954 -0.706258 -0.000903532 0.0985656 0.0866984 -0.991347 0.620125 0.706228 -0.341595 0.52989 0.531961 0.66048 0.448155 0.383143 -0.807687 0.458425 0.400728 -0.793261 0.674783 0.578853 -0.457818 0.724301 0.547449 0.419152 0.42439 0.892639 -0.151949 0.391002 0.247736 0.886422 0.347279 0.363903 -0.864275 0.0367933 0.241862 -0.969613 0.560291 0.431417 -0.707073 0.0567317 -0.0702674 -0.995914 0.375187 0.212199 -0.902334 0.443618 0.326503 -0.834625 0.443618 0.326503 -0.834625 0.649997 0.677341 -0.344547 0.649993 0.677345 -0.344548 0.268279 0.178368 -0.946684 0.213687 0.125254 -0.968839 0.233679 0.158923 -0.959238 -0.575723 -0.750454 -0.324595 0.197779 0.157236 -0.967554 0.177493 0.123688 -0.976318 0.223606 0.169272 -0.959868 0.189443 0.165676 -0.967813 0.152594 0.128337 -0.979921 0.174216 0.163714 -0.971003 0.468087 0.594786 -0.653547 0.0556867 0.0080916 -0.998416 -0.201753 -0.296859 -0.933365 0.38816 0.266363 0.88226 0.554956 0.38538 0.737228 0.636131 0.444953 0.63036 0.619007 0.449957 0.643716 0.454241 0.294327 0.840855 0.589684 0.403017 0.699893 0.468971 0.246759 0.848043 0.494746 0.287863 0.819976 0.362476 0.131825 0.922623 0.663418 0.487964 0.567246 0.389372 0.177813 0.903754 0.36297 0.322571 0.874186 0.126695 0.0106528 0.991884 0.33153 0.223297 0.916639 0.346083 0.207532 0.914963 0.288595 0.39533 0.872025 0.0848887 0.0784852 0.993295 0.246859 0.257689 0.934161 0.270397 0.233933 0.933896 0.201946 0.461151 0.864036 -0.000894867 0.114339 0.993441 0.155022 0.308722 0.938434 0.182266 0.283314 0.941548 -0.0197093 0.431335 0.901977 -0.00126343 0.418563 0.908187 -0.111331 0.212519 0.970794 0.122853 0.527331 0.840732 -0.0889727 0.133718 0.987017 0.0705556 0.362282 0.929394 0.0898519 0.345633 0.934058 0.097455 0.3396 0.935508 0.176416 0.754759 0.631836 0.363723 0.921637 0.135242 0.420204 0.899369 -0.120677 0.435518 0.869322 -0.233675 0.434239 0.87339 -0.220513 0.345425 0.307097 -0.886777 0.337938 0.339855 -0.877665 0.338841 0.325784 -0.882639 0.338256 0.313964 -0.887136 0.368171 0.356169 -0.858832 0.428842 0.38923 -0.815227 0.420756 0.386268 -0.82083 0.412361 0.385288 -0.825537 0.403338 0.386897 -0.829234 0.391509 0.390321 -0.833289 0.385512 0.393226 -0.834718 0.386708 0.385163 -0.837918 0.38808 0.372661 -0.842922 0.385869 0.366733 -0.84653 0.384949 0.36491 -0.847735 0.374739 0.354079 -0.856854 0.366304 0.374937 -0.851612 0.367337 0.367472 -0.854416 0.436899 0.396081 -0.807613 0.445284 0.395303 -0.803404 0.434602 0.405241 -0.804302 0.443235 0.400591 -0.801916 0.460894 0.403552 -0.790394 0.461836 0.403755 -0.78974 0.468068 0.402564 -0.786673 0.468208 0.402537 -0.786603 0.481216 0.405481 -0.777185 0.57796 0.405427 0.708231 0.586086 0.395686 0.707062 0.565362 0.375747 0.734289 0.576582 0.362112 0.732412 0.76822 0.60684 0.203921 0.766372 0.601137 0.226512 0.771371 0.632717 0.068233 0.77197 0.629352 0.0893255 0.758795 0.646891 -0.0759109 0.761954 0.645422 -0.0534434 0.73928 0.648391 -0.181809 0.734157 0.647962 -0.202878 0.739302 0.642118 -0.202774 0.734334 0.641198 -0.222752 0.762499 0.642525 -0.0758724 0.759846 0.643249 -0.0941529 0.773467 0.630156 0.0682091 0.772724 0.633051 0.0463006 0.768814 0.606096 0.203895 0.77026 0.610366 0.184807 0.499194 0.523871 -0.690192 0.186126 0.29617 -0.936825 0.2245 0.327508 -0.91779 0.23238 0.33345 -0.91368 0.27116 0.363425 -0.891288 0.2856 0.374067 -0.88233 0.321796 0.401401 -0.857511 0.344938 0.417988 -0.840419 0.377995 0.44179 -0.813598 0.404981 0.460514 -0.789884 0.435911 0.482032 -0.760018 0.772318 0.613039 0.166459 0.477677 0.475608 -0.738662 0.519024 0.504156 -0.690247 0.538706 0.51732 -0.664963 0.178449 0.250861 -0.951433 0.207973 0.275267 -0.938603 0.224437 0.287934 -0.930979 0.254891 0.311953 -0.915268 0.280055 0.330989 -0.901119 0.307999 0.352653 -0.883613 0.341736 0.377652 -0.860579 0.36717 0.396631 -0.84135 0.402833 0.422449 -0.81195 0.426472 0.439669 -0.790451 0.479897 0.477126 -0.73624 0.459119 0.497537 -0.73598 0.48824 0.516823 -0.703218 0.688164 0.511237 0.514847 0.76178 0.590222 0.267078 0.777109 0.614619 0.135443 0.7762 0.612458 0.149692 0.778302 0.627889 -0.00121467 0.77892 0.626994 0.0127876 0.764127 0.629138 -0.142459 0.766258 0.629498 -0.128766 0.741251 0.620761 -0.25535 0.779016 0.612211 0.135399 0.780679 0.624767 -0.0143447 0.781292 0.624165 -0.00121154 0.766404 0.623662 -0.153853 0.768219 0.624159 -0.142354 0.739629 0.611605 -0.28087 0.0208585 0.0981856 -0.99495 0.582106 0.517789 -0.626935 0.744333 0.568817 0.34988 0.744482 0.568631 0.349866 0.767003 0.59492 0.240368 0.768367 0.593184 0.240303 0.782568 0.612198 0.113142 0.785027 0.60905 0.113092 0.78622 0.61707 -0.0329113 0.7141 0.582661 -0.38803 0.702881 0.595764 -0.388618 0.711509 0.600822 -0.364373 0.742268 0.600022 -0.298347 0.746935 0.602811 -0.280549 0.769456 0.614747 -0.173274 0.772488 0.616149 -0.153693 0.32909 0.307406 -0.892861 0.783801 0.620846 -0.0143279 0.781988 0.611069 0.122841 0.779783 0.61387 0.122888 0.765043 0.592309 0.252746 0.764085 0.593523 0.252793 0.740858 0.564594 0.363818 0.567016 0.481235 -0.66851 0.596303 0.50231 -0.626185 0.62871 0.525066 -0.573611 0.254889 0.24746 -0.93477 0.296275 0.280006 -0.913136 0.350558 0.321181 -0.879745 0.360317 0.328658 -0.873015 0.411829 0.36731 -0.833955 0.421547 0.374676 -0.825782 0.485837 0.422252 -0.765288 0.495553 0.429506 -0.754951 0.556152 0.473512 -0.682994 0.0627718 0.128424 -0.989731 0.0287407 0.0415786 -0.998722 0.0144034 0.0558922 -0.998333 0.08953 0.1163 -0.989171 0.101296 0.127797 -0.986614 0.180216 0.189577 -0.965185 0.192497 0.199651 -0.960773 0.238344 0.235083 -0.942299 0.639686 0.469022 0.60895 0.604284 0.440332 0.664039 0.603192 0.441633 0.664168 0.596856 0.436309 0.673348 0.598738 0.434074 0.673122 0.637111 0.467818 0.612564 0.640611 0.463562 0.612151 0.703907 0.525924 0.477409 0.75931 0.574517 0.30558 0.732152 0.550235 0.40149 0.736471 0.55409 0.388064 0.778636 0.592748 0.205853 0.776469 0.590657 0.21959 0.75604 0.571476 0.319089 0.792823 0.593815 0.137168 0.677126 0.52878 -0.511754 0.79129 0.610557 -0.0328666 0.790612 0.610475 -0.0474644 0.777522 0.60459 -0.173003 0.775407 0.603356 -0.186295 0.751516 0.588642 -0.297865 0.717834 0.565837 -0.405639 0.707442 0.578316 -0.406297 0.676318 0.5578 -0.481096 0.663898 0.571944 -0.481788 0.63562 0.553795 -0.537864 0.620677 0.569965 -0.538424 0.783887 0.585871 0.205611 0.763826 0.568659 0.305282 0.766296 0.570774 0.29497 0.740294 0.549192 0.387755 0.7432 0.55161 0.378655 0.641052 0.461521 0.613229 0.668933 0.482718 0.565254 0.667142 0.49052 0.560636 0.652998 0.479044 0.58661 0.651102 0.481358 0.586822 0.645661 0.476715 0.596544 0.646362 0.475863 0.596465 0.694655 0.519547 0.497519 0.687313 0.512292 0.514934 0.727351 0.550545 0.409709 0.724298 0.547453 0.41915 0.750388 0.573731 0.328252 0.773275 0.594781 0.21973 0.751469 0.572359 0.328176 0.753626 0.574566 0.319251 0.727864 0.549898 0.409666 0.73045 0.552395 0.401625 0.694512 0.519424 0.497848 0.695284 0.518463 0.497772 0.699931 0.52253 0.486886 0.702862 0.518853 0.486598 0.705612 0.521118 0.480154 0.714013 0.510458 0.479185 0.598496 0.446047 -0.665466 0.802159 0.58344 -0.127034 0.452068 0.316328 0.834009 0.786165 0.573215 -0.231018 0.807027 0.586319 -0.0702687 0.752554 0.543912 -0.371245 0.719744 0.521453 -0.458317 0.674384 0.490187 -0.552198 0.686532 0.498725 -0.5291 0.309778 0.237958 -0.920551 0.381383 0.290432 -0.877608 0.39052 0.29704 -0.871356 0.441704 0.334412 -0.832506 0.449517 0.340038 -0.82602 0.512204 0.38562 -0.767427 0.515865 0.388242 -0.763644 0.589815 0.441719 -0.676019 0.59023 0.442014 -0.675465 0.649655 0.484676 -0.585694 0.668211 0.497823 -0.552871 0.689596 0.513167 -0.510996 0.746101 0.552961 -0.3709 0.647027 0.471137 -0.599488 0.605576 0.442184 -0.661628 0.59583 0.435418 -0.674832 0.535567 0.392905 -0.747525 0.520832 0.382618 -0.76311 0.48669 0.358462 -0.796642 0.453868 0.335263 -0.825592 0.429409 0.317759 -0.845362 0.394286 0.292999 -0.871028 0.317919 0.238481 -0.917635 0.203705 0.158342 -0.966143 0.710536 0.507825 0.487086 0.737175 0.528171 0.421436 0.752223 0.539798 0.37786 0.759166 0.545161 0.355623 0.775765 0.558177 0.294325 0.782048 0.563127 0.266999 0.802875 0.58023 0.136839 0.795917 0.574509 0.190935 0.806952 0.583835 0.0892526 0.19712 0.17262 -0.965063 0.195127 0.171064 -0.965744 0.104372 0.10149 -0.989346 0.102244 0.0996828 -0.989752 0.0268563 0.0405129 -0.998818 0.0411199 0.109427 -0.993144 0.0741107 0.119682 -0.990042 0.0979682 0.185317 -0.977783 0.645255 0.50602 -0.572355 0.636832 0.499934 -0.58695 0.584333 0.461912 -0.667227 0.576986 0.456509 -0.677264 0.503857 0.402829 -0.764106 0.499573 0.399643 -0.768578 0.430094 0.348125 -0.832964 0.429447 0.34764 -0.8335 0.368791 0.302347 -0.878965 0.369568 0.302933 -0.878437 0.272309 0.229817 -0.934362 0.298261 0.249905 -0.921188 0.233945 0.200617 -0.951327 0.245552 0.18874 -0.950832 0.206173 0.159834 -0.965373 0.229095 0.177019 -0.957173 0.111242 0.0906307 -0.989652 0.129927 0.1055 -0.985895 0.0340864 0.0332646 -0.998865 0.081595 0.0824793 -0.993247 0.0538804 0.0541741 -0.997077 0.126771 0.136038 -0.982559 0.279906 0.166184 -0.945535 0.262301 0.135631 -0.955407 0.127628 0.135183 -0.982566 0.103586 0.0966694 -0.989912 0.123735 0.11818 -0.985253 0.219742 0.258089 -0.9408 0.199251 0.228225 -0.953002 0.158428 0.179585 -0.970902 0.468088 0.594785 -0.653547 0.136495 0.146894 -0.979689 0.212294 0.265539 -0.940436 0.141719 0.176678 -0.974013 0.150123 0.189093 -0.970416 0.167229 0.214177 -0.962373 0.177694 0.228972 -0.957077 0.174036 0.223816 -0.958967 0.167967 0.215288 -0.961997 0.157783 0.201009 -0.966799 -0.265602 -0.385734 -0.883552 0.381994 0.515061 -0.767328 0.15712 0.193835 -0.96837 0.162315 0.200231 -0.96621 0.278016 0.155826 -0.947853 0.249256 0.185806 -0.950446 0.231416 0.147802 -0.961562 0.207781 0.172021 -0.962931 0.194982 0.145935 -0.969889 0.176667 0.164464 -0.970433 0.168999 0.149368 -0.974232 0.151986 0.166391 -0.974276 0.150874 0.164668 -0.974742 0.140645 0.174785 -0.97451 0.160651 0.20249 -0.966017 0.130082 0.153261 -0.979587 0.145601 0.178499 -0.973108 0.155964 0.192388 -0.968846 0.193807 0.177585 -0.964833 0.210634 0.183056 -0.960273 0.191549 0.202202 -0.960429 0.255797 0.220919 -0.94115 0.233447 0.24339 -0.941416 0.296876 0.259342 -0.919024 0.297418 0.258789 -0.919005 0.349397 0.313306 -0.883041 0.367426 0.294663 -0.882141 0.338465 0.342262 -0.876526 0.380584 0.299029 -0.875064 0.370179 0.368196 -0.852877 0.458392 0.400157 -0.793569 0.449697 0.397495 -0.799856 0.448701 0.39835 -0.799991 0.449677 0.397485 -0.799872 0.45854 0.400248 -0.793438 0.455497 0.398371 -0.79613 0.462269 0.400676 -0.791054 0.459452 0.4037 -0.791158 0.452519 0.399311 -0.797356 0.447113 0.384151 -0.807786 0.44713 0.384176 -0.807764 0.4423 0.380194 -0.812295 0.452249 0.386485 -0.803804 0.454886 0.388956 -0.801119 0.399176 0.364232 -0.841424 0.431707 0.386531 -0.814999 0.442214 0.384112 -0.810497 0.45388 0.390501 -0.800938 0.462009 0.390464 -0.796295 0.450521 0.384876 -0.805544 0.447089 0.384151 -0.807799 0.388252 0.335087 -0.858474 0.416582 0.359561 -0.83497 0.43797 0.354527 -0.826131 0.443491 0.358917 -0.821276 0.458886 0.359809 -0.81238 0.442487 0.363102 -0.819977 0.443485 0.362082 -0.819888 0.444182 0.362926 -0.819138 0.446147 0.363756 -0.817701 0.391764 0.346202 -0.852447 0.422531 0.37087 -0.826997 0.439837 0.366705 -0.819799 0.447485 0.372108 -0.813199 0.460205 0.372494 -0.805891 0.445295 0.362624 -0.818667 0.443491 0.362096 -0.819879 0.438896 0.329499 -0.835943 0.440171 0.330004 -0.835073 0.456836 0.344468 -0.820148 0.438513 0.342781 -0.830787 0.435182 0.339823 -0.833749 0.409314 0.345611 -0.844402 0.389459 0.327202 -0.860965 0.375717 0.34141 -0.861554 0.330002 0.295269 -0.896613 0.308793 0.316641 -0.896875 0.437119 0.300067 -0.847872 0.447499 0.323719 -0.833637 0.440751 0.331036 -0.834358 0.437122 0.300065 -0.847871 0.433247 0.298131 -0.850538 0.435817 0.303855 -0.847192 0.409618 0.253384 -0.876361 0.425499 0.28008 -0.860526 0.443779 0.295064 -0.846166 0.442394 0.293427 -0.84746 0.0567319 -0.0702676 -0.995914 0.409134 0.25393 -0.876429 0.388394 0.235181 -0.890977 0.420881 0.295389 -0.857674 0.0975809 -0.0787684 -0.992106 0.323302 0.194658 -0.926058 0.345026 0.170966 -0.922891 0.403935 0.278025 -0.871515 0.421115 0.295133 -0.857647 0.444796 0.310408 -0.840121 0.42158 0.306491 -0.853425 0.435226 0.291568 -0.851802 0.393963 0.267884 -0.879222 0.40476 0.256116 -0.877823 0.359199 0.22618 -0.905438 0.362586 0.222523 -0.904994 0.31614 0.189371 -0.929621 0.300276 0.206135 -0.931312 0.137525 0.128039 -0.982188 0.164544 0.139543 -0.976449 0.161316 0.142795 -0.976518 0.201845 0.158604 -0.96649 0.194666 0.165881 -0.966741 0.248575 0.185046 -0.950773 0.235208 0.1987 -0.951418 0.297205 0.218311 -0.929521 0.277503 0.238587 -0.930628 0.338787 0.25508 -0.905625 0.338861 0.255003 -0.90562 0.411351 0.865364 0.286246 0.369323 0.885723 0.281237 0.368452 0.885215 0.283967 0.337123 0.898912 0.279832 0.336568 0.898613 0.281457 0.319864 0.905412 0.279135 0.403973 0.900998 0.158141 0.374422 0.914054 0.155927 0.373629 0.913896 0.158732 0.357831 0.920412 0.157478 0.321597 0.906437 0.273767 0.452797 0.77729 -0.436802 0.452421 0.769427 -0.450885 0.467898 0.759133 -0.452536 0.404345 0.493086 -0.770306 0.423111 0.742752 0.518937 0.378555 0.771215 0.511785 0.376555 0.769083 0.516447 0.331978 0.794833 0.507968 0.330637 0.79345 0.510996 0.286479 0.816383 0.501447 0.285727 0.815628 0.503101 0.253455 0.831314 0.49465 0.416758 0.810686 0.41122 0.372946 0.834973 0.404638 0.371533 0.833739 0.408464 0.327954 0.855403 0.400913 0.326902 0.854528 0.40363 0.294579 0.869032 0.397501 0.294014 0.868584 0.398895 0.276885 0.875765 0.395436 0.269003 0.869597 0.414051 0.441785 0.590212 0.67563 0.3982 0.625959 0.670531 0.394054 0.620837 0.677703 0.349754 0.654231 0.670562 0.346704 0.650486 0.675769 0.302221 0.681288 0.666715 0.29966 0.678153 0.671053 0.255508 0.706232 0.660267 0.253975 0.704352 0.662861 0.210594 0.729637 0.6506 0.209388 0.728153 0.652649 0.171441 0.748447 0.640652 0.133651 0.699168 0.702354 0.209082 0.809546 0.548562 0.078132 0.619472 0.781121 0.212957 0.789118 0.576145 0.246471 0.772774 0.584869 0.246946 0.773311 0.583958 0.290927 0.749133 0.595115 0.292703 0.751162 0.591676 0.337311 0.724165 0.601503 0.339526 0.726728 0.59715 0.384303 0.69697 0.605429 0.387035 0.700186 0.599953 0.431471 0.667797 0.606531 0.397104 0.917768 0.00320085 0.399501 0.916683 -0.00952588 0.412766 0.910788 -0.00945599 0.402863 0.914377 0.040198 0.430204 0.901805 0.040901 0.405431 0.901327 0.152432 0.444758 0.882129 0.155045 0.412928 0.866363 0.280902 0.454838 0.843646 0.285279 0.41846 0.812266 0.406345 0.462024 0.785402 0.411919 0.425867 0.745803 0.512264 0.469918 0.714797 0.517921 0.434969 0.672013 0.599334 0.478537 0.637267 0.604064 0.446402 0.59598 0.667483 0.487989 0.558968 0.670389 0.493939 0.566518 0.659607 0.52438 0.606656 0.59749 0.482949 0.642745 0.594675 0.515795 0.684777 0.514817 0.47278 0.71812 0.510669 0.506885 0.75814 0.410234 0.464032 0.787408 0.405787 0.497745 0.81971 0.283415 0.456315 0.84469 0.279776 0.484805 0.861252 0.152345 0.445872 0.882423 0.150095 0.467558 0.883263 0.0351637 0.431517 0.901451 0.0343428 0.448369 0.891503 -0.064716 0.423521 0.903596 -0.0643739 0.437574 0.885551 -0.155978 0.437152 0.886354 -0.15256 0.44687 0.862499 -0.237493 0.446615 0.863457 -0.234473 0.298511 0.322166 -0.898387 0.297094 0.323559 -0.898357 0.296641 0.322984 -0.898713 0.530667 0.420981 -0.735641 0.462294 0.396196 -0.793293 0.46164 0.396102 -0.79372 0.462425 0.396422 -0.793103 0.456405 0.396497 -0.796545 0.442701 0.389952 -0.807436 0.435171 0.391559 -0.810745 0.405558 0.372857 -0.834566 0.393616 0.377968 -0.837978 0.372472 0.356367 -0.856894 0.360755 0.352722 -0.863391 0.263337 0.322114 -0.909338 0.260124 0.325212 -0.90916 0.311932 0.391221 -0.865821 0.316444 0.404085 -0.858241 0.366948 0.469812 -0.802886 0.541896 0.398616 0.739901 0.508432 0.435755 0.742708 0.516195 0.445102 0.731729 0.486792 0.475738 0.732603 0.478838 0.466076 0.743967 0.443259 0.500946 0.743354 0.436325 0.492494 0.753041 0.395181 0.530136 0.750192 0.38939 0.523047 0.758154 0.346421 0.559587 0.752897 0.341873 0.553971 0.759105 0.298407 0.588309 0.751562 0.294689 0.583659 0.756637 0.251236 0.615554 0.746977 0.248604 0.612209 0.750597 0.205617 0.641486 0.739065 0.20365 0.638944 0.741807 0.161566 0.665549 0.728657 0.160747 0.66447 0.729822 0.124291 0.685944 0.716961 0.0799224 0.622652 0.778407 0.689115 0.720467 0.0777668 0.682899 0.729757 -0.0332173 0.660491 0.750103 -0.0331205 0.650256 0.74858 -0.129596 0.627241 0.768027 -0.129243 0.616071 0.75882 -0.211303 0.593502 0.776791 -0.210597 0.582882 0.762101 -0.28187 0.561978 0.778001 -0.280884 0.546807 0.74882 -0.374526 0.529179 0.76196 -0.373345 0.509571 0.71515 -0.478433 0.49612 0.725295 -0.477296 0.47901 0.67691 -0.558876 0.468945 0.684687 -0.557938 0.455997 0.641279 -0.617112 0.448324 0.647367 -0.616378 0.433994 0.591013 -0.679966 0.665692 0.656352 0.355044 0.682709 0.691441 0.236258 0.655717 0.71715 0.236074 0.663985 0.739595 0.110106 0.634697 0.764917 0.109829 0.635615 0.771997 -0.00383136 0.605795 0.795612 -0.00382698 0.603068 0.790885 -0.103975 0.575089 0.811518 -0.103493 0.571105 0.798802 -0.189089 0.545351 0.816815 -0.188165 0.541371 0.798872 -0.262148 0.517764 0.814788 -0.260846 0.511884 0.781542 -0.356604 0.49175 0.795055 -0.355062 0.483376 0.743982 -0.461345 0.467537 0.754982 -0.459796 0.459969 0.704313 -0.540714 0.448766 0.712437 -0.539484 0.447234 0.700998 -0.555503 0.665098 0.728866 -0.162478 0.648219 0.722223 -0.241258 0.630757 0.737656 -0.240851 0.614543 0.726323 -0.307884 0.597357 0.740796 -0.307222 0.573276 0.716419 -0.397616 0.558549 0.728418 -0.396775 0.527824 0.687179 -0.499187 0.517046 0.695904 -0.498378 0.49074 0.652275 -0.577677 0.483211 0.658427 -0.577045 0.463459 0.619179 -0.633895 0.458215 0.623529 -0.633444 0.427854 0.553305 -0.714699 0.426617 0.554378 -0.714607 0.401937 0.490801 -0.773021 0.403368 0.489506 -0.773097 0.370249 0.397018 -0.839817 0.638363 0.611448 0.467573 0.662273 0.65059 0.371655 0.633766 0.678479 0.371494 0.653858 0.713697 0.251208 0.621762 0.742052 0.25054 0.633972 0.763552 0.122751 0.60046 0.790268 0.122168 0.605645 0.795705 0.00689288 0.573793 0.818972 0.00681032 0.575198 0.812676 -0.0933046 0.545732 0.832803 -0.0928203 0.545547 0.818692 -0.179226 0.518482 0.836309 -0.178222 0.517931 0.816908 -0.253787 0.493156 0.83254 -0.252337 0.491943 0.797835 -0.348498 0.476054 0.807981 -0.347189 0.464766 0.733962 -0.49527 0.681194 0.730296 -0.0514099 0.667963 0.729766 -0.145832 0.648075 0.747538 -0.145552 0.633938 0.739862 -0.225225 0.613925 0.756714 -0.224679 0.600211 0.743776 -0.294183 0.580942 0.759245 -0.293349 0.561326 0.732582 -0.385016 0.545079 0.745267 -0.384012 0.519806 0.700998 -0.488265 0.507668 0.7105 -0.487302 0.48584 0.664205 -0.568147 0.477026 0.671221 -0.56737 0.460637 0.62983 -0.625402 0.45417 0.635082 -0.62482 0.42765 0.557941 -0.711208 0.426081 0.559291 -0.71109 0.416709 0.531545 -0.737437 0.684365 0.695396 0.219246 0.689194 0.718379 0.0945696 0.66436 0.741419 0.094471 0.661409 0.749805 -0.0181884 0.635252 0.772093 -0.0180906 0.628556 0.769114 -0.115677 0.602461 0.789785 -0.115239 0.594819 0.778831 -0.199028 0.570489 0.797029 -0.198211 0.563142 0.780615 -0.27113 0.540815 0.796635 -0.269985 0.530262 0.765241 -0.365005 0.511328 0.778653 -0.363652 0.497307 0.729369 -0.469794 0.48264 0.740002 -0.468461 0.470323 0.690155 -0.549984 0.459037 0.698604 -0.548851 0.449643 0.653583 -0.608811 0.441857 0.659615 -0.608005 0.429306 0.594906 -0.679547 0.433509 0.611648 -0.661783 0.415253 0.532822 -0.737337 0.413413 0.52654 -0.742863 0.404997 0.492496 -0.770341 0.387518 0.441539 -0.809243 0.377301 0.390221 -0.839864 0.343098 0.329967 -0.879435 0.352658 0.299647 -0.886479 0.59453 0.689399 -0.41384 0.588789 0.685582 -0.428142 0.57712 0.695765 -0.427602 0.536237 0.6599 -0.526291 0.527746 0.667156 -0.525726 0.493082 0.629225 -0.600788 0.48814 0.633437 -0.600397 0.462674 0.599678 -0.652931 0.459992 0.60198 -0.652708 0.422457 0.543143 -0.725621 0.423549 0.542179 -0.725705 0.391938 0.485533 -0.781436 0.395523 0.482269 -0.781651 0.354937 0.401208 -0.844424 0.362398 0.3941 -0.844602 0.324853 0.316444 -0.891254 0.331051 0.317139 -0.888723 0.568538 0.670279 -0.476959 0.537047 0.646199 -0.542225 0.529209 0.653039 -0.541736 0.490927 0.617439 -0.614622 0.486401 0.621356 -0.614272 0.458447 0.590239 -0.664413 0.456905 0.591578 -0.664284 0.416189 0.537814 -0.733173 0.418585 0.535686 -0.733367 0.383839 0.482709 -0.787185 0.388604 0.478359 -0.787502 0.344451 0.40254 -0.848124 0.353313 0.394123 -0.848432 0.312274 0.319562 -0.894631 0.321383 0.319869 -0.891289 0.323942 0.323651 -0.888995 0.334985 0.323429 -0.884974 0.33861 0.324951 -0.883034 0.344045 0.31951 -0.882919 0.362602 0.343431 -0.866358 0.643941 0.719942 -0.258889 0.62548 0.709692 -0.32421 0.610344 0.722977 -0.323704 0.582459 0.700689 -0.412039 0.569275 0.711837 -0.411357 0.533291 0.673618 -0.511702 0.523873 0.681466 -0.51104 0.493131 0.640519 -0.588691 0.486961 0.645679 -0.588191 0.464248 0.609173 -0.642948 0.460256 0.612545 -0.642615 0.426221 0.548328 -0.719495 0.426106 0.548428 -0.719486 0.397883 0.488255 -0.776722 0.400354 0.486012 -0.776859 0.36347 0.399446 -0.841624 0.369635 0.393552 -0.841717 0.335516 0.312705 -0.88862 0.339056 0.313482 -0.887001 0.334712 0.305987 -0.891257 0.340356 0.304434 -0.88965 0.69158 0.580493 0.42982 0.714432 0.62414 0.316286 0.711491 0.617353 0.335641 0.72731 0.662307 0.179916 0.726466 0.657282 0.200569 0.725382 0.687287 0.0381756 0.726705 0.684487 0.0581229 0.578917 0.646916 -0.496341 0.439676 0.555644 -0.705652 0.535733 0.620139 -0.573078 0.54766 0.609142 -0.573599 0.280053 0.42119 -0.862653 0.313073 0.451524 -0.835531 0.320644 0.457822 -0.829208 0.352922 0.485577 -0.799788 0.362494 0.493337 -0.790706 0.393018 0.518931 -0.75911 0.408669 0.531226 -0.742152 0.259346 0.394787 -0.881409 0.241267 0.32096 -0.915846 0.237015 0.325026 -0.915523 0.292434 0.388587 -0.873775 0.298554 0.403753 -0.864783 0.351628 0.464694 -0.81266 0.359932 0.476209 -0.802293 0.399941 0.521787 -0.753515 0.0654443 -0.107782 0.992018 0.502015 0.287016 0.815845 0.509644 0.277869 0.81428 0.525814 0.295073 0.79778 0.517025 0.305682 0.799527 0.616557 0.426151 0.662007 0.62349 0.417589 0.660968 0.684239 0.482488 0.54683 0.606113 0.386878 0.694948 0.607778 0.384791 0.694653 0.624198 0.404039 0.668677 0.612854 0.418177 0.670476 0.621246 0.428775 0.655901 0.59274 0.462705 0.659214 0.607317 0.482085 0.631474 0.573586 0.519355 0.633458 0.60052 0.556468 0.574212 0.570807 0.586666 0.574458 0.599552 0.627196 0.497154 0.56428 0.659909 0.496093 0.593368 0.700365 0.39674 0.553988 0.73301 0.394706 0.580895 0.766789 0.273122 0.541705 0.795682 0.271011 0.562542 0.814509 0.141849 0.525422 0.839171 0.140439 0.539273 0.841794 0.0238109 0.504779 0.862932 0.0233825 0.514266 0.854124 -0.0774809 0.48251 0.872494 -0.0770547 0.489792 0.856087 -0.164979 0.468058 0.868327 -0.164101 0.545563 0.338335 0.76674 0.518597 0.370067 0.770784 0.494888 0.342264 0.798712 0.462598 0.378049 0.801924 0.451978 0.36565 0.813644 0.42324 0.395833 0.814975 0.413965 0.384829 0.824948 0.379179 0.419513 0.824762 0.371175 0.40984 0.833223 0.33103 0.447617 0.830698 0.324564 0.439633 0.837485 0.282882 0.47655 0.832393 0.277725 0.470021 0.837824 0.235816 0.504975 0.830296 0.23191 0.499887 0.834464 0.190225 0.532623 0.824698 0.187332 0.528738 0.827854 0.146289 0.559105 0.816089 0.144603 0.556771 0.817983 0.104561 0.584675 0.804501 0.104082 0.583991 0.80506 0.0696427 0.606694 0.791879 0.0350329 0.553153 0.832343 0.149579 -0.0357811 0.988102 0.382311 0.200686 0.901977 0.414688 0.236611 0.878664 0.437546 0.219773 0.871925 0.701235 0.630125 -0.333485 0.708264 0.632694 -0.313146 0.701842 0.639737 -0.313295 0.709052 0.641863 -0.291989 0.698143 0.653626 -0.29218 0.679802 0.647951 -0.343554 0.661619 0.666486 -0.343592 0.69287 0.69752 -0.182749 0.687906 0.696872 -0.202867 0.705963 0.678565 -0.202893 0.727366 0.567075 0.386478 0.746283 0.607457 0.272136 0.743724 0.600447 0.293833 0.754284 0.642412 0.135508 0.754145 0.637263 0.158622 0.746976 0.664819 -0.00649624 0.749275 0.662076 0.0155553 0.444727 0.568505 -0.692113 0.476472 0.595677 -0.64664 0.48384 0.589125 -0.647171 0.500831 0.601342 -0.62254 0.514499 0.588889 -0.623299 0.520498 0.592587 -0.614754 0.536787 0.577253 -0.615337 0.240458 0.38723 -0.890074 0.280409 0.420866 -0.862695 0.284171 0.423746 -0.86005 0.323807 0.454959 -0.829555 0.330594 0.460005 -0.824077 0.367855 0.488503 -0.791232 0.382067 0.498701 -0.778024 0.416911 0.523798 -0.742846 0.436399 0.537179 -0.721799 0.473613 0.846873 -0.24186 0.473727 0.845955 -0.244832 0.493014 0.834514 -0.246015 0.490143 0.854839 -0.170324 0.518329 0.837822 -0.171432 0.514775 0.853152 -0.084485 0.545483 0.833806 -0.08495 0.539968 0.841529 0.0162196 0.573278 0.819195 0.0164889 0.563674 0.815234 0.13291 0.599386 0.789179 0.133913 0.582883 0.769092 0.262193 0.619795 0.739184 0.263557 0.596353 0.704413 0.384923 0.630479 0.673492 0.385883 0.604127 0.633572 0.483339 0.633461 0.604233 0.483352 0.606521 0.564667 0.559717 0.640356 0.527599 0.558197 0.623375 0.503647 0.598116 0.652391 0.469122 0.59524 0.641054 0.454022 0.618801 0.653174 0.438827 0.617086 0.646373 0.430429 0.630026 0.645765 0.4312 0.630122 0.655605 0.442962 0.611528 0.651546 0.448099 0.612123 0.660705 0.458672 0.594213 0.655199 0.465561 0.594952 0.634243 0.443778 0.633085 0.627805 0.451654 0.633932 0.593447 0.419462 0.68693 0.58851 0.425332 0.687567 0.548324 0.390605 0.739438 0.530709 0.382203 0.756485 0.544823 0.394089 0.740177 0.57018 0.41337 0.709943 0.547211 0.390109 0.740523 0.684319 0.481296 0.547779 0.480929 0.294574 0.825793 0.521661 0.333659 0.785201 0.528881 0.313496 0.788673 0.550084 0.335138 0.764911 0.556337 0.327482 0.763705 0.581727 0.355713 0.731479 0.5716 0.368192 0.733286 0.590361 0.390762 0.706243 0.562401 0.423941 0.709915 0.574235 0.439019 0.691026 0.540773 0.476151 0.69343 0.566332 0.509899 0.647511 0.536571 0.540563 0.647985 0.565025 0.578984 0.587813 0.529204 0.612858 0.586812 0.560051 0.654363 0.508086 0.51928 0.689062 0.505512 0.551253 0.729709 0.40453 0.5096 0.761098 0.401295 0.540026 0.794084 0.27893 0.499515 0.82114 0.276067 0.524253 0.838652 0.147724 0.486052 0.861665 0.145901 0.503864 0.863245 0.0304755 0.468434 0.882994 0.0298614 0.481748 0.873486 -0.0702943 0.449147 0.890723 -0.0698503 0.0462681 0.48567 0.872917 0.452581 0.877857 -0.156644 0.460422 0.854358 -0.241006 0.460262 0.855172 -0.238411 0.465086 0.817236 -0.340324 0.453928 0.823908 -0.339301 0.452089 0.76028 -0.466466 0.443455 0.837594 -0.319036 -0.0190331 0.462438 0.886447 -0.0322644 0.441303 0.896778 0.0228158 0.533009 0.845802 0.055171 0.509619 0.85863 0.054952 0.509286 0.858841 0.0925627 0.480838 0.87191 0.22658 0.668951 0.707931 0.0541973 0.338206 0.93951 0.13543 0.454774 0.88025 0.174457 0.421556 0.889862 0.304149 0.595998 0.743156 0.145383 0.295989 0.944063 0.224563 0.399062 0.889 0.264151 0.362386 0.893813 0.395404 0.531062 0.749419 0.239191 0.248481 0.93864 0.318853 0.343843 0.883235 0.352582 0.30991 0.882973 0.36304 0.322107 0.874328 0.390918 0.292798 0.872612 0.402389 0.305839 0.86287 0.423595 0.282974 0.860519 0.591243 0.462239 0.660883 0.464378 0.295034 0.83505 0.489609 0.275674 0.827217 0.4682 0.252179 0.846873 0.475801 0.24318 0.845267 0.474035 0.241357 0.846781 0.738117 0.557758 0.379591 0.733703 0.551747 0.396554 0.735222 0.549813 0.396426 0.730038 0.542361 0.415799 0.731795 0.540112 0.415638 0.726108 0.531536 0.436161 0.723927 0.53433 0.436373 0.671833 0.461519 0.579346 0.73484 0.557742 0.385919 0.756761 0.604382 0.249067 0.754413 0.597498 0.271769 0.762736 0.636842 0.112541 0.762931 0.632153 0.135344 0.753204 0.657096 -0.0301417 0.756025 0.65451 -0.0065045 0.736063 0.663209 -0.13552 0.726912 0.673214 -0.135581 0.500594 0.582075 -0.640776 0.771012 0.609423 0.184782 0.774278 0.632188 0.0288327 0.774948 0.630328 0.0462842 0.760774 0.639126 -0.112876 0.763567 0.638834 -0.094104 0.735015 0.634093 -0.240165 0.739458 0.635326 -0.222627 0.701626 0.620552 -0.350194 0.707566 0.623102 -0.333309 0.671515 0.605455 -0.427191 0.664254 0.613277 -0.427385 0.67227 0.61699 -0.409118 0.664751 0.62499 -0.40926 0.674049 0.628799 -0.387647 0.662168 0.641212 -0.387789 0.667193 0.690887 -0.27844 0.660544 0.688709 -0.298935 0.677442 0.672041 -0.299053 0.693998 0.676381 -0.246732 0.712313 0.657118 -0.246589 0.376323 0.47678 -0.794394 0.733194 0.655239 -0.181903 0.760078 0.649133 -0.0301258 0.757001 0.651223 -0.0534708 0.768768 0.629567 0.112437 0.768301 0.633818 0.0893785 0.761922 0.597959 0.248838 0.763949 0.604176 0.226612 0.748324 0.569079 0.340822 0.74956 0.567504 0.340733 0.753424 0.574646 0.319584 0.752742 0.575515 0.319629 0.756141 0.581468 0.300244 0.755662 0.582075 0.300272 0.758763 0.587179 0.281958 0.59817 0.556069 -0.577044 0.580603 0.574129 -0.5773 0.603408 0.587301 -0.539423 0.585861 0.604823 -0.539404 0.61033 0.617628 -0.496017 0.592876 0.634587 -0.495779 0.614425 0.645765 -0.453288 0.599978 0.659445 -0.452944 0.638778 0.679195 -0.361464 0.564729 0.564814 -0.601719 0.546382 0.582787 -0.60152 0.573689 0.598289 -0.559403 0.556787 0.614437 -0.558978 0.581364 0.628436 -0.516802 0.568167 0.640739 -0.516372 0.609272 0.664264 -0.43306 0.630755 0.675645 -0.381644 0.646434 0.660526 -0.381876 0.627547 0.652005 -0.425529 0.645423 0.63425 -0.425624 0.624285 0.624406 -0.469452 0.6368 0.611686 -0.469389 -0.248519 -0.0525421 -0.967201 0.625152 0.592656 -0.507881 0.637143 0.580001 -0.507591 -0.172062 -0.02552 -0.984756 0.664705 0.590067 -0.458245 0.707859 0.613553 -0.349984 0.702594 0.611003 -0.364743 0.740165 0.628128 -0.240026 0.736176 0.626703 -0.255515 0.764681 0.634457 -0.112811 0.762232 0.63435 -0.128848 0.776801 0.629086 0.0288199 0.776136 0.630436 0.0127877 0.773503 0.611553 0.166422 0.774623 0.614441 0.149737 0.758813 0.587115 0.281957 0.76126 0.590879 0.267104 0.737191 0.558931 0.379665 0.741227 0.564127 0.36379 0.206231 0.344611 -0.915812 0.248998 0.37938 -0.891107 0.25181 0.381474 -0.889421 0.29463 0.414172 -0.861194 0.302203 0.419654 -0.855899 0.342239 0.449371 -0.825189 0.358052 0.460434 -0.81228 0.395317 0.48658 -0.779079 0.416203 0.500607 -0.759057 0.450847 0.523866 -0.722704 0.468817 0.535357 -0.70257 0.714138 0.696547 -0.0694906 0.710713 0.697603 -0.0907565 0.724186 0.683607 -0.0907528 0.739702 0.671855 0.0381075 0.737755 0.674888 0.0156049 0.742122 0.645735 0.179668 0.74259 0.650639 0.158836 0.729456 0.606805 0.315724 0.732328 0.614058 0.294328 0.706454 0.562977 0.428928 0.410012 0.188434 0.892403 0.696971 0.532415 0.480381 0.710857 0.514995 0.479023 0.698836 0.497872 0.513567 0.699955 0.496437 0.513433 0.707223 0.506249 0.493506 0.704571 0.509641 0.493807 0.711237 0.518265 0.474913 0.708854 0.521293 0.475162 0.714595 0.52838 0.458441 0.712856 0.530578 0.45861 0.717881 0.536485 0.443657 0.716751 0.537906 0.443762 0.23108 0.356407 -0.905304 0.221434 0.365366 -0.904143 0.187617 0.330111 -0.925109 0.182142 0.335208 -0.92437 0.141602 0.296263 -0.944551 0.145676 0.292436 -0.945124 0.102533 0.252612 -0.96212 0.117536 0.238304 -0.964052 0.0789407 0.202979 -0.975996 0.0865492 0.196426 -0.976691 0.154846 0.213668 -0.964556 0.127998 0.239736 -0.962363 0.195271 0.254991 -0.947021 0.174427 0.275154 -0.945445 0.233987 0.287681 -0.928703 0.220933 0.300328 -0.927896 0.268811 0.310399 -0.911808 0.260258 0.31872 -0.911418 0.275629 0.316783 -0.907566 0.281112 0.323256 -0.903594 0.280299 0.324045 -0.903564 0.328472 0.392751 -0.858984 0.0286781 0.161844 -0.9864 0.0889301 0.177426 -0.980108 0.0531415 0.212079 -0.975807 0.122792 0.228261 -0.965826 0.0938701 0.255937 -0.962125 0.16229 0.270463 -0.948953 0.142456 0.289318 -0.946573 0.202672 0.301648 -0.931629 0.188642 0.314965 -0.930168 0.20477 0.313058 -0.927396 0.271731 0.383317 -0.882741 0.279602 0.400534 -0.87258 0.334805 0.457507 -0.823768 0.345301 0.470448 -0.812063 0.387317 0.512963 -0.766065 0.396798 0.524593 -0.753229 0.442868 0.570146 -0.691955 0.555724 0.499625 -0.664489 0.541264 0.489438 -0.683727 0.495716 0.457233 -0.738379 0.480024 0.445765 -0.75556 0.421838 0.403489 -0.811942 0.405407 0.391187 -0.826207 0.36124 0.358407 -0.860843 0.343911 0.34522 -0.87324 0.299628 0.311816 -0.901661 0.279914 0.296349 -0.913141 0.244 0.268847 -0.931765 0.221966 0.251345 -0.942102 0.197441 0.232333 -0.952386 0.176761 0.215227 -0.960434 0.107626 0.160758 -0.981108 0.0879405 0.141015 -0.986094 0.0132624 0.0802888 -0.996683 0.0319121 0.0617413 -0.997582 0.0286195 0.058892 -0.997854 0.0380427 0.0494846 -0.99805 0.0535434 0.0690363 -0.996176 0.0571368 0.0654435 -0.996219 0.105304 0.113121 -0.987985 0.118164 0.137762 -0.983392 0.13791 0.162394 -0.977041 0.344927 0.342629 -0.87386 0.311339 0.335958 -0.888932 0.321871 0.325516 -0.889066 0.274734 0.316391 -0.907975 0.291811 0.299544 -0.908361 0.233725 0.287426 -0.928848 0.255714 0.265776 -0.929502 0.190402 0.250375 -0.949241 0.215201 0.225942 -0.950073 0.148944 0.208133 -0.966693 0.174045 0.183333 -0.967521 0.0904906 0.135052 -0.986698 0.10901 0.116647 -0.987173 0.448368 0.324081 -0.833029 0.452245 0.327849 -0.829451 0.431299 0.325134 -0.841587 0.429868 0.323738 -0.842857 0.436533 0.322294 -0.839979 0.386961 0.314366 -0.866854 0.411583 0.288097 -0.864638 0.358169 0.276061 -0.891911 0.380476 0.252312 -0.889706 0.321513 0.235288 -0.917207 0.338422 0.217422 -0.915532 0.278849 0.196939 -0.939924 0.286566 0.188891 -0.939255 0.234602 0.168861 -0.957313 0.235133 0.168316 -0.957279 0.195931 0.151815 -0.968795 0.193442 0.154343 -0.968895 0.166782 0.142106 -0.975699 0.162272 0.146649 -0.975788 0.147098 0.139037 -0.979301 0.137488 0.148642 -0.979287 0.11703 0.124883 -0.985245 0.103821 0.114599 -0.987972 0.0965063 0.103749 -0.98991 0.0777327 0.0851232 -0.993334 0.0702377 0.0926007 -0.993223 0.0375113 0.0621395 -0.997362 0.0529576 0.0977003 -0.993806 0.0438505 0.089758 -0.994998 0.0177343 0.115587 -0.993139 0.0918668 0.176202 -0.980058 0.0990112 0.183516 -0.978018 0.143065 0.223116 -0.964236 0.122881 0.242552 -0.962325 0.161164 0.276869 -0.947296 0.145137 0.292009 -0.945339 0.187746 0.330425 -0.924971 0.182385 0.335407 -0.92425 0.222199 0.372804 -0.900913 0.225961 0.36934 -0.901404 0.258903 0.403108 -0.877766 0.264315 0.398148 -0.878417 0.317013 0.447952 -0.835967 0.329696 0.462143 -0.82324 0.354014 0.484594 -0.799901 0.38467 0.515329 -0.76581 0.391143 0.520607 -0.758931 0.43318 0.557891 -0.707893 0.437497 0.554047 -0.708257 0.457415 0.569084 -0.683312 0.468392 0.559151 -0.684075 0.48489 0.569894 -0.663403 0.500509 0.555351 -0.664135 0.507041 0.559328 -0.655791 0.525995 0.541017 -0.656225 0.539592 0.549423 -0.637946 0.558398 0.530446 -0.637823 0.579993 0.544403 -0.605998 0.59606 0.527385 -0.605457 0.623851 0.545962 -0.559228 0.637237 0.531056 -0.558488 0.668904 0.552737 -0.49704 0.684674 0.53416 -0.495878 -0.054775 -0.0162721 -0.998366 0.738278 0.562992 -0.371465 0.78326 0.593231 -0.185961 0.791296 0.597951 -0.127692 0.7976 0.601324 -0.0473692 0.796723 0.597914 0.087934 0.790615 0.605949 0.0880569 0.789684 0.604769 0.103215 0.7856 0.610051 0.103297 0.771902 0.593196 0.228662 0.770168 0.595416 0.228739 0.74792 0.571062 0.338385 0.747295 0.571854 0.338427 0.720531 0.543438 0.430709 0.721081 0.542747 0.43066 0.679119 0.498901 0.53842 0.681274 0.496216 0.538178 0.720121 0.536546 0.439937 0.682634 0.49136 0.540903 0.685768 0.487399 0.540522 0.678259 0.478314 0.557835 0.681663 0.473982 0.557384 0.672696 0.462708 0.577391 0.672499 0.46296 0.577419 0.682299 0.475784 0.555065 0.669331 0.492069 0.556654 0.683097 0.511845 0.520955 0.65365 0.54673 0.523286 0.0903338 -0.0917609 0.991675 0.662423 0.585771 0.466977 0.692402 0.638423 0.336148 0.689223 0.63176 0.354755 0.707979 0.677088 0.200793 0.706855 0.67255 0.219165 0.709217 0.702585 0.0581832 0.710072 0.699825 0.0777332 0.697877 0.712843 -0.069441 0.700317 0.711972 -0.0514984 0.677977 0.712031 -0.182645 0.682342 0.712709 -0.162653 0.65369 0.703748 -0.27826 0.65928 0.705818 -0.259176 0.626663 0.690534 -0.361189 0.633631 0.693953 -0.341968 0.598493 0.674202 -0.432732 0.60641 0.678708 -0.414274 0.569444 0.655559 -0.49596 0.578598 0.661284 -0.477419 0.535653 0.632238 -0.559778 0.528295 0.638776 -0.559347 0.486768 0.604856 -0.630244 0.482321 0.608754 -0.629908 0.452384 0.579948 -0.677502 0.450881 0.581265 -0.677375 0.407334 0.532122 -0.742244 0.410803 0.529031 -0.742541 0.373203 0.479761 -0.794071 0.379244 0.474244 -0.794523 0.331739 0.4035 -0.852723 0.342115 0.393677 -0.853215 0.297534 0.322112 -0.898731 0.309977 0.321817 -0.894622 0.310324 0.322292 -0.89433 0.321823 0.325752 -0.888997 0.34034 0.347206 -0.873852 0.36135 0.352124 -0.863385 0.380375 0.371465 -0.846952 0.402286 0.361016 -0.841328 0.427517 0.379731 -0.820386 0.441246 0.376448 -0.81461 0.450924 0.382487 -0.806456 0.461235 0.382585 -0.800557 0.459763 0.381748 -0.801802 0.457338 0.381241 -0.803429 0.554728 0.431066 -0.711659 0.20031 -0.0381098 0.978991 0.438898 0.329497 -0.835943 0.455694 0.357378 -0.815245 0.453062 0.356583 -0.817058 0.572795 0.442006 -0.690316 0.680539 -0.732712 0 0.679694 -0.733496 -0.000119231 0.605926 -0.795521 0.000110214 0.59169 -0.806161 0.00259221 0.543076 -0.839683 -8.02458e-05 0.462602 -0.886566 4.15084e-05 0.456595 -0.889674 0.00109181 0.391043 -0.920372 6.65178e-06 0.311213 -0.95034 4.18482e-05 0.305353 -0.952239 0.000977882 0.232447 -0.972609 -0.000134007 0.142061 -0.989858 -9.71341e-05 0.14889 -0.988853 0.00122273 -0.00403695 -0.999992 -0.000724594 -0.00377514 -0.999993 -0.000683655 -0.0989924 -0.995088 0.000381832 -0.145713 -0.989322 0.00301925 -0.171213 -0.985234 -7.10187e-05 -0.22914 -0.965265 -0.125532 -0.307108 -0.951612 -0.0109602 -0.229554 -0.973296 1.12519e-05 -0.307126 -0.951668 0.00143441 -0.236501 -0.971508 0.0154871 -0.107443 -0.994211 2.14834e-06 -0.164003 -0.986114 -0.0261032 -0.145708 -0.989288 -0.00888705 -0.218741 -0.975783 0.00091992 -0.222087 -0.975027 0.000591556 -0.0382439 -0.999268 3.14836e-05 -0.00403686 -0.999968 -0.00694268 0.0247932 -0.999693 4.62672e-05 0.108836 -0.99406 0.000123713 0.142057 -0.989827 -0.00794586 0.193366 -0.981127 2.8845e-05 0.27791 -0.960607 0.000115063 0.305349 -0.952227 -0.00513535 0.357247 -0.93401 -4.0116e-05 0.447264 -0.894402 6.2971e-05 0.456595 -0.889673 -0.00179557 0.518867 -0.854855 0.000103707 0.591692 -0.806164 0.000147358 0.591089 -0.806607 9.06479e-06 0.660435 -0.750883 5.0495e-05 0.680539 -0.732711 -0.0005593 0.688216 -0.725506 0 -0.999679 -0.025347 1.2984e-05 -0.997652 0.0677903 -0.00979836 -0.998986 0.0408835 -0.0188425 -0.99809 0.0539847 -0.0300488 -0.99969 0.0244224 -0.0049413 -0.998195 0.0599424 0.00369016 -0.996955 0.0778035 0.00529521 -0.994423 -0.105469 -9.98109e-05 -0.99317 -0.116549 -0.00548045 -0.983141 -0.182847 1.09562e-05 -0.96773 -0.251991 -2.82861e-05 -0.962157 -0.272397 -0.00733169 -0.945152 -0.326631 4.19079e-06 -0.922489 -0.386024 -5.45361e-06 -0.907416 -0.420148 -0.00851875 -0.889281 -0.457361 1.50566e-06 -0.864719 -0.502256 5.12928e-06 -0.830002 -0.557737 -0.00507364 -0.825475 -0.564434 -0.00233294 -0.729611 -0.683824 -0.00725361 -0.756207 -0.654333 1.69849e-05 -0.788746 -0.61472 -5.59996e-06 -0.60732 -0.794362 0.0122699 -0.637565 -0.768876 0.0483774 -0.628422 -0.776921 0.0384612 -0.624898 -0.779925 0.0349034 -0.621931 -0.78242 0.0319634 -0.618166 -0.785536 0.0283746 -0.615096 -0.788039 0.0255365 -0.613607 -0.789242 0.0241726 -0.609999 -0.792125 0.0209479 -0.60552 -0.795647 0.0170392 -0.600773 -0.799314 0.0129742 -0.595218 -0.803521 0.00830761 -0.577666 -0.816271 0.00184841 -0.604345 -0.796708 -0.0048223 -0.608854 -0.79326 -0.00597164 -0.612591 -0.79037 -0.00693044 -0.614504 -0.788879 -0.00742223 -0.616925 -0.786981 -0.008052 -0.6203 -0.784314 -0.00893502 -0.622734 -0.782375 -0.00958376 -0.623634 -0.781655 -0.00982525 -0.625306 -0.780312 -0.0102816 -0.629562 -0.776865 -0.0114633 -0.640184 -0.768082 -0.0146421 -0.607363 -0.794418 -0.00314996 -0.66235 -0.749195 -3.11989e-06 -0.699595 -0.71454 1.97956e-05 -0.746402 -0.665438 0.00870421 -0.72366 -0.68967 0.0259082 -0.729486 -0.683707 0.0198746 -0.693081 -0.720859 0.00106724 -0.663167 -0.748471 -0.000513065 -0.847223 -0.531219 0.00444186 -0.827538 -0.561243 0.0136713 -0.82996 -0.557709 0.0112435 -0.795732 -0.605648 5.04912e-05 -0.7717 -0.635986 -4.50543e-05 -0.907418 -0.420149 0.00818367 -0.885979 -0.463725 4.43587e-05 -0.862464 -0.506118 -3.7005e-05 -0.962177 -0.272402 0.00357898 -0.957141 -0.289624 -3.69847e-06 -0.919456 -0.393192 1.70439e-06 -1 0.000891719 -1.96056e-06 -0.997464 -0.0711787 4.15734e-06 -0.993178 -0.11655 0.00364791 -0.988553 -0.150873 4.49354e-06 -0.977288 -0.211914 -2.1872e-06 -0.314509 -0.949255 0 -0.465718 -0.884933 0 -0.465718 -0.884933 0 -0.585144 -0.810929 0 -0.996532 0.0830158 0.00576525 -0.999162 0.0408907 0.00193211 -0.995212 0.0977383 0 -0.979637 0.200777 0 -0.979637 0.200777 0 -0.931312 0.364223 0 -0.931312 0.364223 0 -0.858621 0.512611 0 -0.858621 0.512611 0 -0.764188 0.644994 0 -0.764188 0.644994 0 -0.642775 -0.766055 0 -0.642775 -0.766055 0 -0.499983 -0.866035 0 -0.499983 -0.866035 0 -0.342083 -0.93967 0 -0.342083 -0.93967 0 -0.173637 -0.98481 0 -0.173637 -0.98481 0 0 -1 0 0 -1 0 0.173637 -0.98481 0 0.173637 -0.98481 0 0.342064 -0.939677 0 0.342064 -0.939677 0 0.499983 -0.866035 0 0.499983 -0.866035 0 0.642775 -0.766055 0 0.642775 -0.766055 0 0.766045 -0.642787 0 0.766045 -0.642787 0 0.866022 -0.500005 0 0.866022 -0.500005 0 0.939708 -0.341977 0 0.939708 -0.341977 0 0.984803 -0.173675 0 0.984803 -0.173675 0 1 0 0 1 0 0 0.984803 0.173675 0 0.984803 0.173675 0 0.939708 0.341977 0 0.939708 0.341977 0 0.866022 0.500005 0 0.866022 0.500005 0 0.766045 0.642787 0 0.766045 0.642787 0 0.642775 0.766055 0 0.642775 0.766055 0 0.499983 0.866035 0 0.499983 0.866035 0 0.342064 0.939677 0 0.342064 0.939677 0 0.173637 0.98481 0 0.173637 0.98481 0 0 1 0 0 1 0 -0.173637 0.98481 0 -0.173637 0.98481 0 -0.342083 0.93967 0 -0.342083 0.93967 0 -0.499983 0.866035 0 -0.499983 0.866035 0 -0.642775 0.766055 0 -0.642775 0.766055 0 -0.766016 0.642821 0 -0.766016 0.642821 0 -0.866048 0.499962 0 -0.866048 0.499962 0 -0.939708 0.341977 0 -0.939708 0.341977 0 -0.984803 0.173675 0 -0.984803 0.173675 0 -1 0 0 -1 0 0 -0.984803 -0.173675 0 -0.984803 -0.173675 0 -0.939708 -0.341977 0 -0.939708 -0.341977 0 -0.866048 -0.499962 0 -0.866048 -0.499962 0 -0.766016 -0.642821 0 -0.766016 -0.642821 0 -0.642781 -0.76605 0 -0.642781 -0.76605 0 -0.500002 -0.866024 0 -0.500002 -0.866024 0 -0.341984 -0.939706 0 -0.341984 -0.939706 0 -0.173675 -0.984803 0 -0.173675 -0.984803 0 0 -1 0 0 -1 0 0.173675 -0.984803 0 0.173675 -0.984803 0 0.341998 -0.939701 0 0.341998 -0.939701 0 0.499983 -0.866035 0 0.499983 -0.866035 0 0.642802 -0.766032 0 0.642802 -0.766032 0 0.766064 -0.642764 0 0.766064 -0.642764 0 0.866015 -0.500018 0 0.866015 -0.500018 0 0.939699 -0.342003 0 0.939699 -0.342003 0 0.984803 -0.173675 0 0.984803 -0.173675 0 1 0 0 1 0 0 0.984803 0.173675 0 0.984803 0.173675 0 0.939699 0.342003 0 0.939699 0.342003 0 0.866015 0.500018 0 0.866015 0.500018 0 0.766064 0.642764 0 0.766064 0.642764 0 0.642802 0.766032 0 0.642802 0.766032 0 0.499966 0.866045 0 0.499966 0.866045 0 0.342017 0.939694 0 0.342017 0.939694 0 0.173675 0.984803 0 0.173675 0.984803 0 0 1 0 0 1 0 -0.173675 0.984803 0 -0.173675 0.984803 0 -0.342003 0.939699 0 -0.342003 0.939699 0 -0.499985 0.866034 0 -0.499985 0.866034 0 -0.642781 0.76605 0 -0.642781 0.76605 0 -0.766064 0.642764 0 -0.766064 0.642764 0 -0.866015 0.500018 0 -0.866015 0.500018 0 -0.939685 0.342042 0 -0.939685 0.342042 0 -0.984818 0.173591 0 -0.984818 0.173591 0 -1 0 0 -1 0 0 -0.984818 -0.173591 0 -0.984818 -0.173591 0 -0.939685 -0.342042 0 -0.939685 -0.342042 0 -0.866015 -0.500018 0 -0.866015 -0.500018 0 -0.766064 -0.642764 0 -0.766064 -0.642764 0 -0.642802 -0.766032 0 -0.642802 -0.766032 0 -0.499966 -0.866045 0 -0.499966 -0.866045 0 -0.342037 -0.939687 0 -0.342037 -0.939687 0 -0.173668 -0.984804 0 -0.173668 -0.984804 0 0 -1 0 0 -1 0 0.173675 -0.984803 0 0.173675 -0.984803 0 0.342037 -0.939687 0 0.342037 -0.939687 0 0.499985 -0.866034 0 0.499985 -0.866034 0 0.642781 -0.76605 0 0.642781 -0.76605 0 0.766034 -0.6428 0 0.766034 -0.6428 0 0.866018 -0.500013 0 0.866018 -0.500013 0 0.939698 -0.342007 0 0.939698 -0.342007 0 0.98481 -0.173633 0 0.98481 -0.173633 0 1 0 0 1 0 0 0.98481 0.173633 0 0.98481 0.173633 0 0.939698 0.342007 0 0.939698 0.342007 0 0.866015 0.500018 0 0.866015 0.500018 0 0.766043 0.64279 0 0.766043 0.64279 0 0.642781 0.76605 0 0.642781 0.76605 0 0.500018 0.866015 0 0.500018 0.866015 0 0.342027 0.93969 0 0.342027 0.93969 0 0.173633 0.98481 0 0.173633 0.98481 0 0 1 0 0 1 0 -0.173626 0.984812 0 -0.173626 0.984812 0 -0.342027 0.93969 0 -0.342027 0.93969 0 -0.499999 0.866026 0 -0.499999 0.866026 0 -0.642802 0.766032 0 -0.642802 0.766032 0 -0.766064 0.642764 0 -0.766064 0.642764 0 -0.866015 0.500018 0 -0.866015 0.500018 0 -0.939683 0.342045 0 -0.939683 0.342045 0 -0.98481 0.173633 0 -0.98481 0.173633 0 -1 0 0 -1 0 0 -0.98481 -0.173633 0 -0.98481 -0.173633 0 -0.939683 -0.342045 0 -0.939683 -0.342045 0 -0.866018 -0.500013 0 -0.866018 -0.500013 0 -0.766055 -0.642775 0 -0.766055 -0.642775 0 -0.854408 0.225484 -0.468128 -0.574468 0.0547801 -0.816692 -0.530741 0.23044 0.815605 -0.489027 0.139159 -0.861096 -0.452378 0.223252 -0.863431 -0.398738 0.168469 -0.901458 -0.20312 0.0372577 -0.978445 -0.237368 0.0879447 -0.967431 -0.293335 0.147207 -0.944608 -0.582624 0.276104 0.764405 -0.0490642 0.00332598 -0.99879 -0.0544535 -0.016861 -0.998374 -0.127238 0.0111559 -0.99181 -0.921867 0.367809 0.121971 -0.436022 0.0430525 -0.898906 -0.637955 0.311859 0.704101 -0.912932 0.292431 -0.284675 -0.933949 0.317292 -0.164514 -0.940246 0.339529 -0.0256574 -0.926772 0.355697 0.120717 -0.898099 0.363506 0.247553 -0.580211 0.19549 -0.790657 -0.515856 0.153683 -0.842777 -0.305999 0.0613463 0.950053 -0.394791 0.0732738 -0.915844 -0.625021 0.244682 -0.741269 0.0697 -0.0240769 -0.997277 -0.321069 0.213967 -0.922569 -0.317221 0.213023 -0.924117 -0.476685 0.225958 -0.849538 -0.261647 0.181287 -0.947985 -0.457331 0.19982 -0.866556 -0.274606 0.162233 -0.947772 -0.271658 0.171724 -0.946949 -0.253954 0.142097 -0.956721 -0.231354 0.138798 -0.962918 -0.320193 0.135555 -0.937604 -0.369351 0.142848 -0.918245 -0.241407 0.111822 -0.96396 -0.275023 0.11744 -0.954238 -0.208518 0.0911666 -0.97376 -0.372228 0.100068 -0.922731 -0.401111 0.104117 -0.910093 -0.238006 0.0712999 -0.968643 -0.345916 0.0833291 -0.934558 -0.98138 0.124148 0.146561 -0.981382 0.124135 0.146561 -0.155002 0.0276963 -0.987526 -0.394786 0.0732928 -0.915845 -0.270319 0.0372964 -0.962048 -0.217496 0.0323232 -0.975526 -0.581133 0.264925 0.76948 -0.63935 0.288774 0.71263 -0.242642 0.220895 0.944632 -0.663581 0.320098 0.676164 -0.342665 0.247373 0.906304 -0.591172 0.301847 0.747933 -0.346552 0.263195 0.90035 -0.443496 0.288956 0.84842 -0.445887 0.282565 0.849318 -0.285176 0.14744 0.947067 -0.321736 0.153882 0.934241 -0.931967 -0.00740769 -0.362467 -0.972842 -0.041088 -0.227796 -0.990829 -0.0644386 -0.118766 -0.982732 -0.115389 0.144647 -0.996092 -0.0761674 -0.0447233 -0.996465 -0.0834303 -0.00986523 -0.991653 -0.102012 0.0788598 -0.988706 -0.10716 0.104772 -0.962825 -0.132965 0.235133 -0.963341 -0.132612 0.233213 -0.91335 -0.158607 0.375014 -0.920044 -0.155939 0.359447 -0.83687 -0.182539 0.516071 -0.867051 -0.174997 0.466475 -0.763067 -0.197618 0.615366 -0.811266 -0.188858 0.553336 -0.649542 -0.213174 0.72983 -0.728972 -0.205329 0.653023 -0.534743 -0.222656 0.815153 -0.626214 -0.217293 0.748759 -0.472227 -0.226954 0.851759 -0.529487 -0.22506 0.817919 -0.402839 -0.229677 0.885985 -0.439377 -0.229307 0.868542 -0.34678 -0.230765 0.909116 -0.362477 -0.230863 0.902947 -0.849452 0.0359297 -0.526441 -0.820516 0.0469727 -0.56969 -0.773246 0.0637308 -0.630895 -0.770951 0.0644057 -0.63363 -0.705324 0.0842568 -0.70386 -0.683954 0.08943 -0.724023 -0.618696 0.107859 -0.778192 -0.58726 0.112169 -0.801589 -0.510874 0.126971 -0.850227 -0.526915 0.127948 -0.840232 -0.437972 0.145464 -0.887142 -0.43579 0.144661 -0.888347 -0.440486 0.141755 -0.886497 -0.470588 0.131603 -0.872484 -0.442801 0.145025 -0.884814 -0.45085 0.141801 -0.881264 -0.460377 0.149513 -0.875042 -0.495741 0.150462 -0.855337 -0.500694 0.147212 -0.853015 -0.481136 0.148647 -0.863952 -0.542298 0.167468 -0.823327 -0.5636 0.186082 -0.804816 -0.570816 0.181802 -0.800698 -0.554262 0.176341 -0.813448 -0.571993 0.182147 -0.799779 -0.581625 0.200253 -0.788423 -0.581697 0.200829 -0.788223 -0.565366 0.184171 -0.804017 -0.71695 0.34243 0.607227 -0.76127 0.340239 0.552 -0.750488 0.337831 0.568013 -0.748708 0.342387 0.567633 -0.735109 0.33963 0.586742 -0.732852 0.34535 0.586227 -0.676478 0.333687 0.656529 -0.679276 0.326464 0.657271 -0.777636 0.345747 0.525111 -0.708686 0.327277 0.625023 -0.576784 0.294599 0.761926 -0.608267 0.303437 0.733442 -0.601957 0.320229 0.731507 -0.755605 0.351533 0.552707 -0.636098 0.332541 0.696273 -0.714769 0.347901 0.606688 -0.696481 0.34484 0.629285 -0.93127 0.352766 0.0910574 -0.930044 0.355995 0.0910267 -0.938047 0.336975 -0.080722 -0.936107 0.342337 -0.080681 -0.916931 0.317471 -0.241763 -0.914277 0.32514 -0.241622 -0.87662 0.298196 -0.377645 -0.873694 0.259765 -0.411316 -0.870442 0.270676 -0.411176 -0.821792 0.239207 -0.517144 -0.745176 0.188477 -0.639678 -0.776513 0.205712 -0.595576 -0.783963 0.209988 -0.584215 -0.812502 0.22661 -0.537111 0.160342 -0.189972 -0.968608 -0.84961 0.243021 -0.468086 -0.88341 0.267394 -0.384822 -0.930255 0.311403 -0.194047 -0.927666 0.319094 -0.193947 -0.895833 0.288997 -0.337586 -0.892836 0.298324 -0.337411 -0.848183 0.268567 -0.456572 -0.844883 0.27916 -0.456335 -0.794081 0.250874 -0.553622 -0.940566 0.335195 -0.0545996 -0.938578 0.340725 -0.0545748 -0.923561 0.314028 -0.220047 -0.920994 0.321565 -0.219923 -0.8861 0.293266 -0.358917 -0.883058 0.302556 -0.358703 -0.83676 0.274293 -0.473915 -0.537292 0.270345 0.798894 -0.00277033 0.0747305 0.9972 -0.581891 0.280216 0.763467 -0.603578 0.287329 0.743731 -0.642509 0.2995 0.705324 -0.662489 0.30584 0.683791 -0.711291 0.320401 0.625626 -0.728764 0.325662 0.602368 -0.76318 0.335306 0.552383 -0.744952 0.350422 0.567672 -0.738137 0.349557 0.57703 -0.7371 0.35213 0.576791 -0.75424 0.35455 0.552645 -0.756048 0.350057 0.553039 -0.770578 0.352356 0.531089 -0.772466 0.347615 0.53147 -0.784387 0.349747 0.512263 -0.785825 0.346107 0.512533 -0.795767 0.348108 0.495557 -0.796784 0.345514 0.495738 -0.824783 0.351594 0.442848 -0.795915 0.343114 0.49879 -0.796379 0.341917 0.498872 -0.561991 0.27108 0.781461 -0.564743 0.263215 0.782166 -0.606858 0.27803 0.744596 -0.619007 0.282382 0.732865 -0.665225 0.298321 0.684456 -0.676587 0.302308 0.671446 -0.730731 0.320435 0.602788 -0.740592 0.323787 0.588799 -0.804568 0.344105 0.484007 -0.804831 0.344196 0.483504 -0.428544 0.0739711 -0.900488 -0.443689 0.0804442 -0.892563 -0.436538 0.108347 -0.893138 -0.812461 0.301053 -0.499274 -0.804452 0.29722 -0.514312 -0.767796 0.279727 -0.576405 -0.758258 0.275313 -0.590972 -0.701902 0.249336 -0.667207 -0.680857 0.269283 -0.681117 -0.596095 0.232084 -0.76864 -0.604108 0.205949 -0.769831 -0.534446 0.17566 -0.826747 -0.540855 0.152706 -0.827137 -0.493107 0.131988 -0.859898 -0.500201 0.104619 -0.859566 -0.479301 0.0954837 -0.872441 -0.48684 0.0644203 -0.871113 -0.482792 0.062619 -0.873493 -0.488496 0.0376992 -0.871752 -0.510832 0.195174 -0.837232 -0.412331 0.152974 -0.898099 -0.419588 0.127146 -0.898766 -0.352801 0.0992696 -0.930418 -0.358888 0.0762466 -0.930261 -0.912018 0.361958 0.192899 -0.911639 0.362922 0.192876 -0.934097 0.354626 0.0412646 -0.932718 0.358239 0.0412464 -0.931354 0.34226 -0.124248 -0.92914 0.348253 -0.124172 -0.903533 0.32641 -0.277641 -0.900782 0.334092 -0.277441 -0.860105 0.310011 -0.405108 -0.855671 0.322637 -0.404639 -0.848988 0.319265 -0.421057 -0.303653 0.0241399 -0.952477 -0.264588 0.00980121 -0.964312 -0.224065 -0.00622695 -0.974554 -0.183096 -0.0166993 -0.982953 -0.110604 -0.0439463 -0.992892 -0.361073 0.0131442 -0.932445 -0.310924 -0.00555052 -0.950419 -0.282935 -0.016808 -0.958992 -0.230022 -0.0300642 -0.972721 -0.158147 -0.0571931 -0.985758 -0.146039 -0.0100585 -0.989228 -0.920532 0.371154 0.121923 -0.921921 0.371063 0.111235 -0.920414 0.374803 0.11118 -0.921318 0.374788 0.103475 -0.918759 0.381043 0.103381 -0.920188 0.390171 -0.0319553 -0.924639 0.379499 -0.0319873 -0.919582 0.363139 0.149998 -0.918657 0.365489 0.149954 -0.933065 0.359668 0.00532398 -0.931339 0.364115 0.00532625 -0.923895 0.350999 -0.15237 -0.920374 0.360198 -0.152214 -0.91783 0.35837 -0.170759 -0.912987 0.370654 -0.1705 -0.921217 0.365126 0.134323 -0.92008 0.368001 0.134271 -0.931665 0.363203 -0.00912377 -0.929821 0.367899 -0.00912248 -0.401136 0.117114 -0.908501 -0.927876 0.372013 -0.0255687 -0.924751 0.379715 -0.0255425 -0.91934 0.381132 0.0977329 -0.915439 0.390442 0.0976046 -0.59361 0.231012 -0.770883 -0.513052 0.196121 -0.835652 -0.520753 0.16989 -0.836632 -0.434315 0.133105 -0.890872 -0.440545 0.109973 -0.890969 -0.384929 0.086615 -0.918873 -0.391912 0.0591603 -0.918099 -0.858731 0.358333 -0.366304 -0.839927 0.379804 0.387648 -0.91225 0.406267 -0.052406 -0.907484 0.406283 0.106805 -0.909081 0.40437 -0.10028 -0.916327 0.387515 -0.100886 -0.907291 0.382196 -0.175353 -0.912197 0.370195 -0.175648 -0.902524 0.377467 0.207292 -0.89917 0.385524 0.207037 -0.907969 0.388496 0.157043 -0.90117 0.404177 0.156634 -0.882205 0.396695 0.253667 -0.610046 0.287879 0.738221 -0.675986 0.316461 0.665504 -0.666379 0.312397 0.677014 -0.736795 0.34253 0.58293 -0.78295 0.361863 0.506008 -0.891317 0.394332 -0.223731 -0.800267 0.358025 0.481031 -0.739054 0.332137 0.586076 -0.677129 0.306262 0.669104 -0.66976 0.303228 0.677845 -0.620846 0.282662 0.731199 -0.61304 0.279429 0.738987 -0.773381 0.34614 0.531101 -0.305133 0.152862 0.939961 -0.767116 0.341537 -0.543033 -0.787786 0.351122 -0.50607 -0.742701 0.329994 -0.582665 -0.698191 0.309174 -0.64571 -0.678386 0.299841 -0.670737 -0.609866 0.268196 -0.745744 -0.593589 0.260578 -0.761414 -0.521245 0.227289 -0.822584 -0.512057 0.223031 -0.829491 -0.462902 0.200571 -0.863419 -0.227575 0.0927668 -0.969332 -0.322891 0.134896 -0.936773 -0.327903 0.117231 -0.937409 -0.234526 0.0780327 -0.968973 -0.24084 0.0545344 -0.969032 -0.14408 0.0158601 -0.989439 -0.882605 0.396837 -0.252049 -0.847323 0.379828 -0.37118 -0.899965 0.399421 -0.174716 -0.539964 0.250244 0.803627 -0.85391 0.370327 -0.365643 -0.770799 0.332 -0.543733 -0.765017 0.329309 -0.553448 -0.681373 0.291502 -0.671385 -0.674314 0.288273 -0.679852 -0.596044 0.253269 -0.761962 -0.587636 0.249465 -0.769708 -0.514039 0.216787 -0.82992 -0.50537 0.212894 -0.836228 -0.404664 0.168453 -0.898816 -0.409543 0.151806 -0.899572 -0.330462 0.118293 -0.936377 -0.33736 0.0931162 -0.936759 -0.257017 0.0601366 -0.964534 -0.318648 0.13197 -0.938641 -0.28071 0.115561 -0.95281 -0.195677 0.0782448 -0.977542 -0.223892 0.0902933 -0.970422 -0.115554 0.0431584 -0.992363 -0.151672 0.0572365 -0.986772 -0.0732674 0.0246988 -0.997006 -0.0758572 0.00218872 -0.997116 -0.114317 0.0253055 -0.993122 -0.117122 0.0147862 -0.993007 -0.159801 0.0374333 -0.986439 -0.166606 0.0117074 -0.985954 -0.207806 0.0703303 -0.975639 -0.257547 0.0818156 -0.962796 -0.311096 0.181051 -0.932974 -0.212029 0.124802 -0.969262 -0.238508 0.106963 -0.965232 -0.222556 0.102129 -0.969556 -0.210444 0.0987465 -0.972606 -0.206492 0.0981937 -0.973509 -0.234674 0.103806 -0.966516 -0.267559 0.109288 -0.957323 -0.212767 0.103387 -0.971618 -0.212026 0.105931 -0.971506 -0.248991 0.111058 -0.962117 -0.254218 0.113582 -0.960454 -0.25924 0.117006 -0.958699 -0.219264 0.11148 -0.969276 -0.22421 0.066679 -0.972257 -0.220653 0.0675989 -0.973007 -0.214457 0.0774954 -0.973654 -0.23603 0.0862343 -0.967912 -0.196969 0.0824062 -0.97694 -0.224154 0.0846191 -0.970873 -0.302576 0.0929001 -0.948587 -0.231574 0.0834203 -0.969234 -0.223795 0.0805559 -0.971301 -0.2202 0.0793302 -0.972224 -0.324502 0.0931804 -0.941284 -0.266011 0.0844222 -0.960266 -0.189573 0.0720318 -0.979221 -0.20077 0.0735565 -0.976873 -0.180774 0.0685765 -0.981131 -0.208154 0.0751731 -0.975203 -0.209879 0.0688344 -0.975301 -0.232107 0.0723266 -0.969998 -0.165254 0.0490252 -0.985032 -0.167791 0.0395549 -0.985029 -0.230421 0.0360704 -0.972422 -0.225967 0.0530683 -0.972688 -0.29161 0.0584066 -0.954753 -0.230443 0.0476896 -0.971916 -0.225568 0.0659573 -0.971992 -0.488967 0.0991493 -0.866649 -0.411811 0.0906899 -0.906745 -0.363206 0.0852597 -0.9278 -0.222899 0.067121 -0.972528 -0.222118 0.0673012 -0.972694 -0.221328 0.067468 -0.972863 -0.325522 0.0810436 -0.942055 -0.311295 0.0794445 -0.946987 -0.286219 0.0766338 -0.955095 -0.219197 0.0678368 -0.973319 -0.215329 0.0682895 -0.974151 -0.198516 0.0692431 -0.977649 -0.142119 0.0615653 -0.987933 -0.190361 0.0692365 -0.97927 -0.258406 0.0382549 -0.965279 -0.257066 0.0381066 -0.965642 -0.289506 0.0420035 -0.956254 -0.188831 0.0297967 -0.981558 -0.285278 0.0386864 -0.957664 -0.214086 0.0732428 -0.974065 -0.220571 0.0490947 -0.974135 -0.217542 0.0489415 -0.974823 -0.221332 0.0344848 -0.974589 -0.260368 0.0384646 -0.964743 -0.206572 0.0748628 -0.975563 -0.18178 0.0564604 -0.981717 -0.194695 0.0589741 -0.979089 -0.198349 0.0453271 -0.979083 -0.195313 0.0453406 -0.979692 -0.197682 0.0363699 -0.979591 -0.233283 0.0366647 -0.971717 -0.500904 0.165763 -0.849481 -0.51549 0.146051 -0.844357 -0.517451 0.167389 -0.839182 -0.518612 0.16332 -0.839266 -0.578236 0.196875 -0.79176 -0.529114 0.152207 -0.834788 -0.531579 0.151179 -0.833408 -0.542054 0.169668 -0.823037 -0.562739 0.182089 -0.80633 -0.563887 0.185114 -0.804838 -0.577916 0.196495 -0.792088 -0.579211 0.198775 -0.790571 -0.575006 0.194871 -0.794603 -0.570689 0.189404 -0.799025 -0.565502 0.19793 -0.800644 -0.562468 0.196822 -0.803051 -0.559149 0.193065 -0.806275 -0.645828 0.261596 -0.717268 -0.645888 0.261638 -0.717199 -0.562359 0.208887 -0.800074 -0.541791 0.1919 -0.818314 -0.545923 0.203382 -0.812776 -0.54275 0.20285 -0.81503 -0.539654 0.199821 -0.817829 -0.665835 0.273622 -0.694114 -0.666078 0.273739 -0.693835 -0.541261 0.218932 -0.811853 -0.512177 0.19996 -0.835279 -0.509068 0.210509 -0.834587 -0.513337 0.213973 -0.831084 -0.57192 0.203633 -0.794633 -0.568351 0.197415 -0.798751 -0.5655 0.206677 -0.798432 -0.560733 0.1986 -0.803826 -0.557066 0.210512 -0.803344 -0.550907 0.200513 -0.810121 -0.54633 0.215352 -0.809412 -0.538483 0.203318 -0.817739 -0.532911 0.221282 -0.816725 -0.522966 0.20707 -0.826818 -0.51689 0.226513 -0.825541 -0.556589 0.189832 -0.808809 -0.553715 0.180916 -0.812816 -0.550219 0.192644 -0.812495 -0.546488 0.180593 -0.817763 -0.541876 0.196069 -0.817268 -0.537156 0.180591 -0.823924 -0.531281 0.200278 -0.823183 -0.525337 0.180975 -0.831426 -0.518046 0.205315 -0.830345 -0.562002 0.246898 -0.789427 -0.56189 0.246863 -0.789518 0.0697003 -0.0240742 -0.997277 -0.528901 0.214255 -0.821193 -0.5222 0.235389 -0.819695 -0.484993 0.21672 -0.847239 -0.482222 0.225413 -0.846553 -0.364212 0.192042 -0.911301 -0.488298 0.225032 -0.843164 -0.594797 0.255472 -0.762201 -0.357502 0.212096 -0.909509 -0.484214 0.237735 -0.842033 -0.483764 0.237563 -0.84234 -0.430226 0.222644 -0.874835 -0.477734 0.231896 -0.847346 -0.484059 0.211904 -0.84899 -0.483905 0.211865 -0.849087 -0.492942 0.181991 -0.850816 -0.483361 0.179232 -0.856877 -0.436579 0.230519 -0.869632 -0.434688 0.229878 -0.870748 -0.435971 0.230331 -0.869987 -0.941401 0.139794 0.306955 -0.940939 0.145111 0.305903 -0.981195 0.189262 0.0378959 -0.304862 0.212122 -0.928474 -0.318776 0.213924 -0.923373 -0.436797 0.230657 -0.869486 -0.437101 0.230795 -0.869297 -0.437361 0.230923 -0.869132 -0.319867 0.213632 -0.923064 -0.314559 0.212458 -0.925156 -0.319005 0.213388 -0.923418 -0.437488 0.231 -0.869048 -0.437331 0.230916 -0.869149 -0.428993 0.226392 -0.874478 0.956136 -0.2637 0.127542 -0.476691 0.225941 -0.849539 -0.329665 0.208861 -0.920705 -0.335303 0.19072 -0.922604 -0.319691 0.184137 -0.929457 -0.443755 0.198202 -0.873955 -0.361293 0.187152 -0.913478 -0.302665 0.177915 -0.936344 -0.300321 0.177617 -0.937155 -0.286986 0.173731 -0.942049 -0.372812 0.163305 -0.913423 -0.365455 0.187945 -0.911657 -0.328683 0.182446 -0.92665 -0.24893 0.158567 -0.955453 -0.288434 0.163843 -0.943378 -0.249139 0.163393 -0.954585 -0.278023 0.167387 -0.945878 -0.334979 0.161391 -0.928301 -0.313568 0.158222 -0.936291 -0.317074 0.146205 -0.937064 -0.34595 0.151654 -0.925916 -0.353828 0.123919 -0.927065 -0.381623 0.130386 -0.915076 -0.840688 0.039586 -0.540071 -0.880619 0.0221773 -0.473306 -0.903994 0.0113141 -0.427395 -0.897591 0.0145998 -0.440587 -0.951352 -0.0130846 -0.307829 -0.979464 -0.0377095 -0.198061 -0.991969 -0.0571791 -0.112821 -0.156079 -0.187717 0.969743 -0.454956 -0.133948 0.880382 -0.351467 -0.14038 0.925616 -0.357791 -0.139952 0.923255 -0.430594 -0.135661 0.892292 -0.436585 -0.13517 0.889451 -0.523813 -0.12862 0.842067 -0.529474 -0.128042 0.838607 -0.62406 -0.118868 0.772282 -0.629137 -0.11821 0.768253 -0.70707 -0.108594 0.698756 -0.731067 -0.105434 0.674111 -0.762754 -0.10018 0.638882 -0.816319 -0.0906455 0.570445 -0.819481 -0.0899832 0.565998 -0.873399 -0.0780573 0.480709 -0.876924 -0.0771191 0.474402 -0.927722 -0.0621767 0.368056 -0.929807 -0.0614075 0.36289 -0.970516 -0.043631 0.237056 -0.972229 -0.0425958 0.230123 -0.994317 -0.0246208 0.103577 -0.994858 -0.0238499 0.0984338 -0.999878 -0.00788669 -0.0134711 -0.999785 -0.00697366 -0.0195401 -0.993116 0.00696141 -0.116927 -0.992415 0.00782983 -0.12268 -0.978769 0.0194943 -0.204037 -0.97732 0.0205132 -0.21077 -0.948398 0.035506 -0.31509 -0.946491 0.0363979 -0.320671 -0.899105 0.0527455 -0.434543 -0.896129 0.0537049 -0.440531 -0.843469 0.0669634 -0.532988 -0.840039 0.0678128 -0.538272 -0.767677 0.0817524 -0.635601 -0.763338 0.0826703 -0.640688 -0.700608 0.0921109 -0.707576 -0.69572 0.0929637 -0.712272 -0.616229 0.102462 -0.780873 -0.610653 0.103799 -0.785066 -0.51054 0.111981 -0.852531 -0.504239 0.113919 -0.856017 -0.432867 0.116766 -0.893863 -0.433915 0.112734 -0.893873 -0.439027 0.113218 -0.891312 -0.303254 -0.141051 0.942412 -0.293063 -0.0953029 0.951332 -0.348451 -0.0912908 0.932871 -0.356627 -0.0905295 0.92985 -0.428082 -0.0847419 0.899758 -0.436356 -0.0838818 0.895856 -0.52221 -0.0758994 0.849433 -0.529401 -0.075042 0.845046 -0.623541 -0.0647649 0.779104 -0.630416 -0.0637995 0.773631 -0.702895 -0.0545056 0.709202 -0.708761 -0.0536229 0.703407 -0.759678 -0.0461091 0.648663 -0.764979 -0.0452068 0.642467 -0.817524 -0.0362905 0.574751 -0.822923 -0.0352202 0.567061 -0.87597 -0.0244527 0.481745 -0.879532 -0.0235897 0.475254 -0.929642 -0.0106655 0.368311 -0.932839 -0.00963174 0.360164 -0.972362 0.00500208 0.233425 -0.974151 0.00592287 0.225822 -0.994811 0.0198361 0.0997841 -0.995554 0.0207542 0.0918761 -0.999281 0.0325418 -0.0194731 -0.999052 0.0334753 -0.0278141 -0.991407 0.0432174 -0.123469 -0.990405 0.0440319 -0.130991 -0.975878 0.0519938 -0.212036 -0.974003 0.05286 -0.220282 -0.944625 0.062466 -0.322152 -0.941748 0.0633572 -0.330298 -0.894082 0.0732622 -0.441871 -0.890225 0.074051 -0.449462 -0.838191 0.0814785 -0.539256 -0.833488 0.0821829 -0.546391 -0.762205 0.0893671 -0.641137 -0.756491 0.0901144 -0.647766 -0.695439 0.0944135 -0.712356 -0.689081 0.095065 -0.718422 -0.611759 0.0987692 -0.784854 -0.604498 0.100124 -0.790289 -0.50715 0.102011 -0.8558 -0.498916 0.104274 -0.860354 -0.42833 0.103317 -0.897696 -0.42891 0.101061 -0.897676 -0.433434 0.101655 -0.895434 -0.433267 0.102298 -0.895441 -0.45287 0.106674 -0.885172 -0.449563 0.119187 -0.885261 -0.471902 0.125072 -0.872734 -0.428724 0.14014 -0.8925 -0.473724 0.15224 -0.867415 -0.44632 0.174039 -0.877786 -0.472916 0.180931 -0.862331 -0.463057 0.213402 -0.860255 -0.437357 0.208135 -0.874871 -0.432149 0.224662 -0.873369 -0.407585 0.221092 -0.885998 -0.453368 0.220228 -0.863688 -0.153147 -0.102152 0.98291 -0.44492 -0.0299834 0.895068 -0.346109 -0.04031 0.937328 -0.356569 -0.0390704 0.933452 -0.426413 -0.031864 0.903967 -0.436319 -0.03062 0.899271 -0.520417 -0.0213184 0.853646 -0.529836 -0.0200402 0.847864 -0.622776 -0.00881316 0.78235 -0.630973 -0.00758318 0.775768 -0.702366 0.00189114 0.711814 -0.710501 0.00312918 0.703689 -0.759519 0.01024 0.650405 -0.766398 0.0113759 0.642266 -0.818485 0.0196688 0.57419 -0.824143 0.0207087 0.566004 -0.876087 0.0300715 0.481215 -0.881516 0.03123 0.47112 -0.930241 0.0417689 0.364564 -0.933961 0.0427688 0.354807 -0.972069 0.0538138 0.228443 -0.974294 0.0547102 0.218538 -0.993595 0.0643185 0.0929131 -0.994519 0.0652119 0.0817273 -0.996976 0.0725292 -0.0278887 -0.996571 0.0732773 -0.0384337 -0.988153 0.0787198 -0.131744 -0.986638 0.0793857 -0.142277 -0.971609 0.083405 -0.221405 -0.969097 0.083998 -0.231939 -0.939288 0.0882385 -0.33159 -0.935643 0.0888032 -0.341594 -0.88794 0.0922587 -0.450612 -0.882882 0.0926974 -0.460354 -0.831652 0.0944121 -0.547212 -0.825647 0.0947183 -0.55618 -0.755569 0.0952849 -0.648102 -0.748307 0.0956362 -0.656422 -0.689094 0.0949991 -0.718418 -0.681032 0.0952308 -0.726034 -0.605992 0.0933651 -0.789972 -0.596855 0.094555 -0.796758 -0.502284 0.0903846 -0.859966 -0.491949 0.0928384 -0.86566 -0.422057 0.0880967 -0.902279 -0.422086 0.0879834 -0.902276 -0.418748 0.0874229 -0.903885 -0.439036 0.13255 -0.888638 -0.451081 0.132815 -0.882545 -0.452928 0.134106 -0.881403 -0.488987 0.139308 -0.861095 -0.496913 0.146184 -0.855399 -0.526395 0.153804 -0.836213 -0.527896 0.164309 -0.833263 -0.559087 0.181458 -0.809009 -0.561148 0.187433 -0.806215 -0.574027 0.196789 -0.794838 -0.57649 0.201135 -0.791962 -0.560368 0.187939 -0.806639 -0.576297 0.203904 -0.791394 -0.624902 0.244574 -0.741405 -0.353879 0.160439 0.921428 -0.373994 0.164568 0.912714 -0.431534 0.174891 0.884981 -0.523365 0.19089 0.830452 -0.541964 0.194327 0.817626 -0.622714 0.206664 0.754664 -0.904768 0.168264 -0.391258 -0.881632 0.158816 -0.444413 -0.849365 0.145846 -0.507256 -0.838268 0.142047 -0.526431 -0.790804 0.124745 -0.599222 -0.777564 0.120573 -0.617135 -0.720955 0.101602 -0.685493 -0.713284 0.0988873 -0.693864 -0.673875 0.087487 -0.733648 -0.646326 0.0789693 -0.758965 -0.812642 0.230172 0.535381 -0.825267 0.231397 0.51516 -0.869157 0.234013 0.435664 -0.87869 0.234557 0.415797 -0.919591 0.234587 0.315154 -0.926826 0.234443 0.293308 -0.957459 0.23045 0.173684 -0.961457 0.229534 0.151375 -0.974533 0.221749 0.0333494 -0.975426 0.220082 0.0103688 -0.973511 0.21063 -0.0889474 -0.971616 0.208329 -0.112078 -0.960595 0.198346 -0.194721 -0.956563 0.195717 -0.21606 -0.940956 0.186152 -0.282752 -0.934644 0.182951 -0.304909 -0.909271 0.170452 -0.379699 -0.451272 0.178767 0.874297 -0.440486 0.213717 0.87195 -0.551135 0.233416 0.801104 -0.311497 0.186289 0.931808 -0.39731 0.204926 0.894511 -0.363936 0.197825 0.910174 -0.763059 0.277489 0.58373 0.0488517 0.113563 0.992329 -0.753921 0.278452 0.595036 -0.770074 0.226189 0.596511 -0.756243 0.224506 0.614568 -0.831434 0.299772 0.467818 -0.88129 0.299612 0.36546 -0.869721 0.300263 0.391699 -0.924271 0.294921 0.242375 -0.91645 0.296609 0.268593 -0.95384 0.283596 0.0988103 -0.949837 0.286431 0.125566 -0.96282 0.266736 -0.0427718 -0.962516 0.270835 -0.0145326 -0.820834 0.158623 -0.548699 -0.806587 0.150895 -0.571532 -0.865137 0.181874 -0.467397 -0.853051 0.17482 -0.491673 -0.892972 0.198237 -0.404108 -0.882828 0.191677 -0.428807 -0.555227 0.288718 0.779978 -0.578342 0.292362 0.761607 -0.201151 0.213258 0.956064 -0.469021 0.271274 0.840494 -0.476305 0.250182 0.842937 -0.563208 0.266122 0.782289 -0.541341 0.262792 0.79868 -0.716084 0.219866 0.662483 -0.704729 0.256942 0.661316 -0.912676 0.198687 -0.357135 -0.729139 0.291192 0.619325 -0.720674 0.31475 0.617707 -0.766541 0.165277 -0.620563 -0.769187 0.153888 -0.620217 -0.833822 0.19143 -0.51778 -0.655123 0.0853935 -0.750681 -0.635596 0.0769303 -0.76818 -0.634035 0.084275 -0.768699 -0.640008 0.0869863 -0.763429 -0.636275 0.103946 -0.764428 -0.702298 0.104645 -0.70415 -0.683854 0.0962618 -0.723241 -0.681818 0.105837 -0.723825 -0.607413 0.0717602 -0.791138 -0.94164 0.233906 -0.242077 -0.935897 0.228397 -0.268201 -0.929447 0.253245 -0.268318 -0.733234 0.128312 -0.66776 -0.936255 0.270644 -0.224007 -0.95121 0.299962 -0.0722605 -0.950129 0.294395 -0.102896 -0.944746 0.320391 0.069322 -0.947995 0.316054 0.0376184 -0.918099 0.334516 0.212586 -0.925458 0.331835 0.182792 -0.877593 0.341095 0.336876 -0.888735 0.339745 0.307772 -0.844263 0.342165 0.412484 -0.493576 0.292449 0.819058 -0.490531 0.300821 0.817855 -0.439596 0.28799 0.850774 -0.444858 0.273263 0.852895 -0.393148 0.261062 0.881635 -0.402576 0.232824 0.885283 -0.351246 0.222591 0.909439 -0.235207 0.196092 0.951959 -0.61483 0.326197 0.718039 -0.591654 0.3223 0.738964 -0.656522 0.334148 0.676258 -0.660566 0.323738 0.677382 -0.700786 0.217743 0.679328 -0.639523 0.209515 0.739672 -0.628064 0.246509 0.738085 -0.646954 0.248763 0.72081 -0.636779 0.279031 0.718787 -0.656675 0.281428 0.699698 -0.648244 0.304949 0.6977 -0.668845 0.307454 0.676845 -0.662578 0.324101 0.67524 -0.572369 0.30852 0.759743 -0.595482 0.312279 0.740191 -0.512985 0.296179 0.805682 -0.509844 0.30465 0.804517 -0.486408 0.29985 0.820669 -0.957788 0.252796 -0.13688 -0.954703 0.247787 -0.164752 -0.949594 0.266676 -0.164785 -0.956805 0.287563 -0.0427867 -0.956489 0.282674 -0.0722846 -0.946921 0.30594 0.0986952 -0.950672 0.302331 0.0694182 -0.916562 0.318346 0.242014 -0.924545 0.316049 0.212906 -0.873061 0.323588 0.364766 -0.884329 0.322577 0.337499 -0.823008 0.323669 0.466793 -0.273765 0.233613 0.932994 -0.800801 0.331577 0.498772 -0.791467 0.355556 0.497151 -0.779939 0.354533 0.515753 -0.778383 0.35838 0.515445 -0.793566 0.359996 0.490567 -0.79494 0.356601 0.490823 -0.808405 0.35827 0.467038 -0.809858 0.354646 0.467286 -0.820518 0.3562 0.447071 -0.821544 0.353618 0.447235 -0.830231 0.355096 0.429678 -0.830869 0.353483 0.429774 -0.837504 0.354785 0.41559 -0.837795 0.354049 0.415632 -0.843344 0.35529 0.403163 -0.843304 0.355391 0.403158 -0.847637 0.356478 0.392981 -0.847291 0.357353 0.392934 -0.849603 0.357997 0.387315 -0.848544 0.360654 0.387171 -0.804345 0.345447 0.483421 -0.806996 0.346342 0.478336 -0.741001 0.3227 0.588883 -0.744773 0.324032 0.583366 -0.67767 0.299313 0.671696 -0.681625 0.300747 0.667037 -0.620586 0.27787 0.733254 -0.624832 0.279434 0.729042 -0.52522 0.241506 0.815977 -0.602923 0.270737 0.750457 -0.919237 0.215756 -0.32932 -0.910794 0.20942 -0.355805 -0.90519 0.232092 -0.35604 -0.914471 0.239744 -0.325983 -0.908907 0.260053 -0.325976 -0.932132 0.28457 -0.22394 -0.926348 0.277264 -0.25496 -0.945624 0.308577 -0.102842 -0.943708 0.302679 -0.133419 -0.943136 0.330276 0.0375684 -0.945449 0.325708 0.00629288 -0.920382 0.345793 0.182546 -0.927116 0.342774 0.151531 -0.883621 0.353241 0.307303 -0.894092 0.351669 0.27736 -0.839343 0.354843 0.411813 -0.686975 0.342503 0.640903 -0.822099 0.357787 0.44288 -0.819964 0.363074 0.442533 -0.83357 0.363831 0.415678 -0.834423 0.361723 0.415807 -0.845379 0.362525 0.392312 -0.846322 0.360176 0.392444 -0.855768 0.361086 0.37051 -0.856313 0.35972 0.370579 -0.863687 0.360621 0.352132 -0.86388 0.360137 0.352156 -0.869471 0.360981 0.337212 -0.869347 0.361295 0.337197 -0.873898 0.362123 0.324298 -0.873484 0.363161 0.324253 -0.876451 0.363796 0.315415 -0.875769 0.365498 0.315342 -0.878298 0.36612 0.307488 -0.876787 0.369857 0.307329 -0.851263 0.361584 0.380275 -0.848908 0.367405 0.379958 -0.805264 0.350745 0.478046 -0.803437 0.350062 0.481607 -0.743751 0.326742 0.583159 -0.741496 0.325876 0.586506 -0.681186 0.301953 0.666941 -0.679011 0.301104 0.669538 -0.624839 0.279414 0.729043 -0.622333 0.278428 0.73156 -0.582066 0.262218 0.769702 -0.703412 0.166442 -0.69102 -0.708292 0.146467 -0.690558 -0.7456 0.166243 -0.645325 -0.748386 0.154524 -0.645012 -0.816229 0.194094 -0.544149 -0.819126 0.18214 -0.543928 -0.85163 0.202463 -0.483461 -0.847058 0.220448 -0.483627 -0.818912 0.202401 -0.537045 -0.938384 0.339489 0.0646682 -0.781402 0.186756 -0.595427 -0.744759 0.165761 -0.646419 -0.73981 0.185553 -0.646724 -0.705743 0.167658 -0.688345 -0.906072 0.362003 0.219058 -0.905616 0.363163 0.219027 -0.933175 0.353561 0.0646463 -0.932019 0.356602 0.0646271 -0.934929 0.339088 -0.104533 -0.932838 0.344818 -0.104473 -0.910147 0.3216 -0.261162 -0.907427 0.329334 -0.26099 -0.873593 0.307246 -0.377406 0.0025953 -0.0714866 -0.997438 -0.831935 0.289302 -0.473486 -0.818702 0.282413 -0.49997 -0.789058 0.26717 -0.55318 -0.774196 0.259831 -0.577156 -0.74714 0.246529 -0.617257 -0.708376 0.228203 -0.667927 -0.704952 0.226565 -0.672095 -0.643524 0.198082 -0.739351 -0.650577 0.172503 -0.73959 -0.602586 0.150013 -0.783828 -0.609987 0.12043 -0.783207 -0.584409 0.108223 -0.80421 -0.590368 0.0823956 -0.802918 -0.585898 0.0802864 -0.806398 -0.589251 0.0649634 -0.805334 -0.588737 0.0647393 -0.805728 -0.589875 0.0593966 -0.805307 -0.603446 0.0653852 -0.794718 -0.905843 0.285494 -0.312955 -0.902854 0.294967 -0.312809 -0.860486 0.263609 -0.435976 -0.8572 0.274403 -0.435788 -0.818369 0.250996 -0.516985 0.185381 -0.167017 -0.968369 -0.776973 0.235052 -0.584006 -0.754033 0.223182 -0.617757 -0.738024 0.214952 -0.639622 -0.711977 0.20201 -0.672518 -0.698474 0.195325 -0.688464 -0.659464 0.176638 -0.730689 -0.666838 0.147943 -0.730369 -0.649692 0.139364 -0.747313 -0.654608 0.118643 -0.746601 -0.452552 0.0196103 -0.891522 -0.699087 0.128801 -0.70334 -0.701263 0.119047 -0.702893 -0.78612 0.163882 -0.595952 -0.916469 0.362058 0.170291 -0.9158 0.363762 0.170258 -0.933902 0.35681 0.0226613 -0.932339 0.360875 0.0226515 -0.927653 0.346359 -0.139625 -0.925354 0.352489 -0.139536 -0.897674 0.331994 -0.289762 -0.89359 0.343108 -0.289439 -0.889234 0.340681 -0.305286 -0.883863 0.354801 -0.304799 -0.843203 0.335125 -0.420357 0.0613602 -0.0479419 -0.996964 -0.796022 0.321024 -0.513121 -0.772316 0.310281 -0.554305 -0.749827 0.300051 -0.589685 -0.682743 0.270109 -0.678899 -0.691047 0.244538 -0.680188 -0.616448 0.211255 -0.758527 -0.622932 0.188957 -0.759112 -0.563686 0.162513 -0.809844 -0.570781 0.135788 -0.809797 -0.53417 0.119312 -0.836916 -0.541651 0.0887533 -0.835905 -0.531961 0.0843085 -0.842561 -0.537846 0.058617 -0.841003 -0.538999 0.0591412 -0.840228 -0.541909 0.045859 -0.839185 -0.759443 0.129491 -0.637556 -0.742932 0.121431 -0.658261 -0.741241 0.129338 -0.65866 -0.804177 0.161848 -0.57193 -0.788605 0.152905 -0.595586 -0.850147 0.187584 -0.491999 -0.836686 0.179275 -0.51751 -0.87949 0.205902 -0.42907 -0.636294 0.312498 0.705319 -0.885256 0.217428 -0.411154 -0.878607 0.242708 -0.41127 -0.521752 0.0475702 -0.85177 -0.886721 0.256043 -0.384926 -0.922702 0.289254 -0.254859 -0.916181 0.281961 -0.284798 -0.939942 0.314211 -0.133342 -0.937041 0.307992 -0.164604 -0.941657 0.336516 0.00628527 -0.943034 0.331703 -0.025672 -0.923441 0.352623 0.151372 -0.929097 0.349551 0.1208 -0.890649 0.360532 0.277058 -0.899903 0.358919 0.247694 -0.862315 0.362317 0.353751 -0.861121 0.365289 0.353603 -0.872058 0.364987 0.326037 -0.872301 0.364382 0.326064 -0.881229 0.364271 0.301234 -0.881557 0.36345 0.301267 -0.88859 0.363523 0.279748 -0.888576 0.363557 0.279746 -0.894211 0.363769 0.260881 -0.893887 0.364586 0.260853 -0.898481 0.364899 0.244093 -0.897877 0.366413 0.244045 -0.900978 0.366733 0.231833 -0.900132 0.368844 0.231768 -0.902736 0.369212 0.220795 -0.901658 0.371882 0.220716 -0.902996 0.372124 0.21476 -0.900992 0.377033 0.214616 -0.878482 0.370404 0.301779 -0.875655 0.377272 0.301485 -0.861582 0.372237 0.345131 -0.855703 0.386361 0.344235 -0.203746 -0.0113364 -0.978958 -0.215577 -0.0586095 -0.974726 -0.28659 -0.0319977 -0.957519 -0.344718 -0.0180882 -0.938532 -0.366339 -0.00937301 -0.930434 -0.421083 0.0109907 -0.906955 -0.216627 -0.00230521 0.976252 -0.376791 0.0706805 0.923598 -0.344658 0.0659849 0.936406 -0.360274 0.0685831 0.930322 -0.424208 0.07786 0.902211 -0.439084 0.0803176 0.894849 -0.5182 0.0916145 0.850338 -0.532185 0.0939089 0.841404 -0.620027 0.106181 0.777363 -0.632833 0.10827 0.766681 -0.70005 0.117411 0.704376 -0.711686 0.119134 0.692323 -0.756965 0.125129 0.641363 -0.767314 0.126639 0.628643 -0.815236 0.132783 0.563701 -0.824555 0.134113 0.549657 -0.873166 0.14004 0.466872 -0.880717 0.141082 0.452143 -0.925999 0.146117 0.348103 -0.931776 0.146867 0.331999 -0.966486 0.149935 0.208386 -0.969743 0.150294 0.192382 -0.986145 0.150582 0.0695956 -0.987157 0.150594 0.0533157 -0.987492 0.148734 -0.052326 -0.986554 0.148451 -0.0683627 -0.976816 0.145351 -0.157174 -0.974073 0.14479 -0.17383 -0.958781 0.141124 -0.246625 -0.95452 0.140337 -0.263054 -0.924839 0.134093 -0.355937 -0.918677 0.133188 -0.371877 -0.871739 0.124099 -0.473994 -0.863875 0.122937 -0.488473 -0.814462 0.113839 -0.56894 -0.805211 0.112473 -0.582225 -0.738391 0.100587 -0.666829 -0.727056 0.0992337 -0.679368 -0.671962 0.089638 -0.735141 -0.659762 0.0881515 -0.746286 -0.58977 0.0761425 -0.803974 -0.575918 0.0762696 -0.813942 -0.487404 0.0610449 -0.87104 -0.471832 0.0633675 -0.879408 -0.402928 0.0512065 -0.913798 -0.401113 0.0585575 -0.914155 -0.384832 0.0547079 -0.921364 -0.293211 0.106801 0.950064 -0.328489 0.113313 0.937686 -0.34744 0.116492 0.930438 -0.365516 0.119876 0.923053 -0.426051 0.12977 0.895343 -0.443567 0.132958 0.886324 -0.519139 0.144775 0.842339 -0.535675 0.147674 0.831411 -0.620086 0.160061 0.768032 -0.635048 0.162556 0.755175 -0.69941 0.171258 0.6939 -0.71296 0.173201 0.679477 -0.755545 0.178466 0.630319 -0.768069 0.180136 0.614509 -0.813489 0.185137 0.551326 -0.823963 0.186383 0.535114 -0.870564 0.190559 0.453657 -0.879712 0.191437 0.435269 -0.922729 0.193751 0.333215 -0.929117 0.194089 0.314757 -0.961948 0.19334 0.193071 -0.965728 0.193118 0.17342 -0.980512 0.189038 0.0534823 -0.981552 0.188268 0.0333209 -0.980851 0.182275 -0.0686119 -0.979464 0.181048 -0.0887251 -0.969159 0.174161 -0.174353 -0.965643 0.17254 -0.194331 -0.950268 0.165615 -0.263748 -0.945264 0.163788 -0.282222 -0.9153 0.152867 -0.372636 -0.90809 0.15084 -0.390665 -0.861496 0.136266 -0.489138 -0.851681 0.133772 -0.5067 -0.803764 0.120224 -0.582674 -0.792225 0.117469 -0.598816 -0.726847 0.100291 -0.679437 -0.713531 0.0976635 -0.693783 -0.660527 0.0844629 -0.746036 -0.645771 0.0816301 -0.759155 -0.578279 0.0655025 -0.813205 -0.56181 0.0646792 -0.824734 -0.476141 0.0449103 -0.878221 -0.457683 0.046804 -0.887883 -0.389008 0.0312777 -0.920703 -0.385749 0.0446483 -0.921523 -0.379824 0.0430809 -0.924055 -0.374745 0.0633382 -0.924962 -0.374473 0.0632621 -0.925077 -0.367003 0.0919898 -0.92566 -0.336072 0.0837968 -0.938101 -0.327788 0.114336 -0.937807 -0.29709 0.10735 -0.948796 -0.29169 0.126632 -0.948094 -0.2684 0.122204 -0.955525 -0.268148 0.123092 -0.955482 -0.289945 0.126497 -0.948647 -0.246039 0.130112 -0.960487 -0.210523 0.125003 -0.969564 -0.196505 0.124599 -0.972554 -0.234024 0.129894 -0.963514 -0.265993 0.13228 -0.954856 -0.326968 0.1384 -0.934846 -0.225141 0.124677 -0.966316 -0.236105 0.124241 -0.963752 -0.257705 0.122418 -0.958437 -0.160922 0.108751 -0.980957 -0.2182 0.115107 -0.969092 -0.517969 0.0367746 -0.854609 -0.473735 0.0236439 -0.88035 -0.444423 0.013825 -0.895711 -0.396793 0.00638115 -0.917886 -0.327431 -0.0154566 -0.944749 -0.321606 0.00867848 -0.946834 -0.281137 -0.00444056 -0.959658 -0.272321 0.0305444 -0.961722 -0.262873 0.0276945 -0.964433 -0.253989 0.0616743 -0.965239 -0.185018 0.0432622 -0.981782 -0.184779 0.0441579 -0.981788 -0.136718 0.0423908 -0.989703 -0.139471 0.0321168 -0.989705 -0.1514 0.0329699 -0.987923 -0.150945 0.034676 -0.987934 -0.175182 0.0337331 -0.983958 -0.301623 -0.0427633 0.952468 -0.289568 0.00552466 0.957142 -0.344848 0.0123154 0.938578 -0.357509 0.0141284 0.933803 -0.424919 0.0225391 0.904951 -0.436994 0.0243047 0.899136 -0.519078 0.0347656 0.85402 -0.530665 0.036514 0.846795 -0.62124 0.0483948 0.782124 -0.631815 0.050064 0.773501 -0.701759 0.0595444 0.709922 -0.711087 0.0609585 0.700456 -0.758479 0.0676011 0.648182 -0.767314 0.0689902 0.63755 -0.817148 0.0762404 0.571363 -0.824729 0.0774945 0.560193 -0.875514 0.085292 0.475606 -0.881682 0.0863949 0.463868 -0.928892 0.0942945 0.358147 -0.933441 0.0952239 0.345862 -0.970007 0.102392 0.220458 -0.972868 0.103161 0.207089 -0.990706 0.108188 0.0824482 -0.991661 0.108736 0.0691753 -0.993016 0.111484 -0.0386059 -0.992358 0.111857 -0.0520926 -0.983253 0.113005 -0.14298 -0.981162 0.113219 -0.156534 -0.965869 0.113306 -0.232936 -0.962677 0.113373 -0.245764 -0.93271 0.112272 -0.342705 -0.9281 0.112284 -0.354997 -0.880466 0.109348 -0.461328 -0.874172 0.109153 -0.47319 -0.823904 0.105344 -0.556853 -0.816028 0.104962 -0.568402 -0.747654 0.09914 -0.656646 -0.738731 0.0988249 -0.666716 -0.681381 0.0935144 -0.72593 -0.67126 0.0930456 -0.735359 -0.598769 0.0859165 -0.7963 -0.587435 0.0867195 -0.804612 -0.495799 0.0768044 -0.865034 -0.48308 0.0792893 -0.871979 -0.413743 0.0708005 -0.907637 -0.413096 0.0733826 -0.907726 -0.412575 0.0732764 -0.907972 -0.410241 0.0824455 -0.908243 -0.419114 0.0847278 -0.903972 -0.413461 0.106349 -0.90429 -0.436285 0.112383 -0.892763 -0.381533 0.130708 -0.915067 -0.453665 0.14843 -0.878725 -0.399 0.167576 -0.901508 -0.426588 0.173868 -0.887577 -0.416981 0.205644 -0.885346 -0.383509 0.200116 -0.901596 -0.381558 0.206397 -0.901007 -0.396853 0.208282 -0.893939 -0.474431 0.0204941 -0.880054 -0.422984 0.00255163 -0.906133 -0.399707 -0.00636154 -0.916621 -0.344668 -0.0178716 -0.938555 -0.274564 -0.0428227 -0.960615 -0.26553 -0.00584244 -0.964085 -0.222275 -0.0204156 -0.97477 -0.218693 -0.00623687 -0.975774 -0.147566 0.00596769 -0.989034 -0.120562 -0.0186667 -0.99253 -0.116247 -0.00223447 -0.993218 -0.10104 -0.00741737 -0.994855 -0.482378 0.225518 -0.846436 -0.498581 0.229606 -0.835881 -0.504644 0.210337 -0.837313 -0.502166 0.209594 -0.838987 -0.510552 0.181747 -0.840419 -0.485046 0.17347 -0.857111 -0.491358 0.168551 -0.854492 -0.456678 0.179086 -0.87142 -0.508306 0.139174 -0.849856 -0.474069 0.130201 -0.870808 -0.475397 0.125236 -0.870812 -0.446573 0.119929 -0.886673 -0.445586 0.123661 -0.886657 -0.437282 0.12318 -0.890848 -0.435831 0.1287 -0.890779 -0.508058 0.122048 -0.852632 -0.512467 0.120569 -0.8502 -0.615481 0.105884 -0.781007 -0.619373 0.104757 -0.778076 -0.701146 0.0892607 -0.707409 -0.704558 0.0884266 -0.704116 -0.768968 0.0736672 -0.635029 -0.77188 0.0728217 -0.631584 -0.84525 0.052035 -0.531832 -0.847873 0.0511314 -0.527729 -0.900832 0.032019 -0.432985 -0.902747 0.0311756 -0.429041 -0.94958 0.00851913 -0.31341 -0.950952 0.00765463 -0.309243 -0.979171 -0.0126727 -0.202641 -0.97993 -0.0134046 -0.198889 -0.992822 -0.0288224 -0.116079 -0.993096 -0.0292986 -0.113588 -0.998779 -0.0474999 -0.0135973 -0.998789 -0.0481455 -0.0101358 -0.992472 -0.0679783 0.101877 -0.991926 -0.0688191 0.106519 -0.968218 -0.0905122 0.233157 -0.967174 -0.0912158 0.237178 -0.925581 -0.111731 0.361685 -0.923834 -0.112442 0.365907 -0.87198 -0.12923 0.472176 -0.870248 -0.129725 0.475227 -0.815975 -0.142596 0.560223 -0.813442 -0.143149 0.563756 -0.732486 -0.157298 0.662361 -0.729439 -0.157809 0.665594 -0.627769 -0.170314 0.759538 -0.624313 -0.170723 0.762291 -0.529431 -0.178763 0.829305 -0.525509 -0.179096 0.831724 -0.43775 -0.184149 0.880036 -0.433644 -0.184397 0.882015 -0.359665 -0.187169 0.914117 -0.355506 -0.187347 0.915706 -0.300171 -0.188636 0.935048 -0.3087 -0.230961 0.922692 -0.307975 -0.230964 0.922934 -0.371074 0.155936 -0.915417 -0.259026 0.106267 -0.960007 -0.263706 0.0894207 -0.960449 -0.199656 0.0637133 -0.977792 -0.121768 0.0316853 -0.992053 -0.11893 0.0306775 -0.992429 -0.0464044 0.00177593 -0.998921 -0.0446367 0.00834408 -0.998968 -0.0750421 0.0201153 -0.996978 -0.532221 0.0417545 -0.845575 -0.532211 0.0418032 -0.845579 -0.482796 0.0238439 -0.875408 -0.480504 0.0341993 -0.876325 -0.427666 0.0137585 -0.903832 -0.422278 0.0371234 -0.905706 -0.373579 0.0183572 -0.927417 -0.366277 0.0484562 -0.929243 -0.328149 0.0340999 -0.94401 -0.321373 0.0608133 -0.944998 -0.257656 0.0370348 -0.965527 -0.262623 0.038715 -0.964122 -0.177511 0.00500034 -0.984106 -0.148921 -0.00258762 -0.988846 -0.0761657 -0.0301413 -0.99664 -0.0692291 -0.00395517 -0.997593 -0.0678358 -0.00443557 -0.997687 -0.06432 0.00873482 -0.997891 -0.0876097 0.0122044 -0.99608 -0.0844537 0.0239747 -0.996139 -0.12314 0.0271158 -0.992019 -0.195028 0.0891927 -0.976734 -0.23548 0.0947871 -0.967246 -0.189622 0.0932909 -0.977415 -0.224951 0.0983771 -0.969391 -0.255542 0.0963964 -0.96198 -0.233478 0.0928908 -0.967915 -0.2325 0.0964203 -0.967805 -0.243499 0.0985627 -0.96488 -0.2463 0.0884051 -0.965153 -0.271396 0.0941421 -0.957853 -0.278552 0.0676344 -0.958037 -0.31236 0.0766104 -0.94687 -0.320956 0.0435678 -0.946092 -0.328067 0.0456665 -0.94355 -0.33466 0.0193445 -0.94214 -0.367845 0.0291852 -0.929429 -0.371796 0.0128001 -0.928226 -0.440459 0.0312157 -0.89723 -0.461564 0.0299665 -0.886601 -0.516126 0.0451677 -0.855321 -0.564048 0.0543914 -0.823949 -0.573742 0.0581794 -0.816967 -0.629461 0.0747219 -0.773431 -0.629761 0.0732921 -0.773324 -0.673532 0.0891475 -0.733763 -0.655798 0.0821582 -0.750452 -0.720016 0.106203 -0.685783 -0.703401 0.0993401 -0.703817 -0.776042 0.128082 -0.617538 -0.761118 0.121466 -0.637139 -0.835924 0.153577 -0.52692 -0.823232 0.14732 -0.548257 -0.878582 0.173648 -0.444904 -0.86813 0.168125 -0.466994 -0.905624 0.18794 -0.380162 -0.896465 0.182561 -0.40376 -0.930402 0.202838 -0.305302 -0.923329 0.197983 -0.32904 -0.951557 0.218479 -0.216349 -0.946432 0.2139 -0.241894 -0.96571 0.234113 -0.112228 -0.963435 0.230397 -0.136782 -0.968442 0.249025 0.0103219 -0.969151 0.246042 -0.0144925 -0.953243 0.26155 0.151388 -0.957567 0.259373 0.125663 -0.917436 0.26891 0.293256 -0.925201 0.267774 0.268888 -0.868408 0.270596 0.415506 -0.879203 0.270365 0.392307 -0.814388 0.268281 0.514584 0.117854 0.0954032 0.988438 -0.784631 0.281464 0.552387 -0.767813 0.328924 0.549793 -0.917691 0.239459 -0.317021 -0.750604 0.336085 0.568895 -0.705283 0.330761 0.627036 -0.700115 0.343898 0.625758 -0.944566 0.328319 0.00122884 -0.696168 0.345622 0.629202 -0.613226 0.330311 0.71753 -0.635444 0.334205 0.696074 -0.557555 0.31796 0.766834 -0.560667 0.30976 0.76792 -0.461603 0.283759 0.840478 -0.632902 0.31074 0.709137 -0.533199 0.281664 0.797725 0.231929 -0.852822 -0.467871 0.239801 -0.524937 -0.816662 0.0657924 -0.574745 0.815684 0.123997 -0.493099 -0.861091 0.0534752 -0.429573 -0.901448 0.0864687 -0.508233 -0.856868 0.0692954 -0.19454 -0.978444 0.047496 -0.248234 -0.967535 0.027393 -0.283227 -0.958662 0.0639218 -0.743587 0.665577 0.021653 -0.0441556 -0.99879 0.0418323 -0.0387288 -0.998374 0.0539611 -0.11577 -0.991809 0.142496 -0.982395 0.120811 0.180744 -0.3992 -0.898872 0.203179 -0.936999 -0.284166 0.19228 -0.967328 -0.16524 0.175892 -0.984112 -0.0241802 0.15544 -0.980511 0.120152 0.13429 -0.959587 0.247304 0.0236741 -0.681518 0.731419 0.122685 -0.560857 -0.818772 0.310437 -0.17216 0.934874 0.226159 -0.216097 0.949818 0.138609 -0.267768 0.953461 0.018963 -0.227597 -0.973571 0.117359 -0.568885 -0.814001 0.112565 -0.578427 -0.807931 0.115241 -0.570213 -0.813374 0.115613 -0.569295 -0.813964 0.101549 -0.560133 -0.822155 0.0965223 -0.57086 -0.815354 0.0989577 -0.560958 -0.821909 0.0990424 -0.560716 -0.822063 0.0778087 -0.54526 -0.834648 0.0721634 -0.553307 -0.829845 0.0744255 -0.545362 -0.83489 0.0744597 -0.545354 -0.834892 0.0438245 -0.520347 -0.85283 0.0442734 -0.520248 -0.852867 0.0174017 -0.483583 -0.875125 -0.0320616 -0.363282 -0.931127 -0.0186079 -0.393469 -0.91915 -0.012521 -0.409591 -0.912184 -0.0113329 -0.409328 -0.912317 -0.0105326 -0.402831 -0.915214 0.0088461 -0.399676 -0.916614 0.0422637 -0.464375 -0.88463 -0.00168042 -0.276947 -0.960884 -0.00427774 -0.292986 -0.956107 -0.00521622 -0.293214 -0.956033 0.00611835 -0.253614 -0.967286 0.0359503 -0.296808 -0.95426 0.0144415 -0.239384 -0.970818 0.0153408 -0.235214 -0.971823 0.021478 -0.216549 -0.976035 0.0288618 -0.202703 -0.978815 0.0283072 -0.201315 -0.979117 0.0336596 -0.19991 -0.979236 0.0918563 -0.328318 -0.94009 0.111149 -0.372591 -0.921315 -0.00383899 -0.0605101 -0.99816 0.0409235 -0.189758 -0.980978 0.0406713 -0.190524 -0.98084 0.0805585 -0.204686 -0.975507 0.0759534 -0.717565 0.692338 0.0758018 -0.717588 0.69233 -0.0401818 -0.475747 0.878664 -0.0421073 -0.48045 0.876011 -0.0201995 -0.554987 0.831614 -0.0819274 -0.253448 0.963874 -0.00174985 -0.582519 0.812815 0.0111008 -0.56001 0.828411 -0.0335955 -0.474498 0.879615 0.114119 -0.856984 0.502549 -0.0321061 -0.430201 0.902162 0.428856 -0.201979 0.880504 0.454562 -0.247808 0.855549 0.497088 -0.325675 0.804264 0.561304 -0.461185 0.687202 0.544039 -0.422256 0.725067 0.538499 -0.410722 0.735749 0.512374 -0.356619 0.781215 0.481282 -0.297015 0.824712 0.640363 -0.691367 0.334585 0.62641 -0.615445 0.478371 0.593026 -0.524941 0.610538 0.634908 -0.750537 0.183263 0.619011 -0.778195 0.106005 0.603363 -0.797429 -0.00772689 0.605328 -0.795964 0.00446966 0.548776 -0.808536 -0.212403 0.573613 -0.80879 -0.129717 0.567699 -0.809204 -0.151349 0.608112 -0.793596 0.0201164 0.527647 -0.804597 -0.272417 0.516057 -0.801493 -0.302148 0.499204 -0.795364 -0.34379 0.462926 -0.77887 -0.423155 0.464724 -0.77984 -0.419381 0.41002 -0.747388 -0.522777 0.413458 -0.749733 -0.516675 0.378434 -0.725863 -0.574379 0.342219 -0.699048 -0.627868 0.343754 -0.700313 -0.625616 0.305491 -0.669323 -0.677261 0.285408 -0.652658 -0.70184 0.247887 -0.618075 -0.746013 0.216409 -0.591552 -0.776681 0.143076 -0.508685 -0.848981 0.156159 -0.535288 -0.830109 0.125374 -0.460777 -0.878616 0.0917632 -0.457858 -0.884277 0.0896785 -0.452679 -0.887152 0.0864723 -0.45205 -0.887791 0.114527 -0.47836 -0.870664 0.136819 -0.535447 -0.833413 0.148318 -0.539082 -0.829091 0.132857 -0.532236 -0.836106 0.123621 -0.522386 -0.843701 0.114486 -0.605503 -0.787565 0.11542 -0.605292 -0.787591 0.115565 -0.608293 -0.785254 0.132606 -0.542937 -0.829238 0.120812 -0.588275 -0.799585 0.115536 -0.607267 -0.786053 0.115816 -0.605044 -0.787724 0.119088 -0.598677 -0.792088 0.119108 -0.596537 -0.793698 0.120921 -0.579052 -0.806273 0.127808 -0.584095 -0.80156 0.124292 -0.572195 -0.810645 0.0568774 -0.751408 0.657382 0.0492222 -0.752597 0.656639 0.0733413 -0.830085 0.552792 0.0300664 -0.717175 0.696244 0.0495625 -0.775497 0.629402 0.0561532 -0.793126 0.606463 0.0619724 -0.792282 0.607 0.0674426 -0.80764 0.585806 0.0735214 -0.806735 0.586322 0.0777682 -0.819396 0.567929 0.0826126 -0.818657 0.56831 0.0911594 -0.828408 0.552657 0.085924 -0.829222 0.552275 0.0708906 -0.777307 0.625115 0.0893878 -0.846323 0.525117 0.0489278 -0.708538 0.703975 0.0413692 -0.678589 0.733352 0.0251938 -0.614267 0.788696 0.160116 -0.982878 0.0911774 0.156707 -0.983431 0.0911449 0.177168 -0.980889 -0.0804277 0.171561 -0.981888 -0.0803867 0.183564 -0.952688 -0.242261 0.175585 -0.954227 -0.242117 0.180073 -0.908192 -0.377836 0.211936 -0.88613 -0.412137 0.20085 -0.888774 -0.411996 0.203742 -0.831434 -0.516921 0.209366 -0.739345 -0.639949 0.21011 -0.775025 -0.595978 0.210135 -0.784135 -0.583932 0.210006 -0.816986 -0.537058 0.084328 0.234001 -0.968572 0.214337 -0.857434 -0.467831 0.210156 -0.898619 -0.385121 0.195426 -0.961374 -0.193826 0.187474 -0.962976 -0.193728 0.197669 -0.920138 -0.338042 0.188083 -0.92221 -0.337867 0.191514 -0.868666 -0.456883 0.180691 -0.871107 -0.456644 0.179799 -0.813549 -0.553002 0.179935 -0.982193 -0.0540353 0.174152 -0.983237 -0.0540085 0.189802 -0.956918 -0.219735 0.181995 -0.958461 -0.219613 0.189094 -0.91384 -0.35936 0.179525 -0.915851 -0.359148 0.180843 -0.861706 -0.474088 0.0823631 -0.794012 0.602297 0.0781531 -0.776124 0.625719 0.0663823 -0.726664 0.683778 0.0619065 -0.706302 0.705199 0.052925 -0.666252 0.743846 0.061072 -0.70419 0.70738 0.0908704 -0.830999 0.548801 0.0690637 -0.820495 0.567467 0.0663146 -0.813946 0.577144 0.0635637 -0.814335 0.576903 0.070007 -0.830317 0.552876 0.0748074 -0.829636 0.55327 0.0800351 -0.843253 0.531525 0.0850966 -0.842518 0.531904 0.0893034 -0.854167 0.512273 0.0931677 -0.853593 0.512542 0.0964959 -0.863467 0.495089 0.0992476 -0.863051 0.49527 0.107892 -0.890049 0.442914 0.100793 -0.860771 0.498914 0.102061 -0.860574 0.498995 0.0934832 -0.829956 0.54994 -0.0107501 -0.238266 0.97114 0.0626213 -0.664441 0.744712 0.0649559 -0.677296 0.732837 0.0742587 -0.725274 0.684444 0.0764602 -0.736969 0.671588 0.0878701 -0.793102 0.602717 0.0898873 -0.803264 0.588801 0.10429 -0.868872 0.483927 0.104314 -0.868999 0.483694 0.150229 -0.408185 -0.900453 0.152205 -0.424612 -0.89249 0.124463 -0.432371 -0.893065 0.145531 -0.854361 -0.498887 0.144829 -0.84529 -0.514305 0.141637 -0.804624 -0.576644 0.140716 -0.794452 -0.5908 0.13503 -0.732588 -0.667144 0.10721 -0.724161 -0.681247 0.0970359 -0.632083 -0.768801 0.123679 -0.62596 -0.769985 0.115098 -0.550657 -0.826758 0.138184 -0.544725 -0.827152 0.132264 -0.49311 -0.859854 0.159514 -0.485573 -0.859519 0.156963 -0.462792 -0.87246 0.187636 -0.453796 -0.871127 0.187176 -0.449428 -0.873487 0.211608 -0.441908 -0.871745 0.0863522 -0.539643 -0.837454 0.0736807 -0.433521 -0.898126 0.0996789 -0.426889 -0.898793 0.0904462 -0.355262 -0.930381 0.113431 -0.34902 -0.930225 0.142557 -0.970824 0.192816 0.141534 -0.970978 0.192794 0.159958 -0.986269 0.0410839 0.156131 -0.986882 0.0410692 0.169261 -0.977729 -0.124081 0.162968 -0.978807 -0.124007 0.16906 -0.946026 -0.276503 0.161037 -0.947481 -0.276308 0.161575 -0.900035 -0.404759 0.148433 -0.9025 -0.404303 0.148026 -0.895254 -0.420248 0.130933 -0.275067 -0.952468 0.123816 -0.234056 -0.964307 0.117435 -0.190945 -0.974551 0.106016 -0.150215 -0.982953 0.0933691 -0.0738215 -0.992891 0.169168 -0.319306 -0.93243 0.160282 -0.266516 -0.95041 0.156035 -0.236634 -0.958988 0.141059 -0.184185 -0.972717 0.128616 -0.108373 -0.985755 0.0817384 -0.121455 -0.989226 0.021435 -0.337449 0.9411 0.0615113 -0.646599 0.760346 0.0668835 -0.656423 0.751422 0.0704889 -0.680899 0.728977 0.138925 -0.982913 0.120757 0.139654 -0.983997 0.110668 0.135649 -0.984563 0.110611 0.136097 -0.985308 0.103181 0.129403 -0.986218 0.103095 0.122191 -0.991999 -0.0317421 0.133663 -0.990517 -0.0317925 0.14525 -0.977883 0.15049 0.142759 -0.978257 0.150445 0.155062 -0.987891 0.00519405 0.150348 -0.98862 0.0051916 0.15798 -0.975607 -0.152426 0.148248 -0.977158 -0.152265 0.148542 -0.974239 -0.169686 0.135497 -0.976184 -0.169424 0.144381 -0.980332 0.134548 0.141317 -0.980785 0.1345 0.151214 -0.988469 -0.00791687 0.146254 -0.989216 -0.00791123 0.0990946 -0.405519 -0.908699 0.141779 -0.989558 -0.025962 0.133544 -0.990703 -0.0259398 0.129653 -0.986856 0.0964703 0.11962 -0.988135 0.0963333 0.0967538 -0.629668 -0.770816 0.0866747 -0.542317 -0.835691 0.113243 -0.53587 -0.836671 0.101881 -0.442617 -0.890904 0.125029 -0.436447 -0.891 0.117453 -0.376628 -0.918888 0.144725 -0.368945 -0.918115 0.119055 -0.923041 -0.365816 0.0910818 -0.917594 0.386944 0.104288 -0.993184 -0.0520576 0.101897 -0.989061 0.106654 0.104349 -0.989498 -0.100023 0.122563 -0.987346 -0.100628 0.122652 -0.9768 -0.175554 0.135501 -0.975049 -0.175838 0.124283 -0.970016 0.208861 0.115646 -0.971137 0.208612 0.117559 -0.980684 0.15633 0.100576 -0.982634 0.155931 0.0974988 -0.961958 0.255208 0.0626356 -0.733215 0.677106 0.0717781 -0.809517 0.582692 0.0780881 -0.858961 0.506052 0.104154 -0.969023 -0.223936 0.0900834 -0.87213 0.480911 0.0819034 -0.806232 0.585903 0.0733081 -0.739344 0.669326 0.0722666 -0.731559 0.677938 0.0877861 -0.835208 -0.542882 0.0898563 -0.858304 -0.505213 0.0856413 -0.809034 -0.58149 0.0813443 -0.759226 -0.645724 0.0795284 -0.737454 -0.670699 0.0726659 -0.662206 -0.74579 0.0711155 -0.644201 -0.761543 0.0637769 -0.564959 -0.822651 0.0629214 -0.555434 -0.829177 0.0577108 -0.500747 -0.863668 0.0334421 -0.243407 -0.969348 0.0446121 -0.346992 -0.936806 0.0624173 -0.342502 -0.937442 0.0496882 -0.242134 -0.96897 0.0731971 -0.235853 -0.969028 0.0583082 -0.132708 -0.989439 0.0976516 -0.963034 -0.251057 0.0946919 -0.923327 -0.372157 0.104049 -0.978521 -0.177961 0.0532614 -0.592709 0.803654 0.106257 -0.924861 -0.365159 0.097887 -0.833629 -0.543582 0.0973206 -0.827205 -0.553409 0.0882411 -0.735872 -0.671346 0.0874938 -0.727995 -0.679977 0.078669 -0.642674 -0.76209 0.0777824 -0.633716 -0.769645 0.0693249 -0.554029 -0.829606 0.0682798 -0.54377 -0.836452 0.0564689 -0.434846 -0.898733 0.0733264 -0.430745 -0.89949 0.0627924 -0.345367 -0.936365 0.0880457 -0.338752 -0.936747 0.0764316 -0.252652 -0.964534 0.0450365 -0.34196 -0.938635 0.040278 -0.300896 -0.952806 0.0300747 -0.208568 -0.977545 0.0337467 -0.239015 -0.970429 0.0204009 -0.121653 -0.992363 0.026268 -0.159973 -0.986772 0.0152439 -0.0758004 -0.997007 0.0360352 -0.066792 -0.997116 0.0352439 -0.111656 -0.993122 0.0457574 -0.108825 -0.993007 0.0474844 -0.157117 -0.986438 0.0731693 -0.150147 -0.985952 0.0429958 -0.21514 -0.975636 0.057922 -0.263966 -0.962791 0.00118709 -0.323126 -0.946355 0.00351228 -0.267961 -0.963423 -0.00446411 -0.269934 -0.962868 0.0191727 -0.327642 -0.944608 0.00988041 -0.3299 -0.943964 0.00694962 -0.328432 -0.944502 0.0052259 -0.324269 -0.94595 0.0399739 -0.415091 -0.908901 -0.00491133 -0.343157 -0.939265 0.000702012 -0.371529 -0.928421 0.00125266 -0.375935 -0.926645 -0.0112765 -0.316768 -0.948436 -0.0118602 -0.320819 -0.947066 -0.0139887 -0.321322 -0.946867 0.0184498 -0.40621 -0.913594 -0.00124423 -0.359968 -0.932964 -2.15073e-05 -0.36673 -0.930327 0.000462324 -0.369833 -0.929098 0.0565037 -0.497994 -0.865338 0.0646539 -0.51688 -0.853613 0.0687139 -0.526179 -0.847593 0.045793 -0.478196 -0.877058 0.0222247 -0.428262 -0.903381 0.00138266 -0.379794 -0.92507 0.00130133 -0.381998 -0.924162 0.000720503 -0.386181 -0.922423 -0.015776 -0.347001 -0.937732 -0.0162462 -0.3506 -0.936384 0.0161931 -0.228308 -0.973454 0.00436323 -0.200424 -0.979699 0.0255028 -0.252736 -0.967199 0.0288828 -0.274924 -0.961032 0.0284292 -0.280985 -0.959291 0.0235814 -0.269099 -0.962824 0.0116715 -0.244555 -0.969565 0.0356022 -0.199226 -0.979307 0.0515633 -0.224719 -0.973059 0.0389736 -0.217859 -0.975202 0.0453261 -0.216183 -0.9753 0.0534154 -0.237178 -0.969997 0.0401693 -0.16763 -0.985031 0.0496397 -0.165091 -0.985028 -0.0187439 0.015032 -0.999711 -0.0743159 0.141013 -0.987215 0.0833336 -0.215189 -0.97301 0.0754401 -0.21736 -0.973172 0.0194219 -0.10002 -0.994796 0.0309941 -0.190845 -0.981131 0.0299145 -0.188798 -0.98156 0.0339913 -0.198764 -0.979458 0.0439767 -0.21963 -0.974592 0.0632153 -0.262857 -0.962762 0.0405768 -0.207955 -0.977297 0.0448969 -0.215104 -0.975559 0.0485546 -0.220679 -0.974137 0.0924685 -0.326416 -0.940693 0.0649993 -0.257175 -0.964176 0.0395255 -0.190829 -0.980827 0.0550866 -0.228497 -0.971985 0.0644109 -0.226001 -0.971995 0.0180558 -0.0961835 -0.9952 0.0960597 -0.242883 -0.965288 0.0955406 -0.2417 -0.965636 0.108413 -0.271807 -0.956226 0.0711602 -0.184418 -0.980268 0.108624 -0.266344 -0.957738 0.369584 -0.828566 -0.420578 0.102574 -0.253086 -0.961991 0.0436075 -0.222023 -0.974066 0.0677655 -0.215565 -0.974135 0.0663857 -0.21287 -0.974823 0.0808019 -0.208924 -0.974588 0.0968855 -0.244747 -0.964734 0.0384526 -0.216337 -0.975561 0.0419937 -0.185663 -0.981716 0.046273 -0.198101 -0.979089 0.05992 -0.194442 -0.979082 0.0583882 -0.191816 -0.979693 0.0673434 -0.189382 -0.979592 0.0848885 -0.22036 -0.971718 0.106905 -0.516689 -0.849473 0.131259 -0.519464 -0.844351 0.113769 -0.531825 -0.839177 0.117871 -0.530797 -0.839262 0.113902 -0.576938 -0.808807 0.120182 -0.569995 -0.812811 0.108285 -0.572829 -0.812491 0.116852 -0.563577 -0.817757 0.101145 -0.567321 -0.817262 0.112188 -0.555494 -0.823918 0.0922032 -0.560249 -0.823176 0.110635 -0.615366 -0.780439 0.112315 -0.604343 -0.788768 0.10859 -0.605179 -0.788648 0.10884 -0.604561 -0.789088 0.108171 -0.601808 -0.791281 0.107175 -0.598076 -0.794241 0.103503 -0.600259 -0.79308 0.103927 -0.599102 -0.793899 0.105648 -0.598421 -0.794186 0.101152 -0.620541 -0.777622 0.101458 -0.594359 -0.797774 0.096134 -0.595554 -0.797542 0.0964463 -0.594586 -0.798227 0.0946285 -0.590519 -0.801456 0.0921926 -0.585364 -0.805512 0.0873302 -0.587397 -0.804573 0.0875004 -0.586773 -0.80501 0.0899204 -0.585874 -0.805398 0.0880967 -0.620254 -0.779438 0.0824525 -0.578373 -0.811595 0.075423 -0.57993 -0.811167 0.0758265 -0.578084 -0.812447 0.0718276 -0.571711 -0.817305 0.0678053 -0.565532 -0.821934 0.109612 -0.597123 -0.794625 0.113214 -0.590921 -0.798746 0.10377 -0.593082 -0.798427 0.108383 -0.584912 -0.803823 0.0962344 -0.587692 -0.803341 0.101811 -0.577366 -0.810113 0.0866759 -0.58082 -0.809404 0.0931723 -0.568012 -0.817729 0.0748319 -0.572168 -0.816715 0.105944 -0.545455 -0.831417 0.0812288 -0.551309 -0.830338 0.0821689 -0.556446 -0.82681 0.0622888 -0.560906 -0.825533 0.0603494 -0.552503 -0.831323 0.0499177 -0.554772 -0.830504 0.0427249 -0.525515 -0.849711 0.050351 -0.534385 -0.84374 0.065038 -0.588285 -0.806034 0.0613612 -0.574841 -0.815961 0.0626361 -0.566997 -0.821335 0.065087 -0.566129 -0.821743 0.0280561 -0.507003 -0.861487 0.0560955 -0.587482 -0.80729 0.0379251 -0.535698 -0.843557 0.0412757 -0.53498 -0.843856 0.0888705 -0.517914 -0.850804 0.0584814 -0.525024 -0.849076 0.0585238 -0.525175 -0.84898 0.0380489 -0.529693 -0.847336 0.0363469 -0.524806 -0.850445 0.000419103 -0.442728 -0.896656 5.82959e-05 -0.442298 -0.896868 0.00615091 -0.44369 -0.896159 0.00242606 -0.444507 -0.895772 0.00106222 -0.44341 -0.896318 -0.0298743 -0.369202 -0.928869 -0.0297473 -0.369787 -0.92864 -0.0296131 -0.370173 -0.928491 0.000162545 -0.44243 -0.896803 0.000944106 -0.443357 -0.896345 0.0002185 -0.442499 -0.896769 -0.0300885 -0.368811 -0.929017 -0.0294711 -0.370529 -0.928353 -0.0296055 -0.370158 -0.928497 -1.56263e-05 -0.442211 -0.896911 0.0180728 -0.493483 -0.869568 0.0178959 -0.493543 -0.869537 0.0187035 -0.49337 -0.869618 0.0165255 -0.487148 -0.873163 0.0170839 -0.483652 -0.875094 0.0449845 -0.40454 -0.913413 0.0199639 -0.410489 -0.911647 0.00633906 -0.375889 -0.926643 0.0455488 -0.428646 -0.902323 -0.0357313 -0.250243 -0.967523 -0.0156337 -0.299807 -0.953872 -0.0169346 -0.297476 -0.954579 -0.00595211 -0.324485 -0.945872 0.027719 -0.370814 -0.928293 0.0197591 -0.350687 -0.936284 0.0319221 -0.347714 -0.937057 0.0416425 -0.375449 -0.925907 0.0696018 -0.368404 -0.927057 0.0778992 -0.39571 -0.915066 0.62761 -0.743315 0.231492 0.576963 -0.505222 0.641767 0.602419 -0.582879 0.545292 0.616856 -0.638506 0.460216 0.626459 -0.694357 0.354144 0.536767 -0.820789 -0.195415 0.487117 -0.817377 -0.30759 0.522933 -0.829471 -0.196261 0.522396 -0.829347 -0.198206 0.545222 -0.830959 -0.110634 0.573958 -0.818826 -0.00979606 0.574278 -0.818621 -0.00806699 0.590704 -0.800122 0.104271 0.591215 -0.79916 0.10867 0.600078 -0.765223 0.233112 0.600119 -0.764844 0.234246 0.598742 -0.716209 0.358544 0.598671 -0.715566 0.359942 0.588353 -0.660973 0.465784 0.588054 -0.659701 0.467961 0.572737 -0.606094 0.551926 0.572107 -0.60408 0.554779 0.544332 -0.527385 0.652356 0.543933 -0.52633 0.653539 0.50347 -0.432255 0.748113 0.502836 -0.430825 0.749364 0.461424 -0.345263 0.81724 0.46068 -0.343744 0.818299 0.419617 -0.265373 0.868043 0.418688 -0.263606 0.869029 0.381327 -0.196294 0.90336 0.416903 -0.182184 0.890506 0.389519 -0.136661 0.910823 0.394046 -0.144236 0.907703 0.239364 0.0261352 0.970578 0.435752 -0.410748 0.800878 0.341572 -0.217778 0.914277 0.29707 -0.233823 0.925784 0.33293 -0.305235 0.892182 0.335461 -0.310586 0.889383 0.373231 -0.389037 0.842228 0.375738 -0.394623 0.838507 0.415061 -0.481074 0.772199 0.362367 -0.175142 0.915432 0.561538 -0.820833 -0.104439 0.627864 -0.764122 -0.148002 0.535931 -0.82065 -0.198274 0.500356 -0.810845 -0.303603 0.416499 -0.76949 -0.484162 0.44488 -0.788293 -0.425061 0.443774 -0.787634 -0.427431 0.395582 -0.754084 -0.524283 0.394387 -0.753208 -0.526438 0.333181 -0.70268 -0.628675 0.331748 -0.701485 -0.630763 0.281034 -0.654228 -0.702144 0.279712 -0.653009 -0.703804 0.218707 -0.590824 -0.776592 0.217068 -0.589376 -0.77815 0.145371 -0.508036 -0.84898 0.121916 -0.515775 -0.848005 0.120914 -0.494525 -0.860712 0.116195 -0.504914 -0.855313 0.103622 -0.460938 -0.881362 0.103564 -0.461105 -0.881281 0.0973531 -0.450656 -0.887374 0.0979007 -0.448333 -0.888489 0.14353 -0.506474 -0.850225 0.11964 -0.273221 0.954482 0.112413 -0.326195 0.938595 0.0887093 -0.269056 0.959031 0.416988 -0.4857 0.768255 0.447639 -0.558027 0.698731 0.456927 -0.580453 0.674012 0.468145 -0.610322 0.63902 0.486594 -0.661242 0.570951 0.487882 -0.665168 0.565263 0.504502 -0.717888 0.479703 0.505191 -0.720443 0.475125 0.517679 -0.771878 0.369072 0.518147 -0.774608 0.362638 0.523087 -0.818883 0.236242 0.523055 -0.820482 0.230701 0.518567 -0.848672 0.104134 0.518088 -0.849705 0.0979155 0.506772 -0.861971 -0.0137329 0.506023 -0.862307 -0.0191618 0.490707 -0.863547 -0.116162 0.489507 -0.863362 -0.122431 0.472339 -0.857276 -0.204877 0.470845 -0.85658 -0.21113 0.44355 -0.839129 -0.314843 0.441728 -0.837856 -0.32074 0.403795 -0.80492 -0.434802 0.401565 -0.802902 -0.44056 0.363836 -0.764025 -0.532812 0.3614 -0.761495 -0.538066 0.313066 -0.705722 -0.635568 0.310073 -0.702392 -0.640703 0.27052 -0.652779 -0.7076 0.267377 -0.649022 -0.712236 0.219387 -0.584915 -0.780861 0.215438 -0.580752 -0.785057 0.158284 -0.49814 -0.852527 0.153454 -0.49365 -0.856015 0.1153 -0.433268 -0.893859 0.119316 -0.432159 -0.893869 0.121458 -0.436836 -0.891304 0.293809 -0.178062 0.939133 0.302925 -0.245541 0.92084 0.246879 -0.141138 0.958713 0.334347 -0.430854 0.838198 0.287523 -0.328432 0.899702 0.290815 -0.335804 0.895914 0.326943 -0.414392 0.849345 0.329741 -0.420917 0.845044 0.367907 -0.507572 0.779112 0.370477 -0.51393 0.773707 0.398719 -0.581467 0.709168 0.400939 -0.587119 0.703235 0.419779 -0.634691 0.648809 0.421672 -0.639796 0.642537 0.440419 -0.690309 0.574025 0.441967 -0.69486 0.567305 0.459105 -0.745968 0.482446 0.460359 -0.750235 0.47457 0.474128 -0.799826 0.368077 0.474766 -0.802801 0.360705 0.481889 -0.844415 0.233981 0.481993 -0.846545 0.225933 0.48025 -0.871494 0.0992934 0.47984 -0.872555 0.0916629 0.471536 -0.881639 -0.0191279 0.470582 -0.88192 -0.0277614 0.458347 -0.880187 -0.12324 0.457021 -0.879681 -0.131506 0.442872 -0.87107 -0.212371 0.441286 -0.86995 -0.220122 0.418224 -0.849273 -0.322218 0.416037 -0.84725 -0.330274 0.383602 -0.810905 -0.441908 0.38098 -0.807948 -0.449526 0.34863 -0.766739 -0.539044 0.345654 -0.763001 -0.546216 0.303707 -0.704759 -0.641153 0.30021 -0.700195 -0.647767 0.265976 -0.649505 -0.712321 0.262232 -0.644324 -0.718388 0.220344 -0.579196 -0.784844 0.215531 -0.573575 -0.79029 0.165218 -0.490218 -0.855797 0.159149 -0.484227 -0.860346 0.124678 -0.422615 -0.897693 0.126924 -0.421988 -0.897673 0.128675 -0.426209 -0.895427 0.128037 -0.426385 -0.895434 0.134049 -0.445553 -0.885163 0.121565 -0.448944 -0.885252 0.127638 -0.47123 -0.872726 0.0930048 -0.441375 -0.89249 0.105025 -0.486392 -0.867406 0.07245 -0.473561 -0.877776 0.0797787 -0.500038 -0.862321 0.0467241 -0.507736 -0.860245 0.0384381 -0.482853 -0.874857 0.0215181 -0.486607 -0.873356 0.0116884 -0.461932 -0.886838 -0.000659056 -0.441409 -0.897306 -0.0443454 -0.330734 -0.942682 -0.0386672 -0.345511 -0.937618 0.172037 -0.0140429 0.98499 0.333866 -0.438461 0.834437 0.256404 -0.263782 0.92988 0.207812 -0.279577 0.937364 0.240803 -0.353199 0.904027 0.244723 -0.362505 0.899278 0.278725 -0.440002 0.853646 0.282354 -0.44886 0.847821 0.319044 -0.534826 0.782414 0.32217 -0.542775 0.77563 0.349647 -0.609309 0.711681 0.352565 -0.616777 0.703764 0.37093 -0.662818 0.650449 0.373328 -0.669189 0.642504 0.392193 -0.718446 0.574473 0.394238 -0.724194 0.56579 0.41218 -0.774102 0.480494 0.413759 -0.778978 0.471166 0.428933 -0.826241 0.365161 0.429924 -0.829944 0.355469 0.439476 -0.868693 0.228546 0.43984 -0.871272 0.217774 0.441131 -0.892645 0.0926777 0.440838 -0.893817 0.0821741 0.43572 -0.899652 -0.0278379 0.434849 -0.899675 -0.038614 0.42588 -0.895065 -0.132231 0.424611 -0.894133 -0.142242 0.41363 -0.88315 -0.221259 0.411809 -0.881218 -0.232097 0.393258 -0.857562 -0.331564 0.390938 -0.854679 -0.341602 0.364071 -0.815071 -0.450678 0.361257 -0.811047 -0.460104 0.334139 -0.767527 -0.547041 0.330751 -0.762295 -0.556336 0.29527 -0.701982 -0.648103 0.291358 -0.695907 -0.656372 0.262294 -0.644303 -0.718384 0.258035 -0.637394 -0.726048 0.222132 -0.571489 -0.789973 0.216523 -0.564159 -0.79677 0.172857 -0.480201 -0.859958 0.165574 -0.472488 -0.865644 0.134723 -0.409574 -0.902274 0.134839 -0.409541 -0.902272 0.133657 -0.406376 -0.903877 0.104717 -0.446498 -0.888636 0.110512 -0.457066 -0.882541 0.110318 -0.459307 -0.8814 0.123845 -0.49314 -0.86109 0.121856 -0.503433 -0.855398 0.129999 -0.532779 -0.83621 0.121657 -0.539329 -0.833261 0.122399 -0.574915 -0.809007 0.118257 -0.579686 -0.806213 0.116592 -0.595526 -0.79483 0.11406 -0.59983 -0.791956 0.112755 -0.607573 -0.78622 0.113463 -0.605953 -0.787367 -0.083325 0.0170771 0.996376 0.0259365 -0.350392 0.936244 -0.0113411 -0.237138 0.97141 0.0437109 -0.403924 0.913748 0.0643518 -0.461188 0.884966 0.0963784 -0.548613 0.830503 0.102686 -0.566397 0.81771 0.132434 -0.642641 0.754635 0.306672 -0.867615 -0.391403 0.303329 -0.843167 -0.443915 0.298408 -0.808584 -0.507095 0.296133 -0.796994 -0.526408 0.287387 -0.747263 -0.599172 0.284364 -0.733643 -0.617176 0.272492 -0.675172 -0.685486 0.271006 -0.667164 -0.693864 0.261178 -0.627357 -0.733628 0.254785 -0.59927 -0.75892 0.207122 -0.819061 0.535014 0.212169 -0.830157 0.51558 0.231917 -0.869628 0.435846 0.236291 -0.878313 0.415612 0.25658 -0.913524 0.315659 0.260386 -0.919827 0.293457 0.279272 -0.944491 0.173042 0.282029 -0.947451 0.150981 0.295217 -0.954834 0.0337593 0.297093 -0.954785 0.0109873 0.304378 -0.94838 -0.0890504 0.30543 -0.945559 -0.112386 0.308535 -0.931171 -0.194234 0.308805 -0.926197 -0.21633 0.309277 -0.907807 -0.283257 0.3089 -0.900921 -0.304832 0.30703 -0.872622 -0.379821 0.0708128 -0.48007 0.874367 0.0351483 -0.488208 0.87202 0.0734769 -0.594055 0.801062 0.00948462 -0.36941 0.929218 0.0259302 -0.449241 0.893034 0.0195979 -0.429353 0.902924 0.143697 -0.80488 0.575778 -0.122791 -0.0143477 0.992329 0.135877 -0.792209 0.59493 0.189214 -0.780049 0.596424 0.183669 -0.767025 0.614767 0.156121 -0.869917 0.467836 0.181106 -0.91289 0.365832 0.174934 -0.903467 0.391339 0.206816 -0.94797 0.242034 0.201313 -0.941897 0.268891 0.231388 -0.967865 0.0984716 0.226843 -0.965778 0.125762 0.250359 -0.96723 -0.0422636 0.246816 -0.968943 -0.0152281 0.273062 -0.790248 -0.548585 0.272632 -0.774056 -0.57141 0.275074 -0.839935 -0.467807 0.275137 -0.826276 -0.491496 0.274813 -0.872581 -0.403833 0.275427 -0.860438 -0.428703 0.0276104 -0.625239 0.779945 0.0359568 -0.646933 0.761699 -0.0841313 -0.280723 0.956095 -0.000376408 -0.541902 0.840442 0.0215368 -0.537662 0.842885 0.0511728 -0.620853 0.782255 0.043128 -0.600266 0.798637 0.167664 -0.730055 0.662501 0.129873 -0.738761 0.661336 0.28429 -0.889626 -0.357413 0.112282 -0.776759 0.619709 0.087654 -0.781206 0.618089 0.240146 -0.74652 -0.620514 0.25133 -0.743115 -0.620172 0.251129 -0.818034 -0.51745 0.253614 -0.610081 -0.750654 0.25118 -0.588944 -0.76815 0.244041 -0.591265 -0.768667 0.244676 -0.597761 -0.763424 0.228125 -0.603008 -0.764422 0.260534 -0.660595 -0.704086 0.258562 -0.640322 -0.72328 0.249252 -0.643344 -0.723866 0.24157 -0.56198 -0.791089 0.268248 -0.932514 -0.241787 0.270163 -0.92473 -0.268116 0.245413 -0.931572 -0.268229 0.255507 -0.699208 -0.667701 0.233761 -0.94613 -0.224041 0.215797 -0.973787 -0.0718987 0.220091 -0.970067 -0.102611 0.19506 -0.978397 0.0684909 0.200252 -0.979012 0.0378857 0.169308 -0.962307 0.212839 0.175472 -0.967472 0.182231 0.143405 -0.930548 0.336921 0.150018 -0.939361 0.308377 0.125837 -0.902267 0.412406 -0.00601818 -0.573748 0.81901 -0.0152152 -0.575343 0.817771 -0.0296211 -0.524662 0.850795 -0.0142228 -0.521854 0.852916 -0.0244695 -0.487982 0.872511 0.00246402 -0.463006 0.886352 -0.0146535 -0.412518 0.910832 -0.218846 0.384958 0.896613 0.024916 -0.695538 0.718057 0.016741 -0.673622 0.738887 0.0389555 -0.735823 0.676053 0.0499914 -0.73412 0.677177 0.161822 -0.715666 0.679438 0.138387 -0.658666 0.7396 0.100608 -0.667232 0.738024 0.108016 -0.684518 0.720949 0.0767067 -0.690843 0.718925 0.084632 -0.709399 0.699708 0.0600455 -0.713857 0.697713 0.0681701 -0.732935 0.676875 0.0506075 -0.735833 0.67527 0.0189691 -0.649843 0.759832 0.0273413 -0.671924 0.740115 -2.66451e-06 -0.592324 0.8057 -0.00891779 -0.59384 0.804534 -0.0164779 -0.571146 0.820683 0.259986 -0.955861 -0.136885 0.26278 -0.950686 -0.16475 0.243863 -0.955708 -0.164785 0.229313 -0.972434 -0.0422797 0.233411 -0.969715 -0.0719198 0.208583 -0.973047 0.0983537 0.213663 -0.974497 0.0685906 0.182676 -0.953007 0.241674 0.188535 -0.958655 0.213155 0.156227 -0.917752 0.365137 0.162813 -0.92712 0.337551 0.131218 -0.874574 0.4668 -0.0655001 -0.353613 0.933096 0.113329 -0.859434 0.498528 0.0878819 -0.863344 0.496905 0.0829582 -0.852753 0.515684 0.0788374 -0.853332 0.515374 0.0850857 -0.867411 0.490263 0.0887137 -0.866904 0.490518 0.0938352 -0.879009 0.467481 0.0977074 -0.878453 0.467732 0.101751 -0.888617 0.447222 0.104498 -0.888215 0.447387 0.107583 -0.896533 0.429715 0.109302 -0.896279 0.429811 0.111626 -0.903064 0.414748 0.112398 -0.902949 0.414789 0.113983 -0.908004 0.403159 0.113873 -0.90802 0.403154 0.115062 -0.912191 0.39328 0.114137 -0.912327 0.393233 0.114835 -0.915034 0.386686 0.111989 -0.915447 0.386543 0.102986 -0.869202 0.483613 0.103569 -0.872103 0.478236 0.0910343 -0.803074 0.588884 0.0917348 -0.806834 0.583613 0.0796003 -0.73641 0.671836 0.0803323 -0.74053 0.667204 0.0696542 -0.676408 0.733226 0.0704302 -0.680911 0.728972 0.0764878 -0.717297 0.692557 0.0716264 -0.690806 0.719483 0.0523683 -0.642677 0.764345 0.0673061 -0.692353 0.718413 0.0735267 -0.702453 0.707922 0.0787148 -0.738395 0.669758 0.0790753 -0.740754 0.667106 0.0885517 -0.805215 0.586334 0.088882 -0.807302 0.583406 0.0985667 -0.870895 0.481484 0.0988865 -0.872806 0.477945 0.106281 -0.918934 0.379822 0.112503 -0.918062 0.380139 0.118084 -0.94422 0.307417 0.122071 -0.94366 0.307579 0.121378 -0.941274 0.315074 0.123194 -0.941013 0.315146 0.122241 -0.938067 0.324173 0.123358 -0.937904 0.324219 0.12175 -0.933411 0.337521 0.122073 -0.933364 0.337535 0.119998 -0.928066 0.352553 0.119472 -0.928143 0.35253 0.116606 -0.921399 0.370711 0.115149 -0.92161 0.370642 0.111418 -0.913431 0.391446 0.10893 -0.913786 0.391317 0.103949 -0.903497 0.415797 0.101696 -0.903813 0.415669 0.0955898 -0.891736 0.442346 0.101249 -0.890939 0.442692 0.0468131 -0.766023 0.641106 0.112398 -0.904345 0.411736 0.142479 -0.950108 0.27748 0.13577 -0.941679 0.307909 0.16668 -0.974268 0.151721 0.160846 -0.970058 0.181979 0.190668 -0.981634 0.00629297 0.185511 -0.981914 0.0378344 0.209814 -0.968513 -0.13402 0.205545 -0.973259 -0.102558 0.223036 -0.940948 -0.2547 0.219632 -0.949526 -0.223971 0.22925 -0.917157 -0.325988 0.249625 -0.911819 -0.325996 0.251613 -0.899938 -0.356094 0.274049 -0.893456 -0.355858 0.272782 -0.903954 -0.329328 0.207574 -0.69242 -0.69099 0.22731 -0.686657 -0.690531 0.228838 -0.728888 -0.645256 0.240381 -0.72544 -0.644944 0.240036 -0.803834 -0.544274 0.251839 -0.800365 -0.544052 0.25047 -0.839125 -0.48284 0.2326 -0.844157 -0.483007 0.23418 -0.810427 -0.536999 0.175211 -0.982412 0.0645595 0.228973 -0.769782 -0.595825 0.228836 -0.728074 -0.646175 0.209226 -0.733676 -0.646486 0.207693 -0.695222 -0.688135 0.139555 -0.965707 0.21894 0.138319 -0.965892 0.218906 0.160385 -0.984929 0.0647452 0.157175 -0.985448 0.0647225 0.173756 -0.979291 -0.103912 0.167752 -0.980344 -0.103854 0.176548 -0.949081 -0.260915 0.168504 -0.950589 -0.260743 0.170725 -0.910097 -0.377593 0.0606095 0.0380426 -0.997436 0.165427 -0.865029 -0.473665 0.164791 -0.850444 -0.49959 0.163184 -0.817341 -0.552562 0.162072 -0.800222 -0.577388 0.160051 -0.769976 -0.617673 0.156569 -0.727628 -0.667866 0.156292 -0.724048 -0.671809 0.150214 -0.656242 -0.739447 0.175896 -0.649555 -0.739688 0.171393 -0.596926 -0.783776 0.200711 -0.588543 -0.783155 0.198505 -0.560409 -0.804075 0.223852 -0.552658 -0.802782 0.223437 -0.547647 -0.806324 0.238381 -0.542891 -0.80526 0.238301 -0.542183 -0.805761 0.243491 -0.5405 -0.80534 0.245092 -0.555251 -0.794749 0.205692 -0.927216 -0.312989 0.195981 -0.929366 -0.312841 0.20196 -0.876908 -0.436171 0.190967 -0.87946 -0.435984 0.191818 -0.834364 -0.516762 0.0518881 0.244424 -0.968279 0.184941 -0.790605 -0.58373 0.183724 -0.764261 -0.618183 0.182852 -0.7464 -0.639884 0.181066 -0.717859 -0.672231 0.180102 -0.702752 -0.688261 0.176731 -0.659 -0.731084 0.205279 -0.651021 -0.730775 0.204159 -0.632307 -0.747333 0.224562 -0.626203 -0.74662 0.209297 -0.401702 -0.891532 0.238005 -0.669782 -0.703381 0.247538 -0.666792 -0.702932 0.251143 -0.762709 -0.595989 0.144614 -0.974633 0.170813 0.142815 -0.974904 0.170779 0.157999 -0.987192 0.0220893 0.15369 -0.987872 0.022081 0.163889 -0.976511 -0.13988 0.157428 -0.977587 -0.139786 0.161333 -0.943287 -0.29014 0.149659 -0.945311 -0.289807 0.149577 -0.940062 -0.306447 0.134647 -0.942478 -0.30595 0.131409 -0.898163 -0.419565 0.0108237 0.0772366 -0.996954 0.119999 -0.849903 -0.513094 0.117451 -0.82401 -0.554268 0.115074 -0.799506 -0.589532 0.107456 -0.726364 -0.678858 0.133754 -0.720758 -0.68016 0.125279 -0.639503 -0.758513 0.147833 -0.633964 -0.759102 0.141109 -0.569417 -0.809847 0.167802 -0.562196 -0.809801 0.163774 -0.522341 -0.836862 0.193978 -0.513542 -0.835851 0.192969 -0.502776 -0.842603 0.21816 -0.495027 -0.841044 0.218284 -0.496312 -0.840254 0.231237 -0.492192 -0.839212 0.267594 -0.722515 -0.637469 0.266312 -0.704101 -0.65827 0.258613 -0.706593 -0.658669 0.261932 -0.777449 -0.571808 0.261889 -0.759372 -0.595624 0.262628 -0.830144 -0.49182 0.263093 -0.814435 -0.517182 0.261434 -0.864662 -0.428965 0.0474041 -0.706962 0.705661 0.254366 -0.875077 -0.41175 0.229156 -0.881961 -0.411863 0.21969 -0.475682 -0.851741 0.221651 -0.89581 -0.385221 0.210835 -0.943783 -0.254601 0.213867 -0.934579 -0.284293 0.197937 -0.971021 -0.133942 0.201884 -0.965354 -0.16533 0.179404 -0.983755 0.00628289 0.184041 -0.982621 -0.0241969 0.156301 -0.976011 0.151566 0.161926 -0.979451 0.120233 0.133071 -0.951559 0.277179 0.139169 -0.958854 0.24745 0.117399 -0.927969 0.353683 0.114224 -0.928421 0.353536 0.119918 -0.937684 0.326142 0.120566 -0.937591 0.32617 0.125086 -0.945204 0.301566 0.125967 -0.945077 0.3016 0.129621 -0.951553 0.278828 0.129562 -0.951562 0.278826 0.132131 -0.956414 0.260411 0.131258 -0.956542 0.260382 0.133233 -0.96057 0.244039 0.131624 -0.960804 0.24399 0.132932 -0.963725 0.231436 0.130676 -0.964049 0.231371 0.131553 -0.966223 0.221599 0.12871 -0.966625 0.221519 0.129216 -0.968037 0.214959 0.123965 -0.968756 0.214811 0.118496 -0.94614 0.301293 0.111129 -0.94713 0.300992 0.108428 -0.93229 0.345079 0.0932565 -0.934263 0.344173 0.111699 -0.170801 -0.978954 0.158554 -0.157411 -0.974722 0.171012 -0.232206 -0.957515 0.188032 -0.289507 -0.938525 0.191298 -0.312611 -0.930419 0.201035 -0.370202 -0.906937 0.10763 -0.0779977 0.991127 0.224078 -0.461885 0.858167 0.166093 -0.316777 0.933844 0.114908 -0.331491 0.936435 0.144715 -0.406254 0.902228 0.150054 -0.420444 0.894825 0.179833 -0.494617 0.850302 0.184805 -0.507785 0.841428 0.218117 -0.590041 0.777352 0.222676 -0.602085 0.766752 0.248362 -0.66485 0.704479 0.252661 -0.675721 0.692505 0.270082 -0.717868 0.641655 0.274121 -0.728018 0.628369 0.292696 -0.772438 0.563621 0.296145 -0.781028 0.549812 0.315437 -0.826374 0.466483 0.318302 -0.833414 0.45178 0.336486 -0.874932 0.348239 0.33867 -0.880178 0.332549 0.353439 -0.91194 0.208439 0.35477 -0.914973 0.192255 0.362682 -0.929266 0.0701881 0.363191 -0.930176 0.0535221 0.364972 -0.929528 -0.0526524 0.364743 -0.928561 -0.0688266 0.362569 -0.918649 -0.156933 0.361644 -0.91588 -0.174293 0.357196 -0.900896 -0.246572 0.355809 -0.896989 -0.262318 0.346278 -0.867875 -0.356209 0.344013 -0.862172 -0.371907 0.328384 -0.816906 -0.474161 0.325466 -0.809537 -0.488591 0.308738 -0.76249 -0.568587 0.305232 -0.753635 -0.582123 0.282067 -0.689709 -0.666888 0.277586 -0.679252 -0.679384 0.258365 -0.626798 -0.7351 0.253535 -0.61545 -0.746285 0.228938 -0.548843 -0.803965 0.221901 -0.53691 -0.813934 0.190823 -0.452641 -0.871036 0.181032 -0.440326 -0.879398 0.157107 -0.37457 -0.913791 0.149837 -0.376673 -0.914148 0.145033 -0.360656 -0.921354 0.046058 -0.171788 0.984057 0.105938 -0.447119 0.888179 0.12149 -0.487348 0.864715 0.181272 -0.639489 0.747124 0.100699 -0.43388 0.895325 0.106696 -0.450639 0.886307 0.134221 -0.521924 0.842366 0.139971 -0.537673 0.831454 0.171443 -0.616953 0.768099 0.176802 -0.631262 0.755149 0.201366 -0.691158 0.694084 0.206485 -0.70393 0.679593 0.223344 -0.743743 0.630051 0.228017 -0.755077 0.614709 0.246409 -0.796946 0.551507 0.250703 -0.806959 0.534758 0.270379 -0.849379 0.453267 0.274071 -0.857476 0.435454 0.293515 -0.895785 0.333794 0.296431 -0.901519 0.315265 0.313593 -0.929754 0.192917 0.315726 -0.93299 0.17276 0.326559 -0.94365 0.053701 0.327735 -0.944167 0.0337319 0.332612 -0.94053 -0.069084 0.332972 -0.938743 -0.088835 0.333776 -0.926301 -0.174816 0.333438 -0.922632 -0.193828 0.331766 -0.905956 -0.263011 0.330785 -0.90036 -0.282724 0.325276 -0.86909 -0.372663 0.323412 -0.861782 -0.390816 0.31273 -0.814142 -0.489256 0.310026 -0.804553 -0.506536 0.297792 -0.756258 -0.582575 0.294398 -0.744856 -0.598765 0.276567 -0.679599 -0.679452 0.272188 -0.666767 -0.693784 0.257116 -0.614268 -0.746034 0.252206 -0.600119 -0.759111 0.232412 -0.533569 -0.813197 0.224885 -0.518886 -0.824732 0.199172 -0.434829 -0.878211 0.188304 -0.419792 -0.887872 0.167408 -0.352551 -0.920697 0.154204 -0.356412 -0.921516 0.1526 -0.350503 -0.924046 0.132522 -0.356231 -0.924953 0.132452 -0.355958 -0.925068 0.103842 -0.363851 -0.925651 0.0954714 -0.332966 -0.938093 0.0648797 -0.341062 -0.937799 0.0555808 -0.310982 -0.948789 0.0361797 -0.315947 -0.948087 0.0283667 -0.293558 -0.955521 0.0274718 -0.293783 -0.955477 0.035422 -0.314365 -0.948641 0.010335 -0.278143 -0.960484 -0.00300582 -0.244812 -0.969566 0.0190537 -0.285325 -0.958241 0.0039383 -0.248101 -0.968726 0.0113296 -0.246237 -0.969143 0.227136 -0.466968 -0.854605 0.216393 -0.422111 -0.880339 0.210239 -0.391812 -0.895702 0.19287 -0.346843 -0.917879 0.1771 -0.27586 -0.944742 0.15329 -0.282881 -0.946826 0.144417 -0.241275 -0.959651 0.109714 -0.251132 -0.961715 0.107458 -0.241522 -0.964427 0.0735884 -0.250818 -0.965233 0.0550453 -0.18187 -0.981781 0.0541497 -0.18211 -0.981786 0.0316469 -0.139599 -0.989702 0.0419223 -0.136846 -0.989705 0.0471464 -0.147601 -0.987923 0.0454424 -0.14806 -0.987934 0.0583774 -0.168579 -0.983958 0.208718 -0.221725 0.95251 0.208066 -0.280832 0.936932 0.168058 -0.196421 0.96601 0.229876 -0.46737 0.853653 0.19298 -0.379209 0.904963 0.197489 -0.390551 0.899149 0.229508 -0.466951 0.853981 0.233791 -0.477871 0.846747 0.268822 -0.562328 0.781999 0.272613 -0.572191 0.773485 0.299342 -0.637423 0.70999 0.302764 -0.646163 0.700576 0.320678 -0.690453 0.648413 0.323872 -0.698747 0.637856 0.342662 -0.74591 0.57114 0.345333 -0.753014 0.560102 0.36393 -0.800789 0.475701 0.36615 -0.806935 0.463455 0.382752 -0.851344 0.358769 0.384281 -0.855925 0.346006 0.396421 -0.891388 0.219725 0.397137 -0.894074 0.207158 0.401697 -0.912015 0.0828701 0.401702 -0.913109 0.0697689 0.399993 -0.915697 -0.0387834 0.399332 -0.915307 -0.05242 0.393799 -0.908014 -0.142943 0.392586 -0.906337 -0.156299 0.384819 -0.89307 -0.233108 0.383194 -0.890388 -0.245708 0.369151 -0.863872 -0.342713 0.366784 -0.859797 -0.355272 0.345609 -0.817291 -0.461075 0.342525 -0.811549 -0.473355 0.320679 -0.766097 -0.55701 0.317231 -0.759397 -0.56805 0.287993 -0.697094 -0.656597 0.283759 -0.689124 -0.666775 0.259694 -0.636839 -0.725944 0.255067 -0.627893 -0.735317 0.224964 -0.561495 -0.796313 0.218618 -0.552107 -0.804602 0.181386 -0.467805 -0.865019 0.172861 -0.458017 -0.871974 0.145543 -0.393731 -0.907631 0.142991 -0.394459 -0.90772 0.142822 -0.393955 -0.907965 0.13372 -0.396518 -0.908236 0.136181 -0.405346 -0.903963 0.114634 -0.411261 -0.904281 0.120821 -0.434045 -0.892753 0.0775777 -0.395793 -0.915057 0.0982946 -0.467119 -0.878714 0.0543837 -0.429352 -0.901498 0.0627274 -0.456386 -0.887568 0.0304034 -0.463955 -0.885337 0.0184553 -0.432203 -0.901588 0.0120342 -0.433655 -0.900999 -0.00779936 -0.386044 -0.922448 -0.00670739 -0.387871 -0.921689 -0.165144 0.0175298 -0.986114 -0.022007 -0.351921 -0.935771 0.219471 -0.421137 -0.880043 0.20929 -0.367629 -0.906116 0.205367 -0.342994 -0.916613 0.187814 -0.289573 -0.938548 0.17437 -0.21639 -0.960609 0.137834 -0.227055 -0.964079 0.128825 -0.182304 -0.974766 0.114756 -0.186291 -0.97577 0.0686209 -0.130793 -0.989032 0.0764539 -0.0950837 -0.992529 0.0600635 -0.0995634 -0.993217 0.056949 -0.0838037 -0.994854 0.373731 -0.142561 0.916516 0.398003 -0.22571 0.889184 0.321093 -0.096509 0.942118 0.431571 -0.394233 0.811374 0.376607 -0.283404 0.881958 0.378501 -0.287195 0.879918 0.417939 -0.365596 0.831665 0.419457 -0.368831 0.829469 0.45999 -0.455117 0.762415 0.461468 -0.458554 0.759458 0.501436 -0.552775 0.665584 0.502549 -0.555752 0.662257 0.530826 -0.633112 0.563377 0.531414 -0.63496 0.560736 0.547499 -0.68867 0.475372 0.548106 -0.691101 0.471126 0.559353 -0.743904 0.365692 0.559533 -0.745208 0.362751 0.562637 -0.791856 0.237494 0.562524 -0.793461 0.232352 0.555578 -0.824647 0.106258 0.555203 -0.825384 0.102423 0.541216 -0.840829 -0.0095884 0.540517 -0.841219 -0.0138747 0.522444 -0.845374 -0.111333 0.521572 -0.845381 -0.115301 0.501491 -0.841883 -0.199346 0.500371 -0.841559 -0.203489 0.468952 -0.827401 -0.309017 0.467523 -0.826649 -0.313168 0.42432 -0.797316 -0.429233 0.422602 -0.796057 -0.433243 0.379638 -0.759805 -0.527799 0.377671 -0.758097 -0.531652 0.322955 -0.704941 -0.631473 0.320717 -0.702795 -0.634996 0.275745 -0.654421 -0.704058 0.273256 -0.65182 -0.707433 0.21896 -0.588773 -0.778077 0.216051 -0.585978 -0.780994 0.15181 -0.5041 -0.850198 0.148328 -0.501023 -0.852628 0.106448 -0.441799 -0.890776 0.111955 -0.440295 -0.890846 0.115692 -0.447729 -0.886653 0.119421 -0.446717 -0.886669 0.129239 -0.474334 -0.870807 0.124278 -0.475665 -0.870803 0.133627 -0.509806 -0.849848 0.0732555 -0.485051 -0.871412 0.0997167 -0.509818 -0.854484 0.0923021 -0.506811 -0.857102 0.0978863 -0.53304 -0.840408 0.0695805 -0.539701 -0.838977 0.0701746 -0.542215 -0.837304 0.0504553 -0.546599 -0.835873 0.0507063 -0.547479 -0.835282 0.0441625 -0.538736 -0.841316 0.050501 -0.399399 -0.915385 0.0374877 -0.277495 -0.959995 0.0544199 -0.273125 -0.960438 0.0446501 -0.204747 -0.977796 0.0334451 -0.121298 -0.992053 0.0328989 -0.118336 -0.992429 0.0216654 -0.0410745 -0.998921 0.0150921 -0.0428281 -0.998968 0.0201016 -0.0750515 -0.996977 0.229959 -0.481847 -0.845543 0.229912 -0.481862 -0.845547 0.220756 -0.430072 -0.875388 0.210646 -0.433263 -0.876305 0.201925 -0.377253 -0.903829 0.179 -0.384269 -0.905702 0.170902 -0.332708 -0.927415 0.141182 -0.341433 -0.929242 0.134553 -0.301245 -0.944006 0.108028 -0.308732 -0.944994 0.0967641 -0.241671 -0.965522 0.0977892 -0.246797 -0.964121 0.084431 -0.156229 -0.984106 0.0767074 -0.127676 -0.988845 0.0641921 -0.0508944 -0.996639 0.0380429 -0.057981 -0.997593 0.0377616 -0.0565309 -0.997687 0.0245966 -0.0600717 -0.997891 0.0332356 -0.0819735 -0.99608 0.0214641 -0.0851255 -0.996139 0.038087 -0.1202 -0.992019 0.0264421 -0.212157 -0.976878 0.0203615 -0.213738 -0.976679 0.0356434 -0.251323 -0.967247 0.014012 -0.210864 -0.977415 0.0272732 -0.244007 -0.96939 0.0442878 -0.269515 -0.961977 0.0362913 -0.248654 -0.967912 0.0327463 -0.249571 -0.967803 0.0363924 -0.260173 -0.964876 0.0465904 -0.25752 -0.965149 0.054171 -0.282125 -0.957847 0.0807077 -0.275069 -0.958031 0.0898391 -0.308839 -0.946862 0.122752 -0.299762 -0.946084 0.12449 -0.306969 -0.943542 0.150579 -0.299519 -0.942133 0.158649 -0.333176 -0.929422 0.174805 -0.328408 -0.928219 0.19319 -0.397077 -0.897222 0.204828 -0.414734 -0.88659 0.218942 -0.46957 -0.855318 0.234916 -0.51568 -0.823947 0.236489 -0.526009 -0.816938 0.250005 -0.582451 -0.773465 0.251402 -0.581992 -0.773358 0.25957 -0.62789 -0.733743 0.256757 -0.609047 -0.750425 0.268041 -0.676659 -0.685775 0.265684 -0.658897 -0.703752 0.277102 -0.736077 -0.61758 0.27538 -0.719953 -0.637051 0.284969 -0.800732 -0.526898 0.284046 -0.786675 -0.548143 0.288928 -0.847954 -0.444404 0.288467 -0.835654 -0.467408 0.29007 -0.878202 -0.380289 0.290148 -0.867767 -0.403478 0.289554 -0.907194 -0.305217 0.290225 -0.898606 -0.329054 0.286604 -0.933238 -0.21662 0.287976 -0.92666 -0.2416 0.28015 -0.953337 -0.112534 0.282204 -0.949552 -0.136791 0.268505 -0.963216 0.0109634 0.271598 -0.962291 -0.015181 0.250206 -0.956347 0.150986 0.254158 -0.958939 0.125854 0.225837 -0.928933 0.293395 0.230673 -0.935055 0.269186 0.199936 -0.887435 0.415314 0.205571 -0.896727 0.391946 0.174769 -0.839175 0.515015 -0.141566 0.054493 0.988428 0.148685 -0.820442 0.552058 0.0991589 -0.829608 0.549471 0.251493 -0.914397 -0.31722 0.0843203 -0.818224 0.568682 0.0659902 -0.77565 0.627704 0.0520378 -0.777745 0.626422 0.188046 -0.98216 0.00066497 0.0487338 -0.775616 0.629321 0.0205508 -0.696205 0.717549 0.0283043 -0.71744 0.696046 0.00343359 -0.641885 0.766793 0.0120818 -0.640484 0.767877 0.00558953 -0.617604 0.78647 0.0251686 -0.614164 0.788777 -0.000250988 -0.50953 0.860453 0.064994 -0.710292 0.7009</float_array>
                    <technique_common>
                        <accessor count="7016" source="#shape0-lib-normals-array" stride="3">
                            <param name="X" type="float"/>
                            <param name="Y" type="float"/>
                            <param name="Z" type="float"/>
                        </accessor>
                    </technique_common>
                </source>
                <vertices id="shape0-lib-vertices">
                    <input semantic="POSITION" source="#shape0-lib-positions"/>
                </vertices>
                <triangles count="7016">
                    <input offset="0" semantic="VERTEX" source="#shape0-lib-vertices"/>
                    <input offset="1" semantic="NORMAL" source="#shape0-lib-normals"/>
                    <p>0 0 1 0 2 0 3 1 4 1 5 1 6 2 7 2 8 2 9 3 10 3 11 3 12 4 13 4 14 4 15 5 16 5 17 5 18 6 19 6 20 6 21 7 22 7 23 7 24 8 25 8 26 8 26 9 25 9 27 9 28 10 29 10 30 10 20 11 19 11 31 11 32 12 33 12 34 12 35 13 36 13 37 13 38 14 39 14 40 14 41 15 42 15 43 15 44 16 45 16 46 16 47 17 48 17 49 17 50 18 51 18 52 18 53 19 54 19 55 19 55 20 54 20 56 20 57 21 58 21 59 21 50 22 52 22 60 22 48 23 61 23 62 23 47 24 49 24 63 24 63 25 49 25 64 25 63 26 64 26 65 26 66 27 67 27 68 27 68 28 67 28 69 28 68 29 69 29 70 29 71 30 72 30 66 30 66 31 72 31 73 31 66 32 73 32 67 32 74 33 75 33 76 33 76 34 75 34 77 34 76 35 77 35 71 35 78 36 79 36 80 36 80 37 79 37 81 37 80 38 81 38 74 38 74 39 81 39 82 39 74 40 82 40 75 40 83 41 84 41 85 41 83 42 85 42 86 42 87 43 88 43 89 43 89 44 88 44 90 44 91 45 92 45 88 45 88 46 92 46 93 46 88 47 93 47 90 47 94 48 95 48 96 48 96 49 95 49 97 49 96 50 97 50 98 50 99 51 100 51 97 51 97 52 100 52 101 52 97 53 101 53 98 53 102 54 103 54 104 54 104 55 103 55 105 55 104 56 105 56 106 56 40 57 39 57 104 57 107 58 108 58 39 58 39 59 108 59 109 59 39 60 109 60 104 60 104 61 109 61 110 61 104 62 110 62 102 62 38 63 111 63 39 63 39 64 111 64 112 64 39 65 112 65 107 65 113 66 114 66 115 66 115 67 114 67 116 67 115 68 116 68 117 68 118 69 119 69 120 69 120 70 119 70 121 70 120 71 121 71 122 71 123 72 124 72 125 72 125 73 124 73 126 73 118 74 120 74 127 74 127 75 120 75 128 75 127 76 128 76 126 76 129 77 130 77 36 77 36 78 130 78 131 78 36 79 131 79 37 79 35 80 132 80 36 80 36 81 132 81 133 81 36 82 133 82 129 82 134 83 135 83 136 83 136 84 135 84 137 84 136 85 137 85 138 85 139 86 140 86 141 86 142 87 143 87 144 87 144 88 143 88 134 88 144 89 134 89 145 89 145 90 134 90 136 90 145 91 136 91 146 91 146 92 136 92 139 92 146 93 139 93 147 93 147 94 139 94 141 94 148 95 149 95 150 95 150 96 149 96 151 96 150 97 151 97 140 97 140 98 151 98 152 98 140 99 152 99 141 99 153 100 154 100 155 100 155 101 154 101 156 101 155 102 156 102 148 102 148 103 156 103 157 103 148 104 157 104 149 104 158 105 159 105 160 105 160 106 159 106 161 106 160 107 161 107 162 107 162 108 163 108 164 108 164 109 163 109 165 109 164 110 165 110 166 110 11 111 167 111 168 111 167 112 11 112 169 112 169 113 11 113 10 113 169 114 10 114 170 114 171 115 172 115 173 115 173 116 172 116 170 116 174 117 175 117 176 117 175 118 174 118 177 118 178 119 179 119 180 119 180 120 179 120 181 120 182 121 183 121 184 121 182 122 66 122 183 122 183 123 66 123 68 123 183 124 68 124 43 124 43 125 68 125 70 125 43 126 70 126 41 126 49 127 185 127 64 127 64 128 185 128 46 128 64 129 46 129 65 129 65 130 46 130 45 130 61 131 60 131 62 131 62 132 60 132 52 132 62 133 52 133 186 133 48 134 62 134 49 134 49 135 62 135 186 135 49 136 186 136 185 136 185 137 186 137 187 137 185 138 187 138 188 138 188 139 187 139 189 139 188 140 189 140 190 140 59 141 191 141 57 141 57 142 191 142 192 142 57 143 192 143 193 143 56 144 194 144 55 144 55 145 194 145 195 145 55 146 195 146 196 146 196 147 195 147 193 147 196 148 193 148 197 148 198 149 199 149 200 149 190 150 189 150 201 150 201 151 189 151 202 151 201 152 202 152 27 152 27 153 202 153 203 153 27 154 203 154 26 154 204 155 205 155 206 155 206 156 205 156 207 156 206 157 207 157 208 157 209 158 22 158 210 158 210 159 22 159 21 159 210 160 21 160 211 160 209 161 24 161 22 161 22 162 24 162 26 162 22 163 26 163 23 163 23 164 26 164 203 164 23 165 203 165 212 165 212 166 203 166 202 166 212 167 202 167 213 167 213 168 202 168 189 168 213 169 189 169 214 169 214 170 189 170 187 170 214 171 187 171 197 171 197 172 187 172 186 172 197 173 186 173 196 173 196 174 186 174 52 174 196 175 52 175 55 175 55 176 52 176 51 176 55 177 51 177 53 177 215 178 216 178 217 178 217 179 216 179 218 179 217 180 218 180 219 180 219 181 218 181 220 181 221 182 222 182 223 182 223 183 222 183 224 183 223 184 224 184 18 184 18 185 224 185 225 185 18 186 225 186 19 186 19 187 225 187 226 187 181 188 179 188 227 188 227 189 179 189 228 189 227 190 228 190 229 190 226 191 225 191 179 191 179 192 225 192 224 192 179 193 224 193 228 193 228 194 224 194 222 194 228 195 222 195 229 195 229 196 222 196 221 196 229 197 221 197 230 197 231 198 232 198 233 198 30 199 234 199 28 199 28 200 234 200 181 200 28 201 181 201 235 201 235 202 181 202 227 202 235 203 227 203 236 203 236 204 227 204 229 204 236 205 229 205 237 205 237 206 229 206 230 206 237 207 230 207 238 207 238 208 230 208 239 208 29 209 28 209 240 209 240 210 28 210 235 210 240 211 235 211 241 211 241 212 235 212 236 212 241 213 236 213 242 213 242 214 236 214 237 214 242 215 237 215 243 215 243 216 237 216 238 216 243 217 238 217 244 217 244 218 238 218 239 218 244 219 239 219 245 219 246 220 247 220 248 220 249 221 161 221 250 221 250 222 161 222 159 222 250 223 159 223 251 223 251 224 159 224 158 224 251 225 158 225 248 225 248 226 158 226 252 226 248 227 252 227 253 227 254 228 255 228 256 228 256 229 255 229 257 229 256 230 257 230 258 230 14 231 13 231 249 231 162 232 161 232 163 232 163 233 161 233 249 233 163 234 249 234 165 234 165 235 249 235 13 235 165 236 13 236 166 236 166 237 13 237 12 237 166 238 12 238 259 238 247 239 260 239 248 239 248 240 260 240 261 240 248 241 261 241 251 241 251 242 261 242 262 242 251 243 262 243 250 243 250 244 262 244 263 244 250 245 263 245 249 245 249 246 263 246 264 246 249 247 264 247 14 247 14 248 264 248 265 248 14 249 265 249 12 249 12 250 265 250 266 250 12 251 266 251 259 251 259 252 266 252 267 252 259 253 267 253 268 253 269 254 266 254 270 254 270 255 266 255 265 255 270 256 265 256 271 256 271 257 265 257 264 257 271 258 264 258 272 258 272 259 264 259 263 259 272 260 263 260 273 260 273 261 263 261 262 261 273 262 262 262 274 262 274 263 262 263 261 263 274 264 261 264 275 264 275 265 261 265 260 265 275 266 260 266 276 266 276 267 260 267 247 267 33 268 277 268 34 268 34 269 277 269 278 269 34 270 278 270 279 270 279 271 278 271 280 271 279 272 280 272 281 272 281 273 280 273 282 273 281 274 282 274 283 274 283 275 282 275 284 275 283 276 284 276 285 276 285 277 284 277 286 277 285 278 286 278 287 278 287 279 286 279 288 279 287 280 288 280 289 280 289 281 288 281 290 281 7 282 291 282 292 282 292 283 291 283 293 283 292 284 293 284 294 284 295 285 296 285 297 285 5 286 298 286 299 286 299 287 298 287 300 287 299 288 300 288 301 288 301 289 300 289 302 289 301 290 302 290 254 290 254 291 302 291 295 291 254 292 295 292 255 292 255 293 295 293 297 293 255 294 297 294 257 294 296 295 303 295 297 295 297 296 303 296 304 296 297 297 304 297 257 297 257 298 304 298 305 298 257 299 305 299 258 299 258 300 305 300 306 300 7 301 6 301 291 301 291 302 6 302 307 302 291 303 307 303 293 303 293 304 307 304 308 304 293 305 308 305 309 305 309 306 308 306 310 306 309 307 310 307 311 307 294 308 306 308 292 308 292 309 306 309 305 309 292 310 305 310 7 310 7 311 305 311 304 311 7 312 304 312 8 312 8 313 304 313 303 313 8 314 303 314 312 314 312 315 303 315 296 315 312 316 296 316 313 316 313 317 296 317 295 317 313 318 295 318 314 318 314 319 295 319 302 319 314 320 302 320 315 320 315 321 302 321 300 321 315 322 300 322 316 322 316 323 317 323 315 323 315 324 317 324 318 324 315 325 318 325 314 325 314 326 318 326 319 326 314 327 319 327 313 327 313 328 319 328 320 328 313 329 320 329 312 329 312 330 320 330 321 330 312 331 321 331 8 331 8 332 321 332 322 332 8 333 322 333 6 333 6 334 322 334 323 334 6 335 323 335 307 335 307 336 323 336 9 336 307 337 9 337 308 337 308 338 9 338 11 338 308 339 11 339 310 339 310 340 11 340 168 340 310 341 168 341 311 341 232 342 324 342 233 342 233 343 324 343 325 343 233 344 325 344 215 344 215 345 325 345 326 345 215 346 326 346 216 346 216 347 326 347 327 347 216 348 327 348 218 348 218 349 327 349 328 349 218 350 328 350 220 350 220 351 328 351 329 351 220 352 329 352 330 352 330 353 329 353 331 353 330 354 331 354 332 354 332 355 331 355 333 355 332 356 333 356 334 356 334 357 333 357 335 357 334 358 335 358 336 358 16 359 15 359 337 359 337 360 15 360 338 360 337 361 338 361 339 361 339 362 338 362 340 362 339 363 340 363 341 363 341 364 340 364 342 364 341 365 342 365 343 365 343 366 342 366 344 366 343 367 344 367 345 367 345 368 344 368 346 368 345 369 346 369 347 369 347 370 346 370 174 370 347 371 174 371 171 371 171 372 174 372 176 372 171 373 176 373 172 373 17 374 348 374 15 374 15 375 348 375 349 375 15 376 349 376 338 376 338 377 349 377 350 377 338 378 350 378 340 378 340 379 350 379 351 379 340 380 351 380 342 380 342 381 351 381 352 381 342 382 352 382 344 382 344 383 352 383 353 383 344 384 353 384 346 384 346 385 353 385 354 385 346 386 354 386 174 386 174 387 354 387 355 387 174 388 355 388 177 388 324 389 17 389 325 389 325 390 17 390 16 390 325 391 16 391 326 391 326 392 16 392 337 392 326 393 337 393 327 393 327 394 337 394 339 394 327 395 339 395 328 395 328 396 339 396 341 396 328 397 341 397 329 397 329 398 341 398 343 398 329 399 343 399 331 399 331 400 343 400 345 400 331 401 345 401 333 401 333 402 345 402 347 402 333 403 347 403 335 403 335 404 347 404 171 404 335 405 171 405 336 405 336 406 171 406 173 406 356 407 357 407 358 407 358 408 357 408 359 408 358 409 359 409 360 409 360 410 359 410 128 410 360 411 128 411 115 411 115 412 128 412 120 412 115 413 120 413 113 413 113 414 120 414 122 414 361 415 362 415 363 415 363 416 362 416 364 416 363 417 364 417 365 417 365 418 364 418 37 418 365 419 37 419 125 419 125 420 37 420 131 420 125 421 131 421 123 421 126 422 128 422 125 422 125 423 128 423 359 423 125 424 359 424 365 424 365 425 359 425 357 425 365 426 357 426 363 426 363 427 357 427 356 427 363 428 356 428 361 428 361 429 356 429 366 429 361 430 366 430 367 430 367 431 366 431 368 431 367 432 368 432 246 432 246 433 368 433 290 433 246 434 290 434 247 434 247 435 290 435 288 435 247 436 288 436 276 436 276 437 288 437 286 437 276 438 286 438 275 438 275 439 286 439 284 439 275 440 284 440 274 440 274 441 284 441 282 441 274 442 282 442 273 442 273 443 282 443 280 443 273 444 280 444 272 444 272 445 280 445 278 445 272 446 278 446 271 446 271 447 278 447 277 447 271 448 277 448 270 448 270 449 277 449 369 449 270 450 369 450 269 450 253 451 153 451 248 451 248 452 153 452 155 452 248 453 155 453 246 453 246 454 155 454 148 454 246 455 148 455 367 455 367 456 148 456 150 456 367 457 150 457 361 457 361 458 150 458 140 458 361 459 140 459 362 459 362 460 140 460 139 460 362 461 139 461 364 461 364 462 139 462 136 462 364 463 136 463 37 463 37 464 136 464 138 464 37 465 138 465 35 465 94 466 91 466 95 466 95 467 91 467 88 467 95 468 88 468 83 468 83 469 88 469 87 469 83 470 87 470 84 470 370 471 40 471 371 471 371 472 40 472 104 472 371 473 104 473 372 473 372 474 104 474 106 474 372 475 106 475 373 475 71 476 66 476 76 476 76 477 66 477 182 477 76 478 182 478 74 478 74 479 182 479 86 479 74 480 86 480 80 480 80 481 86 481 85 481 80 482 85 482 78 482 184 483 374 483 182 483 182 484 374 484 375 484 182 485 375 485 86 485 86 486 375 486 376 486 86 487 376 487 83 487 83 488 376 488 373 488 83 489 373 489 95 489 95 490 373 490 106 490 95 491 106 491 97 491 97 492 106 492 105 492 97 493 105 493 99 493 377 494 378 494 379 494 379 495 378 495 2 495 379 496 2 496 380 496 380 497 2 497 1 497 380 498 1 498 381 498 199 499 198 499 382 499 382 500 198 500 381 500 382 501 381 501 383 501 383 502 381 502 1 502 383 503 1 503 384 503 384 504 1 504 0 504 384 505 0 505 385 505 4 506 385 506 5 506 5 507 385 507 0 507 5 508 0 508 298 508 298 509 0 509 2 509 298 510 2 510 300 510 300 511 2 511 378 511 300 512 378 512 316 512 316 513 378 513 377 513 316 514 377 514 317 514 184 515 200 515 374 515 374 516 200 516 199 516 374 517 199 517 375 517 375 518 199 518 382 518 375 519 382 519 376 519 376 520 382 520 383 520 376 521 383 521 373 521 373 522 383 522 384 522 373 523 384 523 372 523 372 524 384 524 385 524 372 525 385 525 371 525 371 526 385 526 4 526 371 527 4 527 370 527 370 528 4 528 3 528 32 529 34 529 311 529 311 530 34 530 279 530 311 531 279 531 309 531 309 532 279 532 281 532 309 533 281 533 293 533 293 534 281 534 283 534 293 535 283 535 294 535 294 536 283 536 285 536 294 537 285 537 306 537 306 538 285 538 287 538 306 539 287 539 258 539 258 540 287 540 289 540 258 541 289 541 256 541 256 542 289 542 290 542 256 543 290 543 254 543 254 544 290 544 368 544 254 545 368 545 301 545 301 546 368 546 366 546 301 547 366 547 299 547 299 548 366 548 356 548 299 549 356 549 5 549 5 550 356 550 358 550 5 551 358 551 3 551 3 552 358 552 360 552 3 553 360 553 370 553 370 554 360 554 115 554 370 555 115 555 40 555 40 556 115 556 117 556 40 557 117 557 38 557 192 558 208 558 193 558 193 559 208 559 207 559 193 560 207 560 197 560 197 561 207 561 205 561 197 562 205 562 214 562 214 563 205 563 386 563 214 564 386 564 213 564 213 565 386 565 231 565 213 566 231 566 212 566 212 567 231 567 233 567 212 568 233 568 23 568 23 569 233 569 215 569 23 570 215 570 21 570 21 571 215 571 217 571 21 572 217 572 211 572 211 573 217 573 219 573 31 574 354 574 20 574 20 575 354 575 353 575 20 576 353 576 18 576 18 577 353 577 352 577 18 578 352 578 223 578 223 579 352 579 351 579 223 580 351 580 221 580 221 581 351 581 350 581 221 582 350 582 230 582 230 583 350 583 349 583 230 584 349 584 239 584 239 585 349 585 348 585 239 586 348 586 245 586 245 587 348 587 17 587 245 588 17 588 387 588 387 589 17 589 324 589 387 590 324 590 388 590 388 591 324 591 232 591 388 592 232 592 389 592 389 593 232 593 231 593 389 594 231 594 390 594 390 595 231 595 386 595 390 596 386 596 391 596 391 597 386 597 205 597 391 598 205 598 392 598 392 599 205 599 204 599 170 600 10 600 173 600 173 601 10 601 9 601 173 602 9 602 336 602 336 603 9 603 323 603 336 604 323 604 334 604 334 605 323 605 322 605 334 606 322 606 332 606 332 607 322 607 321 607 332 608 321 608 330 608 330 609 321 609 320 609 330 610 320 610 220 610 220 611 320 611 319 611 220 612 319 612 219 612 219 613 319 613 318 613 219 614 318 614 211 614 211 615 318 615 317 615 211 616 317 616 210 616 210 617 317 617 377 617 210 618 377 618 209 618 209 619 377 619 379 619 209 620 379 620 24 620 24 621 379 621 380 621 24 622 380 622 25 622 25 623 380 623 381 623 25 624 381 624 27 624 27 625 381 625 198 625 27 626 198 626 201 626 201 627 198 627 200 627 201 628 200 628 190 628 190 629 200 629 184 629 190 630 184 630 188 630 188 631 184 631 183 631 188 632 183 632 185 632 185 633 183 633 43 633 185 634 43 634 46 634 46 635 43 635 42 635 46 636 42 636 44 636 195 637 393 637 193 637 193 638 393 638 394 638 193 639 394 639 57 639 57 640 394 640 395 640 57 641 395 641 396 641 397 642 390 642 398 642 398 643 390 643 391 643 398 644 391 644 399 644 400 645 388 645 397 645 397 646 388 646 389 646 397 647 389 647 390 647 206 648 401 648 204 648 204 649 401 649 399 649 204 650 399 650 392 650 392 651 399 651 391 651 192 652 402 652 208 652 208 653 402 653 403 653 208 654 403 654 206 654 206 655 403 655 404 655 206 656 404 656 401 656 405 657 242 657 406 657 406 658 242 658 243 658 406 659 243 659 407 659 407 660 243 660 244 660 407 661 244 661 408 661 408 662 244 662 245 662 408 663 245 663 400 663 400 664 245 664 387 664 400 665 387 665 388 665 409 666 29 666 240 666 409 667 410 667 411 667 411 668 410 668 412 668 411 669 412 669 413 669 405 670 414 670 242 670 242 671 414 671 409 671 242 672 409 672 241 672 241 673 409 673 240 673 409 674 411 674 415 674 409 675 415 675 416 675 417 676 418 676 419 676 420 677 421 677 412 677 412 678 421 678 422 678 412 679 422 679 423 679 416 680 424 680 409 680 409 681 424 681 30 681 409 682 30 682 29 682 417 683 419 683 412 683 412 684 419 684 425 684 412 685 425 685 420 685 423 686 426 686 412 686 412 687 426 687 427 687 412 688 427 688 413 688 428 689 429 689 430 689 431 690 432 690 433 690 434 691 435 691 436 691 437 692 438 692 439 692 440 693 441 693 442 693 443 694 444 694 445 694 445 695 444 695 446 695 447 696 448 696 449 696 448 697 447 697 450 697 451 698 452 698 453 698 454 699 455 699 456 699 457 700 458 700 459 700 458 701 460 701 461 701 462 702 463 702 464 702 465 703 466 703 467 703 468 704 469 704 466 704 466 705 470 705 468 705 471 706 472 706 467 706 467 707 472 707 465 707 463 708 473 708 474 708 474 709 473 709 475 709 476 710 477 710 478 710 478 711 477 711 462 711 478 712 462 712 479 712 480 713 481 713 482 713 482 714 481 714 483 714 484 715 485 715 486 715 486 716 485 716 480 716 487 717 488 717 484 717 484 718 488 718 485 718 489 719 490 719 487 719 487 720 490 720 488 720 491 721 492 721 489 721 491 722 489 722 493 722 492 723 494 723 495 723 494 724 496 724 497 724 494 725 497 725 495 725 498 726 499 726 500 726 499 727 501 727 502 727 502 728 501 728 503 728 501 729 504 729 503 729 499 730 498 730 501 730 501 731 498 731 505 731 501 732 505 732 504 732 505 733 506 733 507 733 507 734 506 734 508 734 507 735 508 735 509 735 507 736 509 736 510 736 510 737 509 737 511 737 512 738 513 738 508 738 508 739 513 739 514 739 508 740 514 740 509 740 509 741 514 741 511 741 515 742 516 742 517 742 515 743 517 743 518 743 518 744 517 744 519 744 520 745 521 745 522 745 520 746 522 746 523 746 523 747 522 747 524 747 525 748 526 748 457 748 527 749 528 749 529 749 527 750 529 750 530 750 531 751 532 751 533 751 533 752 532 752 534 752 533 753 534 753 535 753 535 754 534 754 528 754 535 755 528 755 525 755 525 756 528 756 527 756 525 757 527 757 526 757 536 758 537 758 538 758 536 759 538 759 539 759 540 760 541 760 542 760 542 761 541 761 543 761 542 762 543 762 536 762 536 763 543 763 544 763 536 764 544 764 537 764 545 765 546 765 547 765 547 766 548 766 545 766 545 767 548 767 549 767 545 768 549 768 550 768 455 769 454 769 549 769 549 770 454 770 551 770 549 771 551 771 550 771 552 772 553 772 456 772 456 773 553 773 554 773 456 774 554 774 454 774 555 775 556 775 557 775 558 776 559 776 560 776 560 777 559 777 561 777 558 778 450 778 562 778 563 779 564 779 565 779 565 780 564 780 449 780 493 781 566 781 567 781 480 782 482 782 486 782 486 783 482 783 566 783 486 784 566 784 484 784 484 785 566 785 493 785 484 786 493 786 487 786 487 787 493 787 489 787 479 788 568 788 478 788 478 789 568 789 569 789 478 790 569 790 476 790 464 791 463 791 474 791 464 792 474 792 570 792 462 793 464 793 479 793 479 794 464 794 570 794 479 795 570 795 568 795 568 796 570 796 571 796 568 797 571 797 572 797 572 798 571 798 573 798 572 799 573 799 574 799 469 800 575 800 466 800 466 801 575 801 576 801 466 802 576 802 467 802 467 803 576 803 471 803 577 804 578 804 471 804 577 805 471 805 579 805 579 806 471 806 576 806 579 807 576 807 580 807 581 808 582 808 583 808 574 809 573 809 584 809 584 810 573 810 585 810 584 811 585 811 446 811 446 812 585 812 586 812 446 813 586 813 445 813 587 814 588 814 589 814 589 815 588 815 590 815 589 816 590 816 591 816 592 817 441 817 593 817 593 818 441 818 440 818 593 819 440 819 594 819 592 820 443 820 441 820 441 821 443 821 445 821 441 822 445 822 442 822 442 823 445 823 586 823 442 824 586 824 595 824 595 825 586 825 585 825 595 826 585 826 596 826 596 827 585 827 573 827 596 828 573 828 597 828 597 829 573 829 571 829 597 830 571 830 580 830 580 831 571 831 570 831 580 832 570 832 579 832 579 833 570 833 474 833 579 834 474 834 577 834 577 835 474 835 475 835 577 836 475 836 578 836 598 837 599 837 600 837 600 838 599 838 601 838 600 839 601 839 602 839 602 840 601 840 603 840 604 841 605 841 606 841 607 842 608 842 609 842 610 843 611 843 612 843 612 844 611 844 439 844 612 845 439 845 613 845 613 846 439 846 438 846 613 847 438 847 614 847 608 848 437 848 609 848 609 849 437 849 439 849 609 850 439 850 615 850 615 851 439 851 611 851 615 852 611 852 616 852 616 853 611 853 610 853 616 854 610 854 617 854 614 855 618 855 565 855 561 856 617 856 560 856 560 857 617 857 610 857 560 858 610 858 558 858 558 859 610 859 612 859 558 860 612 860 450 860 450 861 612 861 613 861 450 862 613 862 448 862 448 863 613 863 614 863 448 864 614 864 449 864 449 865 614 865 565 865 618 866 614 866 619 866 619 867 614 867 438 867 619 868 438 868 620 868 620 869 438 869 437 869 620 870 437 870 621 870 621 871 437 871 608 871 621 872 608 872 622 872 622 873 608 873 607 873 622 874 607 874 623 874 624 875 625 875 547 875 434 876 436 876 626 876 626 877 436 877 627 877 626 878 627 878 628 878 625 879 629 879 547 879 547 880 629 880 630 880 547 881 630 881 548 881 548 882 630 882 631 882 548 883 631 883 549 883 549 884 631 884 632 884 549 885 632 885 455 885 455 886 632 886 633 886 455 887 633 887 456 887 456 888 633 888 634 888 456 889 634 889 552 889 451 890 552 890 452 890 452 891 552 891 634 891 452 892 634 892 635 892 635 893 634 893 633 893 635 894 633 894 636 894 636 895 633 895 632 895 636 896 632 896 637 896 637 897 632 897 631 897 637 898 631 898 638 898 638 899 631 899 630 899 638 900 630 900 639 900 639 901 630 901 629 901 639 902 629 902 640 902 640 903 629 903 625 903 641 904 642 904 643 904 643 905 642 905 644 905 643 906 644 906 645 906 645 907 644 907 646 907 645 908 646 908 647 908 647 909 646 909 648 909 647 910 648 910 649 910 649 911 648 911 650 911 649 912 650 912 651 912 651 913 650 913 652 913 651 914 652 914 653 914 653 915 652 915 654 915 653 916 654 916 655 916 655 917 654 917 656 917 657 918 658 918 659 918 659 919 658 919 660 919 659 920 660 920 661 920 661 921 660 921 662 921 661 922 662 922 663 922 663 923 662 923 664 923 663 924 664 924 665 924 665 925 664 925 666 925 667 926 668 926 669 926 669 927 668 927 670 927 669 928 670 928 671 928 433 929 672 929 673 929 673 930 672 930 434 930 673 931 434 931 674 931 674 932 434 932 626 932 674 933 626 933 666 933 666 934 626 934 628 934 666 935 628 935 665 935 665 936 628 936 675 936 665 937 675 937 663 937 663 938 675 938 676 938 663 939 676 939 661 939 661 940 676 940 677 940 661 941 677 941 659 941 659 942 677 942 678 942 659 943 678 943 657 943 679 944 680 944 681 944 681 945 680 945 682 945 681 946 682 946 683 946 683 947 682 947 657 947 683 948 657 948 684 948 684 949 657 949 678 949 684 950 678 950 685 950 685 951 678 951 677 951 685 952 677 952 667 952 667 953 677 953 676 953 667 954 676 954 668 954 668 955 676 955 675 955 668 956 675 956 670 956 670 957 675 957 628 957 670 958 628 958 671 958 671 959 628 959 627 959 435 960 686 960 436 960 436 961 686 961 687 961 436 962 687 962 627 962 627 963 687 963 688 963 627 964 688 964 671 964 671 965 688 965 689 965 671 966 689 966 669 966 669 967 689 967 690 967 669 968 690 968 667 968 667 969 690 969 691 969 667 970 691 970 685 970 685 971 691 971 692 971 685 972 692 972 684 972 684 973 692 973 693 973 684 974 693 974 683 974 683 975 693 975 694 975 683 976 694 976 681 976 681 977 694 977 695 977 605 978 696 978 606 978 606 979 696 979 697 979 606 980 697 980 598 980 598 981 697 981 698 981 598 982 698 982 599 982 599 983 698 983 699 983 599 984 699 984 601 984 601 985 699 985 700 985 601 986 700 986 603 986 603 987 700 987 701 987 603 988 701 988 702 988 702 989 701 989 703 989 702 990 703 990 704 990 704 991 703 991 705 991 704 992 705 992 706 992 706 993 705 993 707 993 706 994 707 994 708 994 708 995 707 995 709 995 708 996 709 996 710 996 710 997 709 997 711 997 710 998 711 998 695 998 712 999 556 999 555 999 712 1000 555 1000 713 1000 713 1001 555 1001 714 1001 713 1002 714 1002 715 1002 715 1003 714 1003 716 1003 715 1004 716 1004 717 1004 717 1005 716 1005 718 1005 717 1006 718 1006 719 1006 719 1007 718 1007 720 1007 719 1008 720 1008 721 1008 721 1009 720 1009 722 1009 721 1010 722 1010 723 1010 723 1011 722 1011 724 1011 723 1012 724 1012 725 1012 725 1013 724 1013 726 1013 725 1014 726 1014 727 1014 727 1015 728 1015 725 1015 725 1016 728 1016 729 1016 725 1017 729 1017 723 1017 723 1018 729 1018 730 1018 723 1019 730 1019 721 1019 721 1020 730 1020 731 1020 721 1021 731 1021 719 1021 719 1022 731 1022 732 1022 719 1023 732 1023 717 1023 717 1024 732 1024 733 1024 717 1025 733 1025 715 1025 715 1026 733 1026 734 1026 715 1027 734 1027 713 1027 696 1028 727 1028 697 1028 697 1029 727 1029 726 1029 697 1030 726 1030 698 1030 698 1031 726 1031 724 1031 698 1032 724 1032 699 1032 699 1033 724 1033 722 1033 699 1034 722 1034 700 1034 700 1035 722 1035 720 1035 700 1036 720 1036 701 1036 701 1037 720 1037 718 1037 701 1038 718 1038 703 1038 703 1039 718 1039 716 1039 703 1040 716 1040 705 1040 705 1041 716 1041 714 1041 705 1042 714 1042 707 1042 707 1043 714 1043 555 1043 707 1044 555 1044 709 1044 709 1045 555 1045 557 1045 709 1046 557 1046 711 1046 538 1047 531 1047 539 1047 539 1048 531 1048 533 1048 539 1049 533 1049 735 1049 735 1050 533 1050 535 1050 735 1051 535 1051 736 1051 736 1052 535 1052 525 1052 736 1053 525 1053 459 1053 459 1054 525 1054 457 1054 737 1055 738 1055 739 1055 739 1056 738 1056 740 1056 739 1057 740 1057 741 1057 741 1058 740 1058 742 1058 741 1059 742 1059 515 1059 515 1060 742 1060 743 1060 515 1061 743 1061 516 1061 744 1062 745 1062 746 1062 746 1063 745 1063 747 1063 746 1064 747 1064 748 1064 748 1065 747 1065 749 1065 748 1066 749 1066 520 1066 520 1067 749 1067 750 1067 520 1068 750 1068 521 1068 656 1069 452 1069 655 1069 655 1070 452 1070 635 1070 655 1071 635 1071 653 1071 653 1072 635 1072 636 1072 653 1073 636 1073 651 1073 651 1074 636 1074 637 1074 651 1075 637 1075 649 1075 649 1076 637 1076 638 1076 649 1077 638 1077 647 1077 647 1078 638 1078 639 1078 647 1079 639 1079 645 1079 645 1080 639 1080 640 1080 645 1081 640 1081 643 1081 643 1082 640 1082 625 1082 643 1083 625 1083 641 1083 641 1084 625 1084 624 1084 641 1085 624 1085 751 1085 751 1086 624 1086 752 1086 751 1087 752 1087 753 1087 753 1088 752 1088 744 1088 753 1089 744 1089 737 1089 737 1090 744 1090 746 1090 737 1091 746 1091 738 1091 738 1092 746 1092 748 1092 738 1093 748 1093 740 1093 740 1094 748 1094 520 1094 740 1095 520 1095 742 1095 742 1096 520 1096 523 1096 742 1097 523 1097 743 1097 546 1098 540 1098 547 1098 547 1099 540 1099 542 1099 547 1100 542 1100 624 1100 624 1101 542 1101 536 1101 624 1102 536 1102 752 1102 752 1103 536 1103 539 1103 752 1104 539 1104 744 1104 744 1105 539 1105 735 1105 744 1106 735 1106 745 1106 745 1107 735 1107 736 1107 745 1108 736 1108 747 1108 747 1109 736 1109 459 1109 747 1110 459 1110 749 1110 754 1111 512 1111 755 1111 755 1112 512 1112 508 1112 755 1113 508 1113 756 1113 756 1114 508 1114 506 1114 756 1115 506 1115 757 1115 499 1116 496 1116 500 1116 500 1117 496 1117 494 1117 500 1118 494 1118 491 1118 491 1119 494 1119 492 1119 506 1120 505 1120 498 1120 506 1121 498 1121 757 1121 757 1122 498 1122 500 1122 757 1123 500 1123 758 1123 758 1124 500 1124 491 1124 758 1125 491 1125 759 1125 759 1126 491 1126 493 1126 759 1127 493 1127 760 1127 760 1128 493 1128 567 1128 761 1129 762 1129 763 1129 763 1130 762 1130 430 1130 763 1131 430 1131 764 1131 764 1132 430 1132 429 1132 764 1133 429 1133 765 1133 582 1134 581 1134 766 1134 766 1135 581 1135 765 1135 766 1136 765 1136 767 1136 767 1137 765 1137 429 1137 767 1138 429 1138 768 1138 768 1139 429 1139 428 1139 768 1140 428 1140 769 1140 432 1141 769 1141 433 1141 433 1142 769 1142 428 1142 433 1143 428 1143 672 1143 672 1144 428 1144 430 1144 672 1145 430 1145 434 1145 434 1146 430 1146 762 1146 434 1147 762 1147 435 1147 435 1148 762 1148 761 1148 435 1149 761 1149 686 1149 567 1150 583 1150 760 1150 760 1151 583 1151 582 1151 760 1152 582 1152 759 1152 759 1153 582 1153 766 1153 759 1154 766 1154 758 1154 758 1155 766 1155 767 1155 758 1156 767 1156 757 1156 757 1157 767 1157 768 1157 757 1158 768 1158 756 1158 756 1159 768 1159 769 1159 756 1160 769 1160 755 1160 755 1161 769 1161 432 1161 755 1162 432 1162 754 1162 754 1163 432 1163 431 1163 679 1164 654 1164 680 1164 680 1165 654 1165 652 1165 680 1166 652 1166 682 1166 682 1167 652 1167 650 1167 682 1168 650 1168 657 1168 657 1169 650 1169 648 1169 657 1170 648 1170 658 1170 658 1171 648 1171 646 1171 658 1172 646 1172 660 1172 660 1173 646 1173 644 1173 660 1174 644 1174 662 1174 662 1175 644 1175 642 1175 662 1176 642 1176 664 1176 664 1177 642 1177 641 1177 664 1178 641 1178 666 1178 666 1179 641 1179 751 1179 666 1180 751 1180 674 1180 674 1181 751 1181 753 1181 674 1182 753 1182 673 1182 673 1183 753 1183 737 1183 673 1184 737 1184 433 1184 433 1185 737 1185 739 1185 433 1186 739 1186 431 1186 431 1187 739 1187 741 1187 431 1188 741 1188 754 1188 754 1189 741 1189 515 1189 754 1190 515 1190 512 1190 512 1191 515 1191 518 1191 512 1192 518 1192 513 1192 575 1193 591 1193 576 1193 576 1194 591 1194 590 1194 576 1195 590 1195 580 1195 580 1196 590 1196 588 1196 580 1197 588 1197 597 1197 597 1198 588 1198 770 1198 597 1199 770 1199 596 1199 596 1200 770 1200 604 1200 596 1201 604 1201 595 1201 595 1202 604 1202 606 1202 595 1203 606 1203 442 1203 442 1204 606 1204 598 1204 442 1205 598 1205 440 1205 440 1206 598 1206 600 1206 440 1207 600 1207 594 1207 594 1208 600 1208 602 1208 587 1209 771 1209 588 1209 588 1210 771 1210 772 1210 588 1211 772 1211 770 1211 770 1212 772 1212 773 1212 770 1213 773 1213 604 1213 604 1214 773 1214 774 1214 604 1215 774 1215 605 1215 605 1216 774 1216 775 1216 605 1217 775 1217 696 1217 696 1218 775 1218 776 1218 696 1219 776 1219 727 1219 727 1220 776 1220 623 1220 727 1221 623 1221 728 1221 728 1222 623 1222 607 1222 728 1223 607 1223 729 1223 729 1224 607 1224 609 1224 729 1225 609 1225 730 1225 730 1226 609 1226 615 1226 730 1227 615 1227 731 1227 731 1228 615 1228 616 1228 731 1229 616 1229 732 1229 732 1230 616 1230 617 1230 732 1231 617 1231 733 1231 733 1232 617 1232 561 1232 733 1233 561 1233 734 1233 734 1234 561 1234 777 1234 734 1235 777 1235 713 1235 695 1236 694 1236 710 1236 710 1237 694 1237 693 1237 710 1238 693 1238 708 1238 708 1239 693 1239 692 1239 708 1240 692 1240 706 1240 706 1241 692 1241 691 1241 706 1242 691 1242 704 1242 704 1243 691 1243 690 1243 704 1244 690 1244 702 1244 702 1245 690 1245 689 1245 702 1246 689 1246 603 1246 603 1247 689 1247 688 1247 603 1248 688 1248 602 1248 602 1249 688 1249 687 1249 602 1250 687 1250 594 1250 594 1251 687 1251 686 1251 594 1252 686 1252 593 1252 593 1253 686 1253 761 1253 593 1254 761 1254 592 1254 592 1255 761 1255 763 1255 592 1256 763 1256 443 1256 443 1257 763 1257 764 1257 443 1258 764 1258 444 1258 444 1259 764 1259 765 1259 444 1260 765 1260 446 1260 446 1261 765 1261 581 1261 446 1262 581 1262 584 1262 584 1263 581 1263 583 1263 584 1264 583 1264 574 1264 574 1265 583 1265 567 1265 574 1266 567 1266 572 1266 572 1267 567 1267 566 1267 572 1268 566 1268 568 1268 568 1269 566 1269 482 1269 568 1270 482 1270 569 1270 569 1271 482 1271 483 1271 569 1272 483 1272 476 1272 750 1273 749 1273 461 1273 461 1274 749 1274 459 1274 461 1275 459 1275 458 1275 778 1276 773 1276 779 1276 779 1277 773 1277 772 1277 779 1278 772 1278 780 1278 781 1279 775 1279 778 1279 778 1280 775 1280 774 1280 778 1281 774 1281 773 1281 589 1282 782 1282 587 1282 587 1283 782 1283 780 1283 587 1284 780 1284 771 1284 771 1285 780 1285 772 1285 783 1286 784 1286 565 1286 565 1287 784 1287 785 1287 783 1288 565 1288 786 1288 786 1289 565 1289 618 1289 575 1290 787 1290 591 1290 591 1291 787 1291 788 1291 591 1292 788 1292 589 1292 589 1293 788 1293 789 1293 589 1294 789 1294 782 1294 618 1295 619 1295 786 1295 786 1296 619 1296 620 1296 786 1297 620 1297 790 1297 620 1298 621 1298 790 1298 790 1299 621 1299 622 1299 790 1300 622 1300 791 1300 791 1301 622 1301 623 1301 791 1302 623 1302 781 1302 781 1303 623 1303 776 1303 781 1304 776 1304 775 1304 785 1305 792 1305 793 1305 793 1306 792 1306 794 1306 793 1307 794 1307 795 1307 785 1308 793 1308 796 1308 785 1309 796 1309 797 1309 797 1310 798 1310 785 1310 785 1311 798 1311 563 1311 785 1312 563 1312 565 1312 799 1313 800 1313 801 1313 802 1314 803 1314 794 1314 794 1315 803 1315 804 1315 794 1316 804 1316 805 1316 799 1317 801 1317 794 1317 794 1318 801 1318 806 1318 794 1319 806 1319 802 1319 805 1320 807 1320 794 1320 794 1321 807 1321 808 1321 794 1322 808 1322 795 1322 809 1323 810 1323 811 1323 812 1324 813 1324 814 1324 815 1325 816 1325 817 1325 818 1326 819 1326 820 1326 820 1327 819 1327 821 1327 822 1328 823 1328 814 1328 814 1329 813 1329 824 1329 825 1330 826 1330 827 1330 827 1331 826 1331 828 1331 827 1332 828 1332 829 1332 829 1333 828 1333 830 1333 829 1334 830 1334 831 1334 831 1335 830 1335 832 1335 831 1336 832 1336 833 1336 833 1337 832 1337 834 1337 833 1338 834 1338 835 1338 835 1339 834 1339 836 1339 835 1340 836 1340 837 1340 837 1341 836 1341 838 1341 837 1342 838 1342 839 1342 839 1343 838 1343 840 1343 840 1344 838 1344 841 1344 840 1345 841 1345 842 1345 841 1346 843 1346 842 1346 842 1347 843 1347 844 1347 842 1348 844 1348 845 1348 845 1349 844 1349 846 1349 845 1350 846 1350 847 1350 847 1351 846 1351 848 1351 847 1352 848 1352 849 1352 850 1353 851 1353 852 1353 852 1354 851 1354 853 1354 852 1355 853 1355 854 1355 813 1356 855 1356 824 1356 824 1357 855 1357 856 1357 824 1358 856 1358 857 1358 857 1359 856 1359 858 1359 857 1360 858 1360 859 1360 818 1361 820 1361 860 1361 860 1362 820 1362 861 1362 860 1363 861 1363 862 1363 862 1364 861 1364 863 1364 862 1365 863 1365 854 1365 854 1366 863 1366 864 1366 854 1367 864 1367 852 1367 816 1368 865 1368 817 1368 817 1369 865 1369 866 1369 817 1370 866 1370 867 1370 867 1371 866 1371 868 1371 867 1372 868 1372 869 1372 869 1373 868 1373 870 1373 869 1374 870 1374 871 1374 871 1375 870 1375 872 1375 871 1376 872 1376 825 1376 825 1377 872 1377 873 1377 825 1378 873 1378 820 1378 874 1379 825 1379 875 1379 875 1380 825 1380 820 1380 875 1381 820 1381 876 1381 876 1382 820 1382 821 1382 874 1383 877 1383 825 1383 825 1384 877 1384 878 1384 825 1385 878 1385 879 1385 879 1386 880 1386 825 1386 825 1387 880 1387 881 1387 825 1388 881 1388 826 1388 848 1389 882 1389 849 1389 849 1390 882 1390 883 1390 849 1391 883 1391 884 1391 884 1392 883 1392 885 1392 884 1393 885 1393 814 1393 814 1394 885 1394 886 1394 814 1395 886 1395 822 1395 887 1396 888 1396 889 1396 889 1397 888 1397 890 1397 889 1398 890 1398 891 1398 892 1399 893 1399 817 1399 817 1400 893 1400 894 1400 817 1401 894 1401 815 1401 859 1402 895 1402 896 1402 896 1403 895 1403 897 1403 859 1404 896 1404 857 1404 857 1405 896 1405 898 1405 857 1406 898 1406 899 1406 811 1407 810 1407 891 1407 891 1408 810 1408 900 1408 891 1409 900 1409 889 1409 887 1410 889 1410 901 1410 901 1411 889 1411 902 1411 901 1412 902 1412 903 1412 850 1413 852 1413 904 1413 904 1414 852 1414 905 1414 904 1415 905 1415 823 1415 823 1416 905 1416 906 1416 823 1417 906 1417 814 1417 814 1418 906 1418 907 1418 814 1419 907 1419 812 1419 908 1420 909 1420 811 1420 811 1421 909 1421 910 1421 811 1422 910 1422 809 1422 897 1423 911 1423 896 1423 896 1424 911 1424 909 1424 896 1425 909 1425 912 1425 912 1426 909 1426 908 1426 899 1427 913 1427 857 1427 857 1428 913 1428 914 1428 857 1429 914 1429 915 1429 915 1430 914 1430 916 1430 915 1431 916 1431 917 1431 916 1432 918 1432 917 1432 917 1433 918 1433 919 1433 917 1434 919 1434 920 1434 920 1435 919 1435 921 1435 920 1436 921 1436 922 1436 921 1437 923 1437 922 1437 922 1438 923 1438 924 1438 922 1439 924 1439 925 1439 925 1440 924 1440 926 1440 925 1441 926 1441 927 1441 927 1442 926 1442 928 1442 927 1443 928 1443 929 1443 929 1444 928 1444 930 1444 929 1445 930 1445 931 1445 931 1446 930 1446 932 1446 931 1447 932 1447 933 1447 933 1448 932 1448 934 1448 933 1449 934 1449 935 1449 935 1450 934 1450 936 1450 935 1451 936 1451 937 1451 937 1452 936 1452 938 1452 938 1453 936 1453 939 1453 938 1454 939 1454 940 1454 939 1455 941 1455 940 1455 940 1456 941 1456 942 1456 940 1457 942 1457 943 1457 943 1458 942 1458 944 1458 943 1459 944 1459 945 1459 945 1460 944 1460 946 1460 945 1461 946 1461 947 1461 946 1462 948 1462 947 1462 947 1463 948 1463 949 1463 947 1464 949 1464 950 1464 950 1465 949 1465 951 1465 950 1466 951 1466 952 1466 903 1467 892 1467 901 1467 901 1468 892 1468 817 1468 901 1469 817 1469 953 1469 953 1470 817 1470 954 1470 953 1471 954 1471 955 1471 955 1472 954 1472 952 1472 955 1473 952 1473 956 1473 956 1474 952 1474 951 1474 957 1475 958 1475 959 1475 960 1476 958 1476 961 1476 961 1477 958 1477 962 1477 961 1478 962 1478 963 1478 963 1479 962 1479 964 1479 963 1480 964 1480 965 1480 966 1481 960 1481 967 1481 967 1482 960 1482 968 1482 969 1483 970 1483 971 1483 966 1484 972 1484 960 1484 960 1485 972 1485 973 1485 960 1486 973 1486 958 1486 958 1487 973 1487 974 1487 958 1488 974 1488 975 1488 976 1489 977 1489 978 1489 979 1490 980 1490 981 1490 981 1491 980 1491 976 1491 981 1492 976 1492 982 1492 982 1493 976 1493 978 1493 975 1494 983 1494 958 1494 958 1495 983 1495 984 1495 958 1496 984 1496 959 1496 985 1497 986 1497 987 1497 987 1498 986 1498 988 1498 987 1499 988 1499 989 1499 964 1500 990 1500 965 1500 965 1501 990 1501 991 1501 965 1502 991 1502 992 1502 992 1503 991 1503 993 1503 992 1504 993 1504 994 1504 995 1505 996 1505 997 1505 997 1506 996 1506 998 1506 997 1507 998 1507 999 1507 999 1508 1000 1508 997 1508 997 1509 1000 1509 1001 1509 997 1510 1001 1510 1002 1510 993 1511 1003 1511 994 1511 994 1512 1003 1512 1004 1512 994 1513 1004 1513 1005 1513 1005 1514 1004 1514 1006 1514 1005 1515 1006 1515 1007 1515 1007 1516 1006 1516 1008 1516 1007 1517 1008 1517 1009 1517 971 1518 970 1518 1002 1518 1002 1519 970 1519 1010 1519 1002 1520 1010 1520 997 1520 1011 1521 1012 1521 1013 1521 1013 1522 1012 1522 1014 1522 1013 1523 1014 1523 1015 1523 987 1524 1016 1524 985 1524 985 1525 1016 1525 1017 1525 985 1526 1017 1526 1018 1526 1018 1527 1017 1527 1019 1527 1020 1528 1021 1528 1022 1528 1015 1529 1023 1529 1013 1529 1013 1530 1023 1530 1024 1530 1013 1531 1024 1531 1025 1531 989 1532 1026 1532 987 1532 987 1533 1026 1533 1027 1533 987 1534 1027 1534 1028 1534 1028 1535 1027 1535 1029 1535 1028 1536 1029 1536 959 1536 959 1537 1029 1537 1030 1537 959 1538 1030 1538 957 1538 1031 1539 1032 1539 971 1539 971 1540 1032 1540 1033 1540 971 1541 1033 1541 969 1541 1022 1542 1034 1542 1020 1542 1020 1543 1034 1543 1032 1543 1020 1544 1032 1544 1035 1544 1035 1545 1032 1545 1031 1545 1021 1546 1020 1546 979 1546 979 1547 1020 1547 1036 1547 979 1548 1036 1548 980 1548 980 1549 1036 1549 1037 1549 980 1550 1037 1550 1038 1550 1039 1551 1040 1551 1041 1551 1041 1552 1040 1552 1042 1552 1041 1553 1042 1553 1043 1553 1043 1554 1042 1554 1044 1554 1043 1555 1044 1555 1045 1555 1045 1556 1044 1556 1046 1556 1045 1557 1046 1557 1047 1557 1047 1558 1046 1558 1048 1558 1047 1559 1048 1559 1049 1559 1039 1560 1050 1560 1040 1560 1040 1561 1050 1561 1051 1561 1040 1562 1051 1562 1052 1562 1025 1563 996 1563 1013 1563 1013 1564 996 1564 995 1564 1013 1565 995 1565 1053 1565 1053 1566 995 1566 1054 1566 1053 1567 1054 1567 1055 1567 1055 1568 1054 1568 1056 1568 1055 1569 1056 1569 960 1569 960 1570 1056 1570 1057 1570 960 1571 1057 1571 968 1571 1008 1572 1058 1572 1009 1572 1009 1573 1058 1573 1059 1573 1009 1574 1059 1574 1060 1574 1060 1575 1059 1575 1061 1575 1060 1576 1061 1576 1062 1576 1062 1577 1061 1577 1063 1577 1062 1578 1063 1578 1064 1578 1064 1579 1063 1579 1049 1579 1064 1580 1049 1580 1065 1580 1065 1581 1049 1581 1048 1581 1052 1582 1066 1582 1040 1582 1040 1583 1066 1583 1067 1583 1040 1584 1067 1584 1068 1584 1038 1585 1069 1585 980 1585 980 1586 1069 1586 1070 1586 980 1587 1070 1587 1071 1587 1071 1588 1070 1588 1072 1588 1071 1589 1072 1589 1073 1589 1072 1590 1074 1590 1073 1590 1073 1591 1074 1591 1075 1591 1073 1592 1075 1592 1076 1592 1076 1593 1075 1593 1077 1593 1076 1594 1077 1594 1078 1594 1078 1595 1077 1595 1079 1595 1078 1596 1079 1596 1080 1596 1068 1597 1018 1597 1040 1597 1040 1598 1018 1598 1019 1598 1040 1599 1019 1599 1081 1599 1081 1600 1019 1600 1082 1600 1081 1601 1082 1601 1083 1601 1083 1602 1082 1602 1084 1602 1083 1603 1084 1603 1085 1603 1085 1604 1084 1604 1086 1604 1085 1605 1086 1605 977 1605 977 1606 1086 1606 1087 1606 977 1607 1087 1607 978 1607 1011 1608 1013 1608 1088 1608 1088 1609 1013 1609 1089 1609 1088 1610 1089 1610 1090 1610 1090 1611 1089 1611 1091 1611 1090 1612 1091 1612 1092 1612 1092 1613 1091 1613 1093 1613 1092 1614 1093 1614 1094 1614 1094 1615 1093 1615 1095 1615 1094 1616 1095 1616 1096 1616 1079 1617 1097 1617 1080 1617 1080 1618 1097 1618 1098 1618 1080 1619 1098 1619 1099 1619 1099 1620 1098 1620 1100 1620 1099 1621 1100 1621 1101 1621 1101 1622 1100 1622 1102 1622 1101 1623 1102 1623 1103 1623 1103 1624 1102 1624 1096 1624 1103 1625 1096 1625 1104 1625 1104 1626 1096 1626 1095 1626 1105 1627 1106 1627 943 1627 1107 1628 1065 1628 1048 1628 1046 1629 1108 1629 1048 1629 1048 1630 1108 1630 1109 1630 1048 1631 1109 1631 1107 1631 1044 1632 1110 1632 1046 1632 1046 1633 1110 1633 1111 1633 1046 1634 1111 1634 1108 1634 1042 1635 1112 1635 1044 1635 1044 1636 1112 1636 1113 1636 1044 1637 1113 1637 1110 1637 1081 1638 1114 1638 1040 1638 1040 1639 1114 1639 1115 1639 1040 1640 1115 1640 1042 1640 1042 1641 1115 1641 1116 1641 1042 1642 1116 1642 1112 1642 869 1643 1117 1643 1118 1643 1118 1644 1119 1644 869 1644 869 1645 1119 1645 1120 1645 869 1646 1120 1646 1121 1646 1121 1647 1122 1647 869 1647 869 1648 1122 1648 1123 1648 869 1649 1123 1649 1124 1649 869 1650 1124 1650 1125 1650 869 1651 1125 1651 1126 1651 869 1652 1126 1652 1127 1652 869 1653 1127 1653 1128 1653 1129 1654 1130 1654 1083 1654 1083 1655 1130 1655 1131 1655 1083 1656 1131 1656 1132 1656 1132 1657 1133 1657 1083 1657 1083 1658 1133 1658 1134 1658 1083 1659 1134 1659 1081 1659 1081 1660 1134 1660 1135 1660 1081 1661 1135 1661 1114 1661 1136 1662 871 1662 1137 1662 1137 1663 871 1663 825 1663 1137 1664 825 1664 1138 1664 1136 1665 1139 1665 871 1665 871 1666 1139 1666 1140 1666 871 1667 1140 1667 869 1667 869 1668 1140 1668 1141 1668 869 1669 1141 1669 1117 1669 1138 1670 825 1670 1142 1670 1142 1671 825 1671 827 1671 1142 1672 827 1672 1143 1672 1143 1673 827 1673 1144 1673 1144 1674 827 1674 829 1674 1144 1675 829 1675 1145 1675 1145 1676 829 1676 1146 1676 1146 1677 829 1677 831 1677 1146 1678 831 1678 1147 1678 1147 1679 831 1679 1148 1679 1148 1680 831 1680 833 1680 1148 1681 833 1681 1149 1681 1149 1682 833 1682 1150 1682 1150 1683 833 1683 835 1683 1150 1684 835 1684 1151 1684 976 1685 1152 1685 1153 1685 530 1686 977 1686 1154 1686 1154 1687 977 1687 976 1687 1154 1688 976 1688 1155 1688 1155 1689 976 1689 1153 1689 534 1690 532 1690 954 1690 817 1691 530 1691 529 1691 817 1692 529 1692 954 1692 954 1693 529 1693 528 1693 954 1694 528 1694 534 1694 1152 1695 976 1695 1156 1695 1156 1696 976 1696 980 1696 1156 1697 980 1697 1157 1697 1157 1698 980 1698 1158 1698 1158 1699 980 1699 1071 1699 1158 1700 1071 1700 1159 1700 1073 1701 1160 1701 1071 1701 1071 1702 1160 1702 1161 1702 1071 1703 1161 1703 1159 1703 1076 1704 1162 1704 1073 1704 1073 1705 1162 1705 1163 1705 1073 1706 1163 1706 1160 1706 1078 1707 1164 1707 1165 1707 1165 1708 1166 1708 1078 1708 1078 1709 1166 1709 1167 1709 1078 1710 1167 1710 1076 1710 1076 1711 1167 1711 1168 1711 1076 1712 1168 1712 1162 1712 943 1713 1106 1713 940 1713 940 1714 1106 1714 1169 1714 940 1715 1169 1715 1170 1715 1170 1716 1171 1716 940 1716 940 1717 1171 1717 1172 1717 940 1718 1172 1718 1173 1718 1173 1719 1174 1719 940 1719 940 1720 1174 1720 1175 1720 940 1721 1175 1721 1176 1721 1177 1722 1178 1722 1080 1722 1080 1723 1178 1723 1179 1723 1080 1724 1179 1724 1078 1724 1078 1725 1179 1725 1180 1725 1078 1726 1180 1726 1181 1726 1181 1727 1182 1727 1078 1727 1078 1728 1182 1728 1183 1728 1078 1729 1183 1729 1164 1729 554 1730 943 1730 454 1730 454 1731 943 1731 945 1731 554 1732 553 1732 943 1732 943 1733 553 1733 552 1733 943 1734 552 1734 451 1734 451 1735 453 1735 943 1735 943 1736 453 1736 1184 1736 943 1737 1184 1737 1105 1737 947 1738 550 1738 945 1738 945 1739 550 1739 551 1739 945 1740 551 1740 454 1740 541 1741 540 1741 950 1741 950 1742 540 1742 546 1742 950 1743 546 1743 947 1743 947 1744 546 1744 545 1744 947 1745 545 1745 550 1745 541 1746 950 1746 543 1746 543 1747 950 1747 952 1747 543 1748 952 1748 544 1748 532 1749 531 1749 954 1749 954 1750 531 1750 538 1750 954 1751 538 1751 952 1751 952 1752 538 1752 537 1752 952 1753 537 1753 544 1753 1104 1754 933 1754 935 1754 1104 1755 935 1755 1103 1755 1103 1756 935 1756 937 1756 1103 1757 937 1757 1101 1757 1101 1758 937 1758 938 1758 1101 1759 938 1759 1099 1759 1099 1760 938 1760 940 1760 1099 1761 940 1761 1080 1761 1080 1762 940 1762 1176 1762 1080 1763 1176 1763 1177 1763 530 1764 817 1764 977 1764 977 1765 817 1765 867 1765 977 1766 867 1766 1085 1766 1085 1767 867 1767 869 1767 1085 1768 869 1768 1083 1768 1083 1769 869 1769 1128 1769 1083 1770 1128 1770 1129 1770 1185 1771 1186 1771 1187 1771 1188 1772 1189 1772 1190 1772 1191 1773 1192 1773 1193 1773 1194 1774 1195 1774 1193 1774 1196 1775 1197 1775 1198 1775 1199 1776 1200 1776 1201 1776 1202 1777 1203 1777 1204 1777 1205 1778 1206 1778 1207 1778 1208 1779 1209 1779 1210 1779 1211 1780 1212 1780 1213 1780 1140 1781 1214 1781 1215 1781 1216 1782 1217 1782 1218 1782 1219 1783 1220 1783 1221 1783 1206 1784 1222 1784 1223 1784 1224 1785 1225 1785 1205 1785 1205 1786 1225 1786 1206 1786 1224 1787 1212 1787 1226 1787 1226 1788 1212 1788 1211 1788 1226 1789 1211 1789 1227 1789 1210 1790 1228 1790 1229 1790 1210 1791 1229 1791 1230 1791 1231 1792 1232 1792 1233 1792 1234 1793 1191 1793 1235 1793 1236 1794 1195 1794 1237 1794 1238 1795 1239 1795 1194 1795 1194 1796 1239 1796 1195 1796 1195 1797 1239 1797 1237 1797 1240 1798 1241 1798 1242 1798 1243 1799 1244 1799 1245 1799 1243 1800 1245 1800 1246 1800 1243 1801 1246 1801 1247 1801 1248 1802 1249 1802 1250 1802 1250 1803 1249 1803 1251 1803 1250 1804 1251 1804 1247 1804 1252 1805 1253 1805 1254 1805 1254 1806 1248 1806 1252 1806 1252 1807 1248 1807 1255 1807 1252 1808 1255 1808 1256 1808 1256 1809 1255 1809 1257 1809 1258 1810 1259 1810 1260 1810 1260 1811 1259 1811 1261 1811 1260 1812 1261 1812 1262 1812 1263 1813 1264 1813 1265 1813 1265 1814 1266 1814 1263 1814 1263 1815 1266 1815 1267 1815 1263 1816 1267 1816 1268 1816 1268 1817 1267 1817 1269 1817 1270 1818 1271 1818 1272 1818 1272 1819 1271 1819 1273 1819 1272 1820 1273 1820 1274 1820 1275 1821 1276 1821 1277 1821 1277 1822 1276 1822 1270 1822 1277 1823 1270 1823 1278 1823 1278 1824 1270 1824 1272 1824 1278 1825 1272 1825 1279 1825 1280 1826 1281 1826 1282 1826 1282 1827 1281 1827 1283 1827 1282 1828 1283 1828 1279 1828 1279 1829 1283 1829 1284 1829 1279 1830 1284 1830 1278 1830 1280 1831 1285 1831 1286 1831 1286 1832 1285 1832 1287 1832 1286 1833 1287 1833 1288 1833 1289 1834 1290 1834 1291 1834 1291 1835 1290 1835 1292 1835 1291 1836 1292 1836 1287 1836 1287 1837 1292 1837 1293 1837 1287 1838 1293 1838 1288 1838 1149 1839 1150 1839 1294 1839 1294 1840 1150 1840 1291 1840 1291 1841 1150 1841 1151 1841 1291 1842 1151 1842 1289 1842 1295 1843 1146 1843 1296 1843 1296 1844 1146 1844 1147 1844 1296 1845 1147 1845 1294 1845 1294 1846 1147 1846 1148 1846 1294 1847 1148 1847 1149 1847 1297 1848 1144 1848 1295 1848 1295 1849 1144 1849 1145 1849 1295 1850 1145 1850 1146 1850 1143 1851 1298 1851 1142 1851 1142 1852 1298 1852 1299 1852 1142 1853 1299 1853 1138 1853 1138 1854 1299 1854 1137 1854 1137 1855 1299 1855 1300 1855 1137 1856 1300 1856 1136 1856 1215 1857 1301 1857 1302 1857 1140 1858 1215 1858 1141 1858 1141 1859 1215 1859 1302 1859 1141 1860 1302 1860 1117 1860 1303 1861 1304 1861 1305 1861 1305 1862 1304 1862 1306 1862 1307 1863 1303 1863 1308 1863 1309 1864 1310 1864 1311 1864 1311 1865 1310 1865 1312 1865 1311 1866 1312 1866 1313 1866 1313 1867 1312 1867 1307 1867 1314 1868 1315 1868 1316 1868 1316 1869 1315 1869 1317 1869 1318 1870 1319 1870 1320 1870 1320 1871 1319 1871 1321 1871 1320 1872 1321 1872 1314 1872 1314 1873 1321 1873 1315 1873 1322 1874 1323 1874 1324 1874 1324 1875 1323 1875 1325 1875 1326 1876 1327 1876 1328 1876 1328 1877 1327 1877 1329 1877 1328 1878 1329 1878 1330 1878 1221 1879 1331 1879 1219 1879 1219 1880 1331 1880 1203 1880 1219 1881 1203 1881 1220 1881 1220 1882 1203 1882 1202 1882 1220 1883 1202 1883 1332 1883 1332 1884 1202 1884 1223 1884 1333 1885 1208 1885 1213 1885 1213 1886 1208 1886 1210 1886 1213 1887 1210 1887 1211 1887 1211 1888 1210 1888 1230 1888 1211 1889 1230 1889 1227 1889 1333 1890 1334 1890 1208 1890 1208 1891 1334 1891 1335 1891 1208 1892 1335 1892 1209 1892 1336 1893 1337 1893 1338 1893 1338 1894 1337 1894 1339 1894 1338 1895 1339 1895 1218 1895 1339 1896 1340 1896 1218 1896 1218 1897 1340 1897 1341 1897 1218 1898 1341 1898 1342 1898 1342 1899 1341 1899 1343 1899 1342 1900 1343 1900 1344 1900 1190 1901 1189 1901 1345 1901 1345 1902 1189 1902 1346 1902 1345 1903 1346 1903 1186 1903 1221 1904 1216 1904 1331 1904 1331 1905 1216 1905 1203 1905 1203 1906 1216 1906 1218 1906 1203 1907 1218 1907 1204 1907 1204 1908 1218 1908 1342 1908 1204 1909 1342 1909 1347 1909 1347 1910 1342 1910 1344 1910 1347 1911 1344 1911 1348 1911 1349 1912 1350 1912 1351 1912 1351 1913 1350 1913 1352 1913 1352 1914 1353 1914 1354 1914 1355 1915 1326 1915 1356 1915 1356 1916 1326 1916 1328 1916 1356 1917 1328 1917 1357 1917 1357 1918 1328 1918 1330 1918 1357 1919 1330 1919 1358 1919 1358 1920 1330 1920 1359 1920 1358 1921 1359 1921 1360 1921 1360 1922 1359 1922 1361 1922 1360 1923 1361 1923 1362 1923 1362 1924 1361 1924 1363 1924 1362 1925 1363 1925 1364 1925 1364 1926 1363 1926 1365 1926 1364 1927 1365 1927 1366 1927 1366 1928 1367 1928 1364 1928 1364 1929 1367 1929 1368 1929 1364 1930 1368 1930 1362 1930 1362 1931 1368 1931 1369 1931 1362 1932 1369 1932 1360 1932 1360 1933 1369 1933 1370 1933 1360 1934 1370 1934 1358 1934 1358 1935 1370 1935 1371 1935 1358 1936 1371 1936 1357 1936 1357 1937 1371 1937 1372 1937 1357 1938 1372 1938 1356 1938 1187 1939 1186 1939 1373 1939 1373 1940 1186 1940 1346 1940 1373 1941 1346 1941 1200 1941 1200 1942 1346 1942 1189 1942 1200 1943 1189 1943 1201 1943 1201 1944 1189 1944 1188 1944 1201 1945 1188 1945 1374 1945 1375 1946 1376 1946 1377 1946 1378 1947 1355 1947 1379 1947 1379 1948 1355 1948 1356 1948 1379 1949 1356 1949 1380 1949 1380 1950 1356 1950 1372 1950 1380 1951 1372 1951 1381 1951 1381 1952 1372 1952 1371 1952 1381 1953 1371 1953 1382 1953 1382 1954 1371 1954 1370 1954 1382 1955 1370 1955 1383 1955 1383 1956 1370 1956 1369 1956 1383 1957 1369 1957 1384 1957 1384 1958 1369 1958 1368 1958 1384 1959 1368 1959 1376 1959 1376 1960 1368 1960 1367 1960 1376 1961 1367 1961 1377 1961 1377 1962 1367 1962 1366 1962 1385 1963 1386 1963 1375 1963 1375 1964 1386 1964 1387 1964 1375 1965 1387 1965 1376 1965 1376 1966 1387 1966 1388 1966 1376 1967 1388 1967 1384 1967 1384 1968 1388 1968 1389 1968 1384 1969 1389 1969 1383 1969 1383 1970 1389 1970 1390 1970 1383 1971 1390 1971 1382 1971 1382 1972 1390 1972 1391 1972 1382 1973 1391 1973 1381 1973 1381 1974 1391 1974 1392 1974 1381 1975 1392 1975 1380 1975 1380 1976 1392 1976 1393 1976 1380 1977 1393 1977 1379 1977 1379 1978 1393 1978 1394 1978 1379 1979 1394 1979 1378 1979 1395 1980 1396 1980 1397 1980 1397 1981 1396 1981 1398 1981 1397 1982 1398 1982 1399 1982 1400 1983 1401 1983 1402 1983 1403 1984 1399 1984 1404 1984 1404 1985 1399 1985 1398 1985 1404 1986 1398 1986 1405 1986 1405 1987 1398 1987 1406 1987 1405 1988 1406 1988 1407 1988 1401 1989 1400 1989 1408 1989 1408 1990 1400 1990 1409 1990 1408 1991 1409 1991 1410 1991 1139 1992 1136 1992 1411 1992 1411 1993 1136 1993 1300 1993 1411 1994 1300 1994 1412 1994 1412 1995 1300 1995 1299 1995 1412 1996 1299 1996 1413 1996 1413 1997 1299 1997 1298 1997 1413 1998 1298 1998 1297 1998 1297 1999 1298 1999 1143 1999 1297 2000 1143 2000 1144 2000 1414 2001 1415 2001 1416 2001 1416 2002 1415 2002 1417 2002 1416 2003 1417 2003 1418 2003 1418 2004 1417 2004 1419 2004 1418 2005 1419 2005 1420 2005 1420 2006 1419 2006 1421 2006 1420 2007 1421 2007 1422 2007 1422 2008 1421 2008 1423 2008 1422 2009 1423 2009 1424 2009 1424 2010 1423 2010 1425 2010 1424 2011 1425 2011 1214 2011 1214 2012 1425 2012 1215 2012 1215 2013 1425 2013 1426 2013 1215 2014 1426 2014 1301 2014 1427 2015 1428 2015 1429 2015 1429 2016 1428 2016 1430 2016 1429 2017 1430 2017 1431 2017 1431 2018 1430 2018 1432 2018 1431 2019 1432 2019 1433 2019 1433 2020 1432 2020 1434 2020 1433 2021 1434 2021 1435 2021 1435 2022 1434 2022 1436 2022 1435 2023 1436 2023 1437 2023 1437 2024 1436 2024 1438 2024 1437 2025 1438 2025 1439 2025 1439 2026 1438 2026 1305 2026 1439 2027 1305 2027 1440 2027 1440 2028 1305 2028 1306 2028 1440 2029 1306 2029 1441 2029 1352 2030 1354 2030 1351 2030 1351 2031 1354 2031 1442 2031 1351 2032 1442 2032 1443 2032 1443 2033 1442 2033 1444 2033 1443 2034 1444 2034 1445 2034 1349 2035 1351 2035 1446 2035 1446 2036 1351 2036 1443 2036 1446 2037 1443 2037 1447 2037 1447 2038 1443 2038 1445 2038 1447 2039 1445 2039 1448 2039 1197 2040 1449 2040 1450 2040 1450 2041 1449 2041 1451 2041 1450 2042 1451 2042 1452 2042 1452 2043 1451 2043 1453 2043 1452 2044 1453 2044 1454 2044 1454 2045 1453 2045 1455 2045 1454 2046 1455 2046 1456 2046 1449 2047 1457 2047 1451 2047 1451 2048 1457 2048 1458 2048 1451 2049 1458 2049 1453 2049 1453 2050 1458 2050 1459 2050 1453 2051 1459 2051 1455 2051 1313 2052 1456 2052 1311 2052 1311 2053 1456 2053 1455 2053 1311 2054 1455 2054 1309 2054 1309 2055 1455 2055 1459 2055 1309 2056 1459 2056 1460 2056 1460 2057 1459 2057 1458 2057 1460 2058 1458 2058 1461 2058 1461 2059 1458 2059 1457 2059 1461 2060 1457 2060 1462 2060 1462 2061 1457 2061 1463 2061 1462 2062 1463 2062 1464 2062 1465 2063 1320 2063 1466 2063 1466 2064 1320 2064 1314 2064 1466 2065 1314 2065 1467 2065 1467 2066 1314 2066 1316 2066 1464 2067 1463 2067 1468 2067 1468 2068 1463 2068 1469 2068 1468 2069 1469 2069 1470 2069 1470 2070 1469 2070 1471 2070 1471 2071 1469 2071 1472 2071 1471 2072 1472 2072 1473 2072 1197 2073 1196 2073 1449 2073 1449 2074 1196 2074 1474 2074 1449 2075 1474 2075 1457 2075 1457 2076 1474 2076 1475 2076 1457 2077 1475 2077 1463 2077 1463 2078 1475 2078 1476 2078 1463 2079 1476 2079 1469 2079 1469 2080 1476 2080 1477 2080 1469 2081 1477 2081 1472 2081 1465 2082 1478 2082 1320 2082 1320 2083 1478 2083 1325 2083 1320 2084 1325 2084 1318 2084 1318 2085 1325 2085 1323 2085 1479 2086 1324 2086 1480 2086 1480 2087 1324 2087 1325 2087 1480 2088 1325 2088 1481 2088 1481 2089 1325 2089 1478 2089 1473 2090 1479 2090 1471 2090 1471 2091 1479 2091 1480 2091 1471 2092 1480 2092 1470 2092 1470 2093 1480 2093 1481 2093 1470 2094 1481 2094 1468 2094 1468 2095 1481 2095 1478 2095 1468 2096 1478 2096 1464 2096 1464 2097 1478 2097 1465 2097 1464 2098 1465 2098 1462 2098 1462 2099 1465 2099 1466 2099 1462 2100 1466 2100 1461 2100 1461 2101 1466 2101 1467 2101 1461 2102 1467 2102 1460 2102 1460 2103 1467 2103 1316 2103 1460 2104 1316 2104 1309 2104 1309 2105 1316 2105 1317 2105 1309 2106 1317 2106 1310 2106 1198 2107 1448 2107 1196 2107 1196 2108 1448 2108 1445 2108 1196 2109 1445 2109 1474 2109 1474 2110 1445 2110 1444 2110 1474 2111 1444 2111 1475 2111 1475 2112 1444 2112 1442 2112 1475 2113 1442 2113 1476 2113 1476 2114 1442 2114 1354 2114 1476 2115 1354 2115 1477 2115 1477 2116 1354 2116 1353 2116 1477 2117 1353 2117 1472 2117 1472 2118 1353 2118 1482 2118 1472 2119 1482 2119 1473 2119 1473 2120 1482 2120 1483 2120 1473 2121 1483 2121 1479 2121 1479 2122 1483 2122 1484 2122 1479 2123 1484 2123 1324 2123 1324 2124 1484 2124 1485 2124 1324 2125 1485 2125 1322 2125 1322 2126 1485 2126 1486 2126 1307 2127 1308 2127 1313 2127 1313 2128 1308 2128 1487 2128 1313 2129 1487 2129 1456 2129 1456 2130 1487 2130 1488 2130 1456 2131 1488 2131 1454 2131 1454 2132 1488 2132 1489 2132 1454 2133 1489 2133 1452 2133 1452 2134 1489 2134 1490 2134 1452 2135 1490 2135 1450 2135 1450 2136 1490 2136 1491 2136 1450 2137 1491 2137 1197 2137 1197 2138 1491 2138 1492 2138 1197 2139 1492 2139 1198 2139 1198 2140 1492 2140 1403 2140 1198 2141 1403 2141 1448 2141 1448 2142 1403 2142 1404 2142 1448 2143 1404 2143 1447 2143 1447 2144 1404 2144 1405 2144 1447 2145 1405 2145 1446 2145 1446 2146 1405 2146 1407 2146 1446 2147 1407 2147 1349 2147 1280 2148 1282 2148 1285 2148 1285 2149 1282 2149 1279 2149 1285 2150 1279 2150 1493 2150 1493 2151 1279 2151 1272 2151 1493 2152 1272 2152 1267 2152 1267 2153 1272 2153 1274 2153 1267 2154 1274 2154 1269 2154 1494 2155 1495 2155 1496 2155 1496 2156 1495 2156 1497 2156 1496 2157 1497 2157 1498 2157 1498 2158 1497 2158 1250 2158 1498 2159 1250 2159 1246 2159 1246 2160 1250 2160 1247 2160 1499 2161 1500 2161 1501 2161 1501 2162 1500 2162 1502 2162 1501 2163 1502 2163 1503 2163 1503 2164 1502 2164 1260 2164 1503 2165 1260 2165 1255 2165 1255 2166 1260 2166 1262 2166 1255 2167 1262 2167 1257 2167 1248 2168 1250 2168 1255 2168 1255 2169 1250 2169 1497 2169 1255 2170 1497 2170 1503 2170 1503 2171 1497 2171 1495 2171 1503 2172 1495 2172 1501 2172 1501 2173 1495 2173 1494 2173 1501 2174 1494 2174 1499 2174 1499 2175 1494 2175 1504 2175 1499 2176 1504 2176 1505 2176 1505 2177 1504 2177 1506 2177 1505 2178 1506 2178 1507 2178 1507 2179 1506 2179 1427 2179 1507 2180 1427 2180 1414 2180 1414 2181 1427 2181 1429 2181 1414 2182 1429 2182 1415 2182 1415 2183 1429 2183 1431 2183 1415 2184 1431 2184 1417 2184 1417 2185 1431 2185 1433 2185 1417 2186 1433 2186 1419 2186 1419 2187 1433 2187 1435 2187 1419 2188 1435 2188 1421 2188 1421 2189 1435 2189 1437 2189 1421 2190 1437 2190 1423 2190 1423 2191 1437 2191 1439 2191 1423 2192 1439 2192 1425 2192 1425 2193 1439 2193 1440 2193 1425 2194 1440 2194 1426 2194 1426 2195 1440 2195 1441 2195 1426 2196 1441 2196 1301 2196 1140 2197 1139 2197 1214 2197 1214 2198 1139 2198 1411 2198 1214 2199 1411 2199 1424 2199 1424 2200 1411 2200 1412 2200 1424 2201 1412 2201 1422 2201 1422 2202 1412 2202 1413 2202 1422 2203 1413 2203 1420 2203 1420 2204 1413 2204 1297 2204 1420 2205 1297 2205 1418 2205 1418 2206 1297 2206 1295 2206 1418 2207 1295 2207 1416 2207 1416 2208 1295 2208 1296 2208 1416 2209 1296 2209 1414 2209 1414 2210 1296 2210 1294 2210 1414 2211 1294 2211 1507 2211 1507 2212 1294 2212 1291 2212 1507 2213 1291 2213 1505 2213 1505 2214 1291 2214 1287 2214 1505 2215 1287 2215 1499 2215 1499 2216 1287 2216 1285 2216 1499 2217 1285 2217 1500 2217 1500 2218 1285 2218 1493 2218 1500 2219 1493 2219 1502 2219 1502 2220 1493 2220 1267 2220 1502 2221 1267 2221 1260 2221 1260 2222 1267 2222 1266 2222 1260 2223 1266 2223 1258 2223 1508 2224 1509 2224 1510 2224 1510 2225 1509 2225 1511 2225 1510 2226 1511 2226 1512 2226 1335 2227 1513 2227 1209 2227 1209 2228 1513 2228 1514 2228 1209 2229 1514 2229 1210 2229 1210 2230 1514 2230 1515 2230 1210 2231 1515 2231 1228 2231 1228 2232 1515 2232 1232 2232 1228 2233 1232 2233 1231 2233 1516 2234 1241 2234 1508 2234 1508 2235 1241 2235 1240 2235 1508 2236 1240 2236 1509 2236 1509 2237 1240 2237 1517 2237 1509 2238 1517 2238 1511 2238 1511 2239 1517 2239 1518 2239 1511 2240 1518 2240 1519 2240 1519 2241 1518 2241 1520 2241 1519 2242 1520 2242 1402 2242 1402 2243 1520 2243 1521 2243 1402 2244 1521 2244 1400 2244 1400 2245 1521 2245 1522 2245 1400 2246 1522 2246 1409 2246 1409 2247 1522 2247 1523 2247 1409 2248 1523 2248 1410 2248 1410 2249 1523 2249 1524 2249 1193 2250 1192 2250 1525 2250 1525 2251 1192 2251 1526 2251 1525 2252 1526 2252 1185 2252 1185 2253 1526 2253 1527 2253 1185 2254 1527 2254 1186 2254 1186 2255 1527 2255 1528 2255 1186 2256 1528 2256 1345 2256 1345 2257 1528 2257 1529 2257 1345 2258 1529 2258 1190 2258 1512 2259 1511 2259 1395 2259 1395 2260 1511 2260 1519 2260 1395 2261 1519 2261 1396 2261 1396 2262 1519 2262 1402 2262 1396 2263 1402 2263 1398 2263 1398 2264 1402 2264 1401 2264 1398 2265 1401 2265 1406 2265 1406 2266 1401 2266 1408 2266 1406 2267 1408 2267 1407 2267 1407 2268 1408 2268 1410 2268 1407 2269 1410 2269 1349 2269 1349 2270 1410 2270 1524 2270 1349 2271 1524 2271 1350 2271 1333 2272 1529 2272 1334 2272 1334 2273 1529 2273 1528 2273 1334 2274 1528 2274 1335 2274 1335 2275 1528 2275 1527 2275 1335 2276 1527 2276 1513 2276 1513 2277 1527 2277 1526 2277 1513 2278 1526 2278 1514 2278 1514 2279 1526 2279 1192 2279 1514 2280 1192 2280 1515 2280 1515 2281 1192 2281 1191 2281 1515 2282 1191 2282 1232 2282 1232 2283 1191 2283 1234 2283 1232 2284 1234 2284 1233 2284 1303 2285 1305 2285 1308 2285 1308 2286 1305 2286 1438 2286 1308 2287 1438 2287 1487 2287 1487 2288 1438 2288 1436 2288 1487 2289 1436 2289 1488 2289 1488 2290 1436 2290 1434 2290 1488 2291 1434 2291 1489 2291 1489 2292 1434 2292 1432 2292 1489 2293 1432 2293 1490 2293 1490 2294 1432 2294 1430 2294 1490 2295 1430 2295 1491 2295 1491 2296 1430 2296 1428 2296 1491 2297 1428 2297 1492 2297 1492 2298 1428 2298 1427 2298 1492 2299 1427 2299 1403 2299 1403 2300 1427 2300 1506 2300 1403 2301 1506 2301 1399 2301 1399 2302 1506 2302 1504 2302 1399 2303 1504 2303 1397 2303 1397 2304 1504 2304 1494 2304 1397 2305 1494 2305 1395 2305 1395 2306 1494 2306 1496 2306 1395 2307 1496 2307 1512 2307 1512 2308 1496 2308 1498 2308 1512 2309 1498 2309 1510 2309 1510 2310 1498 2310 1246 2310 1510 2311 1246 2311 1508 2311 1508 2312 1246 2312 1245 2312 1508 2313 1245 2313 1516 2313 1207 2314 1206 2314 1530 2314 1530 2315 1206 2315 1223 2315 1530 2316 1223 2316 1207 2316 1207 2317 1223 2317 1202 2317 1207 2318 1202 2318 1531 2318 1531 2319 1202 2319 1204 2319 1531 2320 1204 2320 1532 2320 1532 2321 1204 2321 1347 2321 1532 2322 1347 2322 1533 2322 1533 2323 1347 2323 1348 2323 1533 2324 1348 2324 1385 2324 1365 2325 1534 2325 1366 2325 1366 2326 1534 2326 1199 2326 1366 2327 1199 2327 1377 2327 1377 2328 1199 2328 1201 2328 1377 2329 1201 2329 1375 2329 1375 2330 1201 2330 1374 2330 1375 2331 1374 2331 1385 2331 1385 2332 1374 2332 1188 2332 1385 2333 1188 2333 1533 2333 1533 2334 1188 2334 1190 2334 1533 2335 1190 2335 1532 2335 1532 2336 1190 2336 1529 2336 1532 2337 1529 2337 1531 2337 1531 2338 1529 2338 1333 2338 1531 2339 1333 2339 1207 2339 1207 2340 1333 2340 1213 2340 1207 2341 1213 2341 1205 2341 1205 2342 1213 2342 1212 2342 1205 2343 1212 2343 1224 2343 1217 2344 1535 2344 1218 2344 1218 2345 1535 2345 1338 2345 1338 2346 1535 2346 1536 2346 1193 2347 1195 2347 1191 2347 1191 2348 1195 2348 1236 2348 1191 2349 1236 2349 1235 2349 1235 2350 1236 2350 1537 2350 1327 2351 1486 2351 1329 2351 1329 2352 1486 2352 1485 2352 1329 2353 1485 2353 1330 2353 1330 2354 1485 2354 1484 2354 1330 2355 1484 2355 1359 2355 1359 2356 1484 2356 1483 2356 1359 2357 1483 2357 1361 2357 1361 2358 1483 2358 1482 2358 1361 2359 1482 2359 1363 2359 1363 2360 1482 2360 1353 2360 1363 2361 1353 2361 1365 2361 1365 2362 1353 2362 1352 2362 1365 2363 1352 2363 1534 2363 1534 2364 1352 2364 1350 2364 1534 2365 1350 2365 1199 2365 1199 2366 1350 2366 1524 2366 1199 2367 1524 2367 1200 2367 1200 2368 1524 2368 1523 2368 1200 2369 1523 2369 1373 2369 1373 2370 1523 2370 1522 2370 1373 2371 1522 2371 1187 2371 1187 2372 1522 2372 1521 2372 1187 2373 1521 2373 1185 2373 1185 2374 1521 2374 1520 2374 1185 2375 1520 2375 1525 2375 1525 2376 1520 2376 1518 2376 1525 2377 1518 2377 1193 2377 1193 2378 1518 2378 1517 2378 1193 2379 1517 2379 1194 2379 1194 2380 1517 2380 1240 2380 1194 2381 1240 2381 1238 2381 1238 2382 1240 2382 1242 2382 1238 2383 1242 2383 1538 2383 1388 2384 1387 2384 1539 2384 1539 2385 1387 2385 1386 2385 1539 2386 1386 2386 1540 2386 1391 2387 1390 2387 1541 2387 1541 2388 1390 2388 1542 2388 1543 2389 1544 2389 1343 2389 1545 2390 1341 2390 1546 2390 1546 2391 1341 2391 1340 2391 1343 2392 1544 2392 1344 2392 1542 2393 1390 2393 1539 2393 1539 2394 1390 2394 1389 2394 1539 2395 1389 2395 1388 2395 1386 2396 1385 2396 1540 2396 1540 2397 1385 2397 1348 2397 1540 2398 1348 2398 1547 2398 1547 2399 1348 2399 1344 2399 1547 2400 1344 2400 1548 2400 1548 2401 1344 2401 1544 2401 1549 2402 1550 2402 1339 2402 1339 2403 1550 2403 1551 2403 1339 2404 1551 2404 1340 2404 1340 2405 1551 2405 1552 2405 1340 2406 1552 2406 1546 2406 1545 2407 1553 2407 1341 2407 1341 2408 1553 2408 1554 2408 1341 2409 1554 2409 1343 2409 1343 2410 1554 2410 1555 2410 1343 2411 1555 2411 1543 2411 1556 2412 1557 2412 1541 2412 1541 2413 1557 2413 1558 2413 1541 2414 1558 2414 1559 2414 1560 2415 1561 2415 1562 2415 1563 2416 1564 2416 1565 2416 1559 2417 1566 2417 1541 2417 1541 2418 1566 2418 1378 2418 1541 2419 1378 2419 1394 2419 1394 2420 1393 2420 1541 2420 1541 2421 1393 2421 1392 2421 1541 2422 1392 2422 1391 2422 1549 2423 1339 2423 1337 2423 1541 2424 1567 2424 1556 2424 1556 2425 1567 2425 1568 2425 1556 2426 1568 2426 1569 2426 1563 2427 1565 2427 1570 2427 1569 2428 1571 2428 1556 2428 1556 2429 1571 2429 1565 2429 1556 2430 1565 2430 1572 2430 1572 2431 1565 2431 1564 2431 1561 2432 1573 2432 1562 2432 1562 2433 1573 2433 1574 2433 1562 2434 1574 2434 1575 2434 1560 2435 1562 2435 1565 2435 1565 2436 1562 2436 1576 2436 1565 2437 1576 2437 1570 2437 1577 2438 1539 2438 1540 2438 1578 2439 1579 2439 1580 2439 1581 2440 1582 2440 1583 2440 1261 2441 1259 2441 1584 2441 1585 2442 1586 2442 1587 2442 1588 2443 1589 2443 1590 2443 1591 2444 1592 2444 1593 2444 1127 2445 1594 2445 1595 2445 1321 2446 1596 2446 1597 2446 1275 2447 1598 2447 1276 2447 1264 2448 1263 2448 1268 2448 1242 2449 1238 2449 1538 2449 1599 2450 1236 2450 1237 2450 1234 2451 1600 2451 1233 2451 1228 2452 1231 2452 1600 2452 1600 2453 1231 2453 1233 2453 1227 2454 1230 2454 1601 2454 1601 2455 1230 2455 1229 2455 1225 2456 1224 2456 1602 2456 1225 2457 1602 2457 1603 2457 1225 2458 1603 2458 1206 2458 1223 2459 1222 2459 1206 2459 1604 2460 1332 2460 1223 2460 1604 2461 1223 2461 1603 2461 1603 2462 1223 2462 1206 2462 1332 2463 1604 2463 1220 2463 1220 2464 1604 2464 1605 2464 1220 2465 1605 2465 1606 2465 1216 2466 1221 2466 1606 2466 1606 2467 1221 2467 1220 2467 1535 2468 1338 2468 1536 2468 1355 2469 1378 2469 1607 2469 1607 2470 1378 2470 1566 2470 1607 2471 1566 2471 1559 2471 1326 2472 1608 2472 1327 2472 1327 2473 1608 2473 1609 2473 1327 2474 1609 2474 1486 2474 1323 2475 1322 2475 1610 2475 1322 2476 1486 2476 1611 2476 1323 2477 1612 2477 1318 2477 1318 2478 1612 2478 1613 2478 1318 2479 1613 2479 1319 2479 1614 2480 1317 2480 1615 2480 1615 2481 1317 2481 1315 2481 1615 2482 1315 2482 1597 2482 1597 2483 1315 2483 1321 2483 1616 2484 1312 2484 1617 2484 1617 2485 1312 2485 1310 2485 1617 2486 1310 2486 1614 2486 1614 2487 1310 2487 1317 2487 1618 2488 1303 2488 1619 2488 1619 2489 1303 2489 1307 2489 1619 2490 1307 2490 1616 2490 1616 2491 1307 2491 1312 2491 1620 2492 1302 2492 1301 2492 1620 2493 1301 2493 1621 2493 1621 2494 1301 2494 1441 2494 1621 2495 1441 2495 1622 2495 1622 2496 1441 2496 1306 2496 1622 2497 1306 2497 1618 2497 1618 2498 1306 2498 1304 2498 1618 2499 1304 2499 1303 2499 1623 2500 1122 2500 1121 2500 1624 2501 1126 2501 1125 2501 1127 2502 1595 2502 1128 2502 1128 2503 1595 2503 1625 2503 1128 2504 1625 2504 1129 2504 1626 2505 1627 2505 1115 2505 1110 2506 1113 2506 1628 2506 1628 2507 1113 2507 1112 2507 1628 2508 1112 2508 1116 2508 1108 2509 1111 2509 1629 2509 1630 2510 1631 2510 1632 2510 1632 2511 1631 2511 1633 2511 1632 2512 1633 2512 1634 2512 1634 2513 1635 2513 1632 2513 1632 2514 1635 2514 1636 2514 1632 2515 1636 2515 1637 2515 1637 2516 1636 2516 1638 2516 1637 2517 1638 2517 1639 2517 1639 2518 1640 2518 1637 2518 1637 2519 1640 2519 1107 2519 1637 2520 1107 2520 1629 2520 1629 2521 1107 2521 1109 2521 1629 2522 1109 2522 1108 2522 1632 2523 1586 2523 1630 2523 1630 2524 1586 2524 1585 2524 1630 2525 1585 2525 1641 2525 1641 2526 1585 2526 1642 2526 1643 2527 1644 2527 1645 2527 1643 2528 1270 2528 1644 2528 1644 2529 1270 2529 1276 2529 1644 2530 1276 2530 1646 2530 1646 2531 1276 2531 1598 2531 1608 2532 1647 2532 1609 2532 1609 2533 1647 2533 1648 2533 1609 2534 1648 2534 1649 2534 1649 2535 1648 2535 1650 2535 1651 2536 1652 2536 1653 2536 1651 2537 1653 2537 1654 2537 1654 2538 1653 2538 1655 2538 1654 2539 1655 2539 1656 2539 1656 2540 1655 2540 1657 2540 1656 2541 1657 2541 1658 2541 1659 2542 1658 2542 1660 2542 1660 2543 1658 2543 1657 2543 1660 2544 1657 2544 1661 2544 1661 2545 1657 2545 1662 2545 1662 2546 1657 2546 1655 2546 1662 2547 1655 2547 1663 2547 1663 2548 1655 2548 1653 2548 1663 2549 1653 2549 1664 2549 1664 2550 1653 2550 1652 2550 1664 2551 1652 2551 1665 2551 1666 2552 1667 2552 1668 2552 1669 2553 1670 2553 1671 2553 1671 2554 1670 2554 1672 2554 1671 2555 1672 2555 1673 2555 1673 2556 1672 2556 1674 2556 1673 2557 1674 2557 1675 2557 1675 2558 1674 2558 1676 2558 1675 2559 1676 2559 1677 2559 1677 2560 1676 2560 1678 2560 1677 2561 1678 2561 1679 2561 1679 2562 1678 2562 1680 2562 1665 2563 1681 2563 1682 2563 1683 2564 1667 2564 1684 2564 1684 2565 1667 2565 1666 2565 1684 2566 1666 2566 1685 2566 1686 2567 1669 2567 1687 2567 1687 2568 1669 2568 1671 2568 1687 2569 1671 2569 1688 2569 1688 2570 1671 2570 1673 2570 1688 2571 1673 2571 1689 2571 1689 2572 1673 2572 1675 2572 1689 2573 1675 2573 1690 2573 1690 2574 1675 2574 1677 2574 1690 2575 1677 2575 1683 2575 1683 2576 1677 2576 1679 2576 1683 2577 1679 2577 1667 2577 1667 2578 1679 2578 1680 2578 1667 2579 1680 2579 1668 2579 1592 2580 1591 2580 1691 2580 1692 2581 1693 2581 1694 2581 1694 2582 1693 2582 1695 2582 1694 2583 1695 2583 1696 2583 1696 2584 1695 2584 1697 2584 1696 2585 1697 2585 1698 2585 1698 2586 1697 2586 1699 2586 1698 2587 1699 2587 1700 2587 1700 2588 1699 2588 1701 2588 1693 2589 1702 2589 1695 2589 1695 2590 1702 2590 1703 2590 1695 2591 1703 2591 1697 2591 1697 2592 1703 2592 1704 2592 1697 2593 1704 2593 1699 2593 1699 2594 1704 2594 1705 2594 1699 2595 1705 2595 1701 2595 1706 2596 1707 2596 1685 2596 1708 2597 1709 2597 1710 2597 1710 2598 1709 2598 1711 2598 1710 2599 1711 2599 1712 2599 1712 2600 1711 2600 1713 2600 1712 2601 1713 2601 1714 2601 1714 2602 1713 2602 1715 2602 1714 2603 1715 2603 1716 2603 1717 2604 1590 2604 1705 2604 1705 2605 1590 2605 1589 2605 1705 2606 1589 2606 1701 2606 1717 2607 1705 2607 1718 2607 1718 2608 1705 2608 1704 2608 1718 2609 1704 2609 1716 2609 1716 2610 1704 2610 1703 2610 1716 2611 1703 2611 1714 2611 1714 2612 1703 2612 1702 2612 1714 2613 1702 2613 1712 2613 1712 2614 1702 2614 1693 2614 1712 2615 1693 2615 1710 2615 1710 2616 1693 2616 1692 2616 1710 2617 1692 2617 1708 2617 1719 2618 1707 2618 1720 2618 1720 2619 1707 2619 1706 2619 1720 2620 1706 2620 1721 2620 1722 2621 1723 2621 1724 2621 1724 2622 1723 2622 1725 2622 1724 2623 1725 2623 1726 2623 1726 2624 1725 2624 1727 2624 1726 2625 1727 2625 1728 2625 1728 2626 1727 2626 1729 2626 1728 2627 1729 2627 1719 2627 1719 2628 1729 2628 1730 2628 1719 2629 1730 2629 1707 2629 1731 2630 1732 2630 1733 2630 1577 2631 1734 2631 1735 2631 1735 2632 1734 2632 1736 2632 1735 2633 1736 2633 1737 2633 1737 2634 1736 2634 1738 2634 1737 2635 1738 2635 1722 2635 1722 2636 1738 2636 1739 2636 1722 2637 1739 2637 1723 2637 1740 2638 1741 2638 1742 2638 1742 2639 1741 2639 1743 2639 1742 2640 1743 2640 1744 2640 1744 2641 1743 2641 1745 2641 1744 2642 1745 2642 1746 2642 1746 2643 1745 2643 1691 2643 1746 2644 1691 2644 1747 2644 1747 2645 1691 2645 1591 2645 1748 2646 1749 2646 1750 2646 1750 2647 1749 2647 1751 2647 1750 2648 1751 2648 1752 2648 1753 2649 1754 2649 1748 2649 1748 2650 1754 2650 1755 2650 1748 2651 1755 2651 1749 2651 1756 2652 1757 2652 1753 2652 1758 2653 1759 2653 1721 2653 1715 2654 1760 2654 1716 2654 1716 2655 1760 2655 1761 2655 1716 2656 1761 2656 1718 2656 1718 2657 1761 2657 1762 2657 1718 2658 1762 2658 1717 2658 1717 2659 1762 2659 1763 2659 1717 2660 1763 2660 1590 2660 1590 2661 1763 2661 1764 2661 1590 2662 1764 2662 1588 2662 1588 2663 1764 2663 1765 2663 1588 2664 1765 2664 1766 2664 1753 2665 1748 2665 1756 2665 1756 2666 1748 2666 1750 2666 1756 2667 1750 2667 1767 2667 1767 2668 1750 2668 1752 2668 1767 2669 1752 2669 1768 2669 1740 2670 1607 2670 1741 2670 1741 2671 1607 2671 1769 2671 1741 2672 1769 2672 1743 2672 1743 2673 1769 2673 1770 2673 1743 2674 1770 2674 1745 2674 1745 2675 1770 2675 1771 2675 1745 2676 1771 2676 1691 2676 1691 2677 1771 2677 1772 2677 1691 2678 1772 2678 1592 2678 1592 2679 1772 2679 1773 2679 1592 2680 1773 2680 1593 2680 1593 2681 1773 2681 1774 2681 1754 2682 1774 2682 1755 2682 1755 2683 1774 2683 1773 2683 1755 2684 1773 2684 1749 2684 1749 2685 1773 2685 1772 2685 1749 2686 1772 2686 1751 2686 1751 2687 1772 2687 1771 2687 1751 2688 1771 2688 1752 2688 1752 2689 1771 2689 1770 2689 1752 2690 1770 2690 1768 2690 1768 2691 1770 2691 1769 2691 1768 2692 1769 2692 1558 2692 1558 2693 1769 2693 1607 2693 1775 2694 1757 2694 1570 2694 1562 2695 1776 2695 1775 2695 1562 2696 1775 2696 1576 2696 1576 2697 1775 2697 1570 2697 1562 2698 1575 2698 1776 2698 1776 2699 1575 2699 1574 2699 1776 2700 1574 2700 1777 2700 1777 2701 1574 2701 1573 2701 1778 2702 1779 2702 1780 2702 1780 2703 1779 2703 1781 2703 1780 2704 1781 2704 1782 2704 1782 2705 1781 2705 1783 2705 1782 2706 1783 2706 1784 2706 1784 2707 1783 2707 1785 2707 1784 2708 1785 2708 1786 2708 1786 2709 1785 2709 1787 2709 1786 2710 1787 2710 1777 2710 1777 2711 1787 2711 1759 2711 1777 2712 1759 2712 1776 2712 1776 2713 1759 2713 1758 2713 1776 2714 1758 2714 1775 2714 1573 2715 1561 2715 1777 2715 1777 2716 1561 2716 1560 2716 1777 2717 1560 2717 1786 2717 1786 2718 1560 2718 1565 2718 1786 2719 1565 2719 1784 2719 1784 2720 1565 2720 1571 2720 1784 2721 1571 2721 1782 2721 1782 2722 1571 2722 1569 2722 1782 2723 1569 2723 1780 2723 1780 2724 1569 2724 1568 2724 1780 2725 1568 2725 1778 2725 1558 2726 1557 2726 1768 2726 1768 2727 1557 2727 1556 2727 1768 2728 1556 2728 1767 2728 1767 2729 1556 2729 1572 2729 1767 2730 1572 2730 1756 2730 1756 2731 1572 2731 1564 2731 1756 2732 1564 2732 1757 2732 1757 2733 1564 2733 1563 2733 1757 2734 1563 2734 1570 2734 1722 2735 1788 2735 1737 2735 1737 2736 1788 2736 1789 2736 1737 2737 1789 2737 1735 2737 1735 2738 1789 2738 1790 2738 1735 2739 1790 2739 1577 2739 1731 2740 1791 2740 1732 2740 1732 2741 1791 2741 1792 2741 1732 2742 1792 2742 1793 2742 1721 2743 1759 2743 1720 2743 1720 2744 1759 2744 1787 2744 1720 2745 1787 2745 1719 2745 1719 2746 1787 2746 1785 2746 1719 2747 1785 2747 1728 2747 1728 2748 1785 2748 1783 2748 1728 2749 1783 2749 1726 2749 1726 2750 1783 2750 1781 2750 1726 2751 1781 2751 1724 2751 1724 2752 1781 2752 1779 2752 1724 2753 1779 2753 1722 2753 1722 2754 1779 2754 1778 2754 1722 2755 1778 2755 1788 2755 1788 2756 1778 2756 1568 2756 1788 2757 1568 2757 1789 2757 1789 2758 1568 2758 1567 2758 1789 2759 1567 2759 1790 2759 1790 2760 1567 2760 1541 2760 1790 2761 1541 2761 1577 2761 1577 2762 1541 2762 1542 2762 1577 2763 1542 2763 1539 2763 1794 2764 1795 2764 1796 2764 1602 2765 1224 2765 1226 2765 1602 2766 1226 2766 1797 2766 1795 2767 1798 2767 1796 2767 1796 2768 1798 2768 1799 2768 1796 2769 1799 2769 1800 2769 1801 2770 1535 2770 1217 2770 1801 2771 1217 2771 1605 2771 1605 2772 1217 2772 1606 2772 1606 2773 1217 2773 1216 2773 1802 2774 1803 2774 1804 2774 1535 2775 1801 2775 1338 2775 1338 2776 1801 2776 1553 2776 1338 2777 1553 2777 1545 2777 1545 2778 1546 2778 1338 2778 1338 2779 1546 2779 1552 2779 1338 2780 1552 2780 1551 2780 1551 2781 1550 2781 1338 2781 1338 2782 1550 2782 1549 2782 1549 2783 1337 2783 1338 2783 1338 2784 1337 2784 1336 2784 1543 2785 1555 2785 1803 2785 1803 2786 1555 2786 1554 2786 1797 2787 1805 2787 1602 2787 1602 2788 1805 2788 1806 2788 1602 2789 1806 2789 1603 2789 1603 2790 1806 2790 1807 2790 1603 2791 1807 2791 1604 2791 1604 2792 1807 2792 1804 2792 1604 2793 1804 2793 1605 2793 1605 2794 1804 2794 1803 2794 1605 2795 1803 2795 1801 2795 1801 2796 1803 2796 1554 2796 1801 2797 1554 2797 1553 2797 1802 2798 1548 2798 1803 2798 1803 2799 1548 2799 1544 2799 1803 2800 1544 2800 1543 2800 1796 2801 1808 2801 1794 2801 1794 2802 1808 2802 1809 2802 1794 2803 1809 2803 1810 2803 1810 2804 1809 2804 1811 2804 1810 2805 1811 2805 1812 2805 1812 2806 1811 2806 1813 2806 1812 2807 1813 2807 1814 2807 1814 2808 1813 2808 1815 2808 1814 2809 1815 2809 1816 2809 1817 2810 1818 2810 1819 2810 1819 2811 1818 2811 1820 2811 1819 2812 1820 2812 1821 2812 1587 2813 1268 2813 1269 2813 1274 2814 1273 2814 1643 2814 1643 2815 1273 2815 1271 2815 1643 2816 1271 2816 1270 2816 1269 2817 1274 2817 1587 2817 1587 2818 1274 2818 1643 2818 1587 2819 1643 2819 1585 2819 1585 2820 1643 2820 1645 2820 1585 2821 1645 2821 1642 2821 1259 2822 1258 2822 1584 2822 1584 2823 1258 2823 1266 2823 1584 2824 1266 2824 1265 2824 1256 2825 1257 2825 1822 2825 1822 2826 1257 2826 1262 2826 1823 2827 1824 2827 1825 2827 1825 2828 1824 2828 1826 2828 1825 2829 1826 2829 1827 2829 1827 2830 1826 2830 1822 2830 1827 2831 1822 2831 1584 2831 1584 2832 1822 2832 1262 2832 1584 2833 1262 2833 1261 2833 1818 2834 1828 2834 1820 2834 1820 2835 1828 2835 1829 2835 1820 2836 1829 2836 1830 2836 1830 2837 1829 2837 1831 2837 1830 2838 1831 2838 1832 2838 1251 2839 1249 2839 1833 2839 1833 2840 1249 2840 1248 2840 1833 2841 1248 2841 1254 2841 1247 2842 1832 2842 1243 2842 1821 2843 1820 2843 1834 2843 1834 2844 1820 2844 1830 2844 1834 2845 1830 2845 1835 2845 1835 2846 1830 2846 1832 2846 1835 2847 1832 2847 1833 2847 1833 2848 1832 2848 1247 2848 1833 2849 1247 2849 1251 2849 1241 2850 1516 2850 1831 2850 1241 2851 1831 2851 1836 2851 1836 2852 1831 2852 1829 2852 1836 2853 1829 2853 1837 2853 1837 2854 1829 2854 1828 2854 1837 2855 1828 2855 1816 2855 1816 2856 1828 2856 1818 2856 1816 2857 1818 2857 1814 2857 1814 2858 1818 2858 1817 2858 1814 2859 1817 2859 1812 2859 1838 2860 1239 2860 1238 2860 1836 2861 1238 2861 1242 2861 1836 2862 1242 2862 1241 2862 1239 2863 1838 2863 1237 2863 1237 2864 1838 2864 1839 2864 1237 2865 1839 2865 1599 2865 1840 2866 1234 2866 1235 2866 1840 2867 1235 2867 1839 2867 1839 2868 1235 2868 1599 2868 1599 2869 1235 2869 1537 2869 1599 2870 1537 2870 1236 2870 1234 2871 1840 2871 1600 2871 1600 2872 1840 2872 1841 2872 1600 2873 1841 2873 1228 2873 1226 2874 1227 2874 1601 2874 1226 2875 1601 2875 1797 2875 1797 2876 1601 2876 1229 2876 1797 2877 1229 2877 1841 2877 1841 2878 1229 2878 1228 2878 1838 2879 1842 2879 1839 2879 1839 2880 1842 2880 1843 2880 1839 2881 1843 2881 1840 2881 1840 2882 1843 2882 1844 2882 1840 2883 1844 2883 1841 2883 1841 2884 1844 2884 1845 2884 1841 2885 1845 2885 1797 2885 1797 2886 1845 2886 1846 2886 1797 2887 1846 2887 1805 2887 1800 2888 1847 2888 1796 2888 1796 2889 1847 2889 1848 2889 1796 2890 1848 2890 1808 2890 1808 2891 1848 2891 1849 2891 1808 2892 1849 2892 1809 2892 1809 2893 1849 2893 1850 2893 1809 2894 1850 2894 1811 2894 1811 2895 1850 2895 1851 2895 1811 2896 1851 2896 1813 2896 1813 2897 1851 2897 1852 2897 1813 2898 1852 2898 1815 2898 1853 2899 1854 2899 1855 2899 1855 2900 1854 2900 1856 2900 1855 2901 1856 2901 1857 2901 1857 2902 1856 2902 1858 2902 1857 2903 1858 2903 1859 2903 1859 2904 1858 2904 1124 2904 1854 2905 1860 2905 1856 2905 1856 2906 1860 2906 1624 2906 1856 2907 1624 2907 1858 2907 1858 2908 1624 2908 1125 2908 1858 2909 1125 2909 1124 2909 1131 2910 1130 2910 1861 2910 1861 2911 1130 2911 1862 2911 1861 2912 1862 2912 1863 2912 1864 2913 1865 2913 1866 2913 1867 2914 1868 2914 1869 2914 1869 2915 1868 2915 1870 2915 1869 2916 1870 2916 1871 2916 1871 2917 1870 2917 1872 2917 1871 2918 1872 2918 1873 2918 1873 2919 1872 2919 1874 2919 1873 2920 1874 2920 1875 2920 1875 2921 1874 2921 1876 2921 1868 2922 1853 2922 1870 2922 1870 2923 1853 2923 1855 2923 1870 2924 1855 2924 1872 2924 1872 2925 1855 2925 1857 2925 1872 2926 1857 2926 1874 2926 1874 2927 1857 2927 1859 2927 1874 2928 1859 2928 1876 2928 1876 2929 1859 2929 1124 2929 1876 2930 1124 2930 1123 2930 1877 2931 1878 2931 1879 2931 1879 2932 1878 2932 1880 2932 1879 2933 1880 2933 1881 2933 1881 2934 1880 2934 1882 2934 1881 2935 1882 2935 1883 2935 1883 2936 1882 2936 1884 2936 1883 2937 1884 2937 1885 2937 1885 2938 1884 2938 1886 2938 1885 2939 1886 2939 1887 2939 1887 2940 1886 2940 1623 2940 1887 2941 1623 2941 1888 2941 1888 2942 1623 2942 1121 2942 1888 2943 1121 2943 1120 2943 1123 2944 1122 2944 1876 2944 1876 2945 1122 2945 1623 2945 1876 2946 1623 2946 1875 2946 1875 2947 1623 2947 1886 2947 1875 2948 1886 2948 1873 2948 1873 2949 1886 2949 1884 2949 1873 2950 1884 2950 1871 2950 1871 2951 1884 2951 1882 2951 1871 2952 1882 2952 1869 2952 1869 2953 1882 2953 1880 2953 1869 2954 1880 2954 1867 2954 1867 2955 1880 2955 1878 2955 1127 2956 1126 2956 1594 2956 1594 2957 1126 2957 1624 2957 1594 2958 1624 2958 1889 2958 1889 2959 1624 2959 1860 2959 1889 2960 1860 2960 1890 2960 1890 2961 1860 2961 1854 2961 1890 2962 1854 2962 1891 2962 1891 2963 1854 2963 1853 2963 1891 2964 1853 2964 1892 2964 1892 2965 1853 2965 1868 2965 1892 2966 1868 2966 1893 2966 1893 2967 1868 2967 1867 2967 1893 2968 1867 2968 1894 2968 1894 2969 1867 2969 1878 2969 1894 2970 1878 2970 1895 2970 1895 2971 1878 2971 1877 2971 1895 2972 1877 2972 1582 2972 1582 2973 1581 2973 1895 2973 1895 2974 1581 2974 1896 2974 1895 2975 1896 2975 1894 2975 1894 2976 1896 2976 1897 2976 1894 2977 1897 2977 1893 2977 1893 2978 1897 2978 1898 2978 1893 2979 1898 2979 1892 2979 1892 2980 1898 2980 1899 2980 1892 2981 1899 2981 1891 2981 1891 2982 1899 2982 1900 2982 1891 2983 1900 2983 1890 2983 1890 2984 1900 2984 1901 2984 1890 2985 1901 2985 1889 2985 1889 2986 1901 2986 1902 2986 1889 2987 1902 2987 1594 2987 1594 2988 1902 2988 1903 2988 1594 2989 1903 2989 1595 2989 1595 2990 1903 2990 1904 2990 1595 2991 1904 2991 1625 2991 1905 2992 1906 2992 1907 2992 1907 2993 1906 2993 1908 2993 1907 2994 1908 2994 1909 2994 1264 2995 1268 2995 1265 2995 1265 2996 1268 2996 1587 2996 1265 2997 1587 2997 1584 2997 1584 2998 1587 2998 1586 2998 1584 2999 1586 2999 1827 2999 1827 3000 1586 3000 1632 3000 1827 3001 1632 3001 1825 3001 1825 3002 1632 3002 1637 3002 1825 3003 1637 3003 1823 3003 1823 3004 1637 3004 1629 3004 1823 3005 1629 3005 1910 3005 1911 3006 1912 3006 1913 3006 1913 3007 1912 3007 1914 3007 1913 3008 1914 3008 1915 3008 1915 3009 1914 3009 1916 3009 1915 3010 1916 3010 1917 3010 1918 3011 1919 3011 1920 3011 1920 3012 1919 3012 1583 3012 1920 3013 1583 3013 1921 3013 1921 3014 1583 3014 1582 3014 1921 3015 1582 3015 1922 3015 1922 3016 1582 3016 1877 3016 1922 3017 1877 3017 1923 3017 1923 3018 1877 3018 1879 3018 1923 3019 1879 3019 1924 3019 1924 3020 1879 3020 1881 3020 1924 3021 1881 3021 1925 3021 1925 3022 1881 3022 1883 3022 1925 3023 1883 3023 1926 3023 1926 3024 1883 3024 1885 3024 1926 3025 1885 3025 1927 3025 1927 3026 1885 3026 1887 3026 1927 3027 1887 3027 1928 3027 1928 3028 1887 3028 1888 3028 1928 3029 1888 3029 1929 3029 1929 3030 1888 3030 1120 3030 1929 3031 1120 3031 1119 3031 1930 3032 1931 3032 1932 3032 1932 3033 1931 3033 1933 3033 1932 3034 1933 3034 1934 3034 1934 3035 1933 3035 1935 3035 1934 3036 1935 3036 1936 3036 1936 3037 1935 3037 1937 3037 1936 3038 1937 3038 1938 3038 1938 3039 1937 3039 1939 3039 1938 3040 1939 3040 1940 3040 1940 3041 1939 3041 1941 3041 1940 3042 1941 3042 1942 3042 1942 3043 1941 3043 1943 3043 1942 3044 1943 3044 1944 3044 1944 3045 1943 3045 1945 3045 1944 3046 1945 3046 1946 3046 1946 3047 1945 3047 1947 3047 1946 3048 1947 3048 1948 3048 1948 3049 1947 3049 1949 3049 1950 3050 1951 3050 1952 3050 1952 3051 1951 3051 1953 3051 1952 3052 1953 3052 1954 3052 1954 3053 1953 3053 1955 3053 1954 3054 1955 3054 1956 3054 1956 3055 1955 3055 1957 3055 1956 3056 1957 3056 1958 3056 1958 3057 1957 3057 1959 3057 1958 3058 1959 3058 1960 3058 1960 3059 1959 3059 1961 3059 1960 3060 1961 3060 1962 3060 1962 3061 1961 3061 1963 3061 1962 3062 1963 3062 1964 3062 1964 3063 1963 3063 1965 3063 1964 3064 1965 3064 1863 3064 1863 3065 1965 3065 1966 3065 1863 3066 1966 3066 1861 3066 1861 3067 1966 3067 1967 3067 1861 3068 1967 3068 1131 3068 1131 3069 1967 3069 1132 3069 1968 3070 1969 3070 1970 3070 1970 3071 1969 3071 1971 3071 1970 3072 1971 3072 1972 3072 1972 3073 1971 3073 1973 3073 1972 3074 1973 3074 1974 3074 1974 3075 1973 3075 1975 3075 1974 3076 1975 3076 1976 3076 1976 3077 1975 3077 1977 3077 1976 3078 1977 3078 1978 3078 1978 3079 1977 3079 1979 3079 1978 3080 1979 3080 1980 3080 1980 3081 1979 3081 1981 3081 1980 3082 1981 3082 1982 3082 1982 3083 1981 3083 1983 3083 1982 3084 1983 3084 1866 3084 1866 3085 1983 3085 1984 3085 1866 3086 1984 3086 1864 3086 1864 3087 1984 3087 1626 3087 1985 3088 1950 3088 1986 3088 1986 3089 1950 3089 1952 3089 1986 3090 1952 3090 1987 3090 1987 3091 1952 3091 1954 3091 1987 3092 1954 3092 1988 3092 1988 3093 1954 3093 1956 3093 1988 3094 1956 3094 1989 3094 1989 3095 1956 3095 1958 3095 1989 3096 1958 3096 1990 3096 1990 3097 1958 3097 1960 3097 1990 3098 1960 3098 1991 3098 1991 3099 1960 3099 1962 3099 1991 3100 1962 3100 1992 3100 1992 3101 1962 3101 1964 3101 1992 3102 1964 3102 1993 3102 1993 3103 1964 3103 1863 3103 1993 3104 1863 3104 1994 3104 1994 3105 1863 3105 1862 3105 1931 3106 1968 3106 1933 3106 1933 3107 1968 3107 1970 3107 1933 3108 1970 3108 1935 3108 1935 3109 1970 3109 1972 3109 1935 3110 1972 3110 1937 3110 1937 3111 1972 3111 1974 3111 1937 3112 1974 3112 1939 3112 1939 3113 1974 3113 1976 3113 1939 3114 1976 3114 1941 3114 1941 3115 1976 3115 1978 3115 1941 3116 1978 3116 1943 3116 1943 3117 1978 3117 1980 3117 1943 3118 1980 3118 1945 3118 1945 3119 1980 3119 1982 3119 1945 3120 1982 3120 1947 3120 1947 3121 1982 3121 1866 3121 1947 3122 1866 3122 1949 3122 1949 3123 1866 3123 1865 3123 1951 3124 1930 3124 1953 3124 1953 3125 1930 3125 1932 3125 1953 3126 1932 3126 1955 3126 1955 3127 1932 3127 1934 3127 1955 3128 1934 3128 1957 3128 1957 3129 1934 3129 1936 3129 1957 3130 1936 3130 1959 3130 1959 3131 1936 3131 1938 3131 1959 3132 1938 3132 1961 3132 1961 3133 1938 3133 1940 3133 1961 3134 1940 3134 1963 3134 1963 3135 1940 3135 1942 3135 1963 3136 1942 3136 1965 3136 1965 3137 1942 3137 1944 3137 1965 3138 1944 3138 1966 3138 1966 3139 1944 3139 1946 3139 1966 3140 1946 3140 1967 3140 1967 3141 1946 3141 1948 3141 1967 3142 1948 3142 1132 3142 1132 3143 1948 3143 1949 3143 1132 3144 1949 3144 1133 3144 1133 3145 1949 3145 1865 3145 1133 3146 1865 3146 1134 3146 1134 3147 1865 3147 1864 3147 1134 3148 1864 3148 1135 3148 1135 3149 1864 3149 1626 3149 1135 3150 1626 3150 1114 3150 1114 3151 1626 3151 1115 3151 1579 3152 1995 3152 1580 3152 1580 3153 1995 3153 1996 3153 1580 3154 1996 3154 1997 3154 1997 3155 1996 3155 1998 3155 1997 3156 1998 3156 1999 3156 1999 3157 1998 3157 2000 3157 1999 3158 2000 3158 2001 3158 2001 3159 2000 3159 2002 3159 2001 3160 2002 3160 2003 3160 2003 3161 2002 3161 2004 3161 2003 3162 2004 3162 2005 3162 2005 3163 2004 3163 2006 3163 2005 3164 2006 3164 2007 3164 2007 3165 2006 3165 2008 3165 2007 3166 2008 3166 2009 3166 2009 3167 2008 3167 2010 3167 2009 3168 2010 3168 1628 3168 1995 3169 2011 3169 1996 3169 1996 3170 2011 3170 2012 3170 1996 3171 2012 3171 1998 3171 1998 3172 2012 3172 2013 3172 1998 3173 2013 3173 2000 3173 2000 3174 2013 3174 2014 3174 2000 3175 2014 3175 2002 3175 2002 3176 2014 3176 2015 3176 2002 3177 2015 3177 2004 3177 2004 3178 2015 3178 2016 3178 2004 3179 2016 3179 2006 3179 2006 3180 2016 3180 2017 3180 2006 3181 2017 3181 2008 3181 2008 3182 2017 3182 2018 3182 2008 3183 2018 3183 2010 3183 2010 3184 2018 3184 1910 3184 2010 3185 1910 3185 1628 3185 1628 3186 1910 3186 1629 3186 1628 3187 1629 3187 1110 3187 1110 3188 1629 3188 1111 3188 1969 3189 1578 3189 1971 3189 1971 3190 1578 3190 1580 3190 1971 3191 1580 3191 1973 3191 1973 3192 1580 3192 1997 3192 1973 3193 1997 3193 1975 3193 1975 3194 1997 3194 1999 3194 1975 3195 1999 3195 1977 3195 1977 3196 1999 3196 2001 3196 1977 3197 2001 3197 1979 3197 1979 3198 2001 3198 2003 3198 1979 3199 2003 3199 1981 3199 1981 3200 2003 3200 2005 3200 1981 3201 2005 3201 1983 3201 1983 3202 2005 3202 2007 3202 1983 3203 2007 3203 1984 3203 1984 3204 2007 3204 2009 3204 1984 3205 2009 3205 1626 3205 1626 3206 2009 3206 1628 3206 1626 3207 1628 3207 1627 3207 1627 3208 1628 3208 1116 3208 1627 3209 1116 3209 1115 3209 2019 3210 2020 3210 2021 3210 2021 3211 2020 3211 2022 3211 2021 3212 2022 3212 2023 3212 2023 3213 2022 3213 2024 3213 2023 3214 2024 3214 2025 3214 2025 3215 2024 3215 2026 3215 2025 3216 2026 3216 2027 3216 2028 3217 2029 3217 2030 3217 2031 3218 2029 3218 2032 3218 2032 3219 2029 3219 2028 3219 2032 3220 2028 3220 2033 3220 2034 3221 2035 3221 2036 3221 2036 3222 2035 3222 2037 3222 2036 3223 2037 3223 2038 3223 2038 3224 2037 3224 2039 3224 2038 3225 2039 3225 2040 3225 2040 3226 2039 3226 2041 3226 2040 3227 2041 3227 2042 3227 2043 3228 2044 3228 2045 3228 2046 3229 1911 3229 2047 3229 2047 3230 1911 3230 1913 3230 2047 3231 1913 3231 2048 3231 2048 3232 1913 3232 1915 3232 2048 3233 1915 3233 2049 3233 2049 3234 1915 3234 1917 3234 2049 3235 1917 3235 2050 3235 1322 3236 1611 3236 1610 3236 1610 3237 1611 3237 2051 3237 1610 3238 2051 3238 2052 3238 2052 3239 2051 3239 2053 3239 2052 3240 2053 3240 2054 3240 1647 3241 2055 3241 1648 3241 1648 3242 2055 3242 2056 3242 1648 3243 2056 3243 1650 3243 1650 3244 2056 3244 2057 3244 1650 3245 2057 3245 2058 3245 2058 3246 2057 3246 2059 3246 2058 3247 2059 3247 2060 3247 2060 3248 2059 3248 2061 3248 2060 3249 2061 3249 2062 3249 2062 3250 2061 3250 2063 3250 2062 3251 2063 3251 2064 3251 2064 3252 2063 3252 2065 3252 2064 3253 2065 3253 2066 3253 2066 3254 2065 3254 2067 3254 2066 3255 2067 3255 2068 3255 2068 3256 2067 3256 2069 3256 2068 3257 2069 3257 2070 3257 2070 3258 2069 3258 2071 3258 2070 3259 2071 3259 2072 3259 2072 3260 2071 3260 2073 3260 2072 3261 2073 3261 2074 3261 2074 3262 2073 3262 2075 3262 2074 3263 2075 3263 2076 3263 2076 3264 2075 3264 2077 3264 2076 3265 2077 3265 2078 3265 2078 3266 2077 3266 2079 3266 2078 3267 2079 3267 2080 3267 2053 3268 1918 3268 2054 3268 2054 3269 1918 3269 1920 3269 2054 3270 1920 3270 2081 3270 2081 3271 1920 3271 1921 3271 2081 3272 1921 3272 2082 3272 2082 3273 1921 3273 1922 3273 2082 3274 1922 3274 2083 3274 2083 3275 1922 3275 1923 3275 2083 3276 1923 3276 2084 3276 2084 3277 1923 3277 1924 3277 2084 3278 1924 3278 2085 3278 2085 3279 1924 3279 1925 3279 2085 3280 1925 3280 2086 3280 2086 3281 1925 3281 1926 3281 2086 3282 1926 3282 2087 3282 2087 3283 1926 3283 1927 3283 2087 3284 1927 3284 2088 3284 2088 3285 1927 3285 1928 3285 2088 3286 1928 3286 2089 3286 2089 3287 1928 3287 1929 3287 2089 3288 1929 3288 2090 3288 2090 3289 1929 3289 1119 3289 2090 3290 1119 3290 1118 3290 1321 3291 1319 3291 1596 3291 1596 3292 1319 3292 1613 3292 1596 3293 1613 3293 2091 3293 2091 3294 1613 3294 1612 3294 1661 3295 2092 3295 1660 3295 1660 3296 2092 3296 2093 3296 1660 3297 2093 3297 1659 3297 1659 3298 2093 3298 2094 3298 1659 3299 2094 3299 2095 3299 2095 3300 2094 3300 2096 3300 2095 3301 2096 3301 2097 3301 2098 3302 2099 3302 2100 3302 2100 3303 2099 3303 2101 3303 2100 3304 2101 3304 2102 3304 2103 3305 2104 3305 2105 3305 2105 3306 2104 3306 2106 3306 2105 3307 2106 3307 2107 3307 2107 3308 2106 3308 2108 3308 2107 3309 2108 3309 2109 3309 2109 3310 2108 3310 2110 3310 2109 3311 2110 3311 2111 3311 2112 3312 2113 3312 2114 3312 2114 3313 2113 3313 2031 3313 2114 3314 2031 3314 2115 3314 2115 3315 2031 3315 2032 3315 2115 3316 2032 3316 2116 3316 2116 3317 2032 3317 2033 3317 2116 3318 2033 3318 2117 3318 2118 3319 2034 3319 2119 3319 2119 3320 2034 3320 2036 3320 2119 3321 2036 3321 2120 3321 2120 3322 2036 3322 2038 3322 2120 3323 2038 3323 2121 3323 2121 3324 2038 3324 2040 3324 2121 3325 2040 3325 2122 3325 2122 3326 2040 3326 2042 3326 2122 3327 2042 3327 2123 3327 1994 3328 2080 3328 1993 3328 1993 3329 2080 3329 2079 3329 1993 3330 2079 3330 1992 3330 1992 3331 2079 3331 2077 3331 1992 3332 2077 3332 1991 3332 1991 3333 2077 3333 2075 3333 1991 3334 2075 3334 1990 3334 1990 3335 2075 3335 2073 3335 1990 3336 2073 3336 1989 3336 1989 3337 2073 3337 2071 3337 1989 3338 2071 3338 1988 3338 1988 3339 2071 3339 2069 3339 1988 3340 2069 3340 1987 3340 1987 3341 2069 3341 2067 3341 1987 3342 2067 3342 1986 3342 1986 3343 2067 3343 2065 3343 1986 3344 2065 3344 1985 3344 1985 3345 2065 3345 2063 3345 1985 3346 2063 3346 2124 3346 2124 3347 2063 3347 2061 3347 2124 3348 2061 3348 2125 3348 2125 3349 2061 3349 2059 3349 2125 3350 2059 3350 2126 3350 2126 3351 2059 3351 2057 3351 2126 3352 2057 3352 2127 3352 2127 3353 2057 3353 2056 3353 2127 3354 2056 3354 2128 3354 2128 3355 2056 3355 2055 3355 2128 3356 2055 3356 1747 3356 1747 3357 2055 3357 1647 3357 1747 3358 1647 3358 1746 3358 1746 3359 1647 3359 1608 3359 1746 3360 1608 3360 1744 3360 1744 3361 1608 3361 1326 3361 1744 3362 1326 3362 1742 3362 1742 3363 1326 3363 1355 3363 1742 3364 1355 3364 1740 3364 1740 3365 1355 3365 1607 3365 1607 3366 1559 3366 1558 3366 1486 3367 1609 3367 1611 3367 1611 3368 1609 3368 1649 3368 1611 3369 1649 3369 2051 3369 2051 3370 1649 3370 1650 3370 2051 3371 1650 3371 2053 3371 2053 3372 1650 3372 2058 3372 2053 3373 2058 3373 1918 3373 1918 3374 2058 3374 2060 3374 1918 3375 2060 3375 1919 3375 1919 3376 2060 3376 2062 3376 1919 3377 2062 3377 1583 3377 1583 3378 2062 3378 2064 3378 1583 3379 2064 3379 1581 3379 1581 3380 2064 3380 2066 3380 1581 3381 2066 3381 1896 3381 1896 3382 2066 3382 2068 3382 1896 3383 2068 3383 1897 3383 1897 3384 2068 3384 2070 3384 1897 3385 2070 3385 1898 3385 1898 3386 2070 3386 2072 3386 1898 3387 2072 3387 1899 3387 1899 3388 2072 3388 2074 3388 1899 3389 2074 3389 1900 3389 1900 3390 2074 3390 2076 3390 1900 3391 2076 3391 1901 3391 1901 3392 2076 3392 2078 3392 1901 3393 2078 3393 1902 3393 1902 3394 2078 3394 2080 3394 1902 3395 2080 3395 1903 3395 1903 3396 2080 3396 1994 3396 1903 3397 1994 3397 1904 3397 1904 3398 1994 3398 1862 3398 1904 3399 1862 3399 1625 3399 1625 3400 1862 3400 1130 3400 1625 3401 1130 3401 1129 3401 1117 3402 1302 3402 1118 3402 1118 3403 1302 3403 1620 3403 1118 3404 1620 3404 2090 3404 2090 3405 1620 3405 1621 3405 2090 3406 1621 3406 2089 3406 2089 3407 1621 3407 1622 3407 2089 3408 1622 3408 2088 3408 2088 3409 1622 3409 1618 3409 2088 3410 1618 3410 2087 3410 2087 3411 1618 3411 1619 3411 2087 3412 1619 3412 2086 3412 2086 3413 1619 3413 1616 3413 2086 3414 1616 3414 2085 3414 2085 3415 1616 3415 1617 3415 2085 3416 1617 3416 2084 3416 2084 3417 1617 3417 1614 3417 2084 3418 1614 3418 2083 3418 2083 3419 1614 3419 1615 3419 2083 3420 1615 3420 2082 3420 2082 3421 1615 3421 1597 3421 2082 3422 1597 3422 2081 3422 2081 3423 1597 3423 1596 3423 2081 3424 1596 3424 2054 3424 2054 3425 1596 3425 2091 3425 2054 3426 2091 3426 2052 3426 2052 3427 2091 3427 1612 3427 2052 3428 1612 3428 1610 3428 1610 3429 1612 3429 1323 3429 2129 3430 2130 3430 2131 3430 2131 3431 2130 3431 2132 3431 2131 3432 2132 3432 2133 3432 2133 3433 2132 3433 2134 3433 2133 3434 2134 3434 2135 3434 2135 3435 2134 3435 2136 3435 2135 3436 2136 3436 2103 3436 2103 3437 2136 3437 2137 3437 2103 3438 2137 3438 2104 3438 2104 3439 2137 3439 2138 3439 2104 3440 2138 3440 2106 3440 2106 3441 2138 3441 2139 3441 2106 3442 2139 3442 2108 3442 2108 3443 2139 3443 2140 3443 2108 3444 2140 3444 2110 3444 2110 3445 2140 3445 2102 3445 2110 3446 2102 3446 2111 3446 2111 3447 2102 3447 2101 3447 1665 3448 1682 3448 1664 3448 1664 3449 1682 3449 2141 3449 1664 3450 2141 3450 1663 3450 1663 3451 2141 3451 2142 3451 1663 3452 2142 3452 1662 3452 1662 3453 2142 3453 2143 3453 1662 3454 2143 3454 1661 3454 1661 3455 2143 3455 2144 3455 1661 3456 2144 3456 2092 3456 2092 3457 2144 3457 2145 3457 2092 3458 2145 3458 2093 3458 2093 3459 2145 3459 2146 3459 2093 3460 2146 3460 2094 3460 2094 3461 2146 3461 2147 3461 2094 3462 2147 3462 2096 3462 2148 3463 2098 3463 2097 3463 2097 3464 2098 3464 2100 3464 2097 3465 2100 3465 2095 3465 2095 3466 2100 3466 2102 3466 2095 3467 2102 3467 1659 3467 1659 3468 2102 3468 2140 3468 1659 3469 2140 3469 1658 3469 1658 3470 2140 3470 2139 3470 1658 3471 2139 3471 1656 3471 1656 3472 2139 3472 2138 3472 1656 3473 2138 3473 1654 3473 1654 3474 2138 3474 2137 3474 1654 3475 2137 3475 1651 3475 1651 3476 2137 3476 2136 3476 1651 3477 2136 3477 1652 3477 1652 3478 2136 3478 2134 3478 1652 3479 2134 3479 1665 3479 1665 3480 2134 3480 2132 3480 1665 3481 2132 3481 1681 3481 1681 3482 2132 3482 2130 3482 1765 3483 2149 3483 1766 3483 1766 3484 2149 3484 2150 3484 1766 3485 2150 3485 2151 3485 2151 3486 2150 3486 2152 3486 2151 3487 2152 3487 2153 3487 2153 3488 2152 3488 2154 3488 2153 3489 2154 3489 2155 3489 2155 3490 2154 3490 2156 3490 2155 3491 2156 3491 2148 3491 2149 3492 2117 3492 2150 3492 2150 3493 2117 3493 2033 3493 2150 3494 2033 3494 2152 3494 2152 3495 2033 3495 2028 3495 2152 3496 2028 3496 2154 3496 2154 3497 2028 3497 2030 3497 2154 3498 2030 3498 2156 3498 2148 3499 2097 3499 2155 3499 2155 3500 2097 3500 2096 3500 2155 3501 2096 3501 2153 3501 2153 3502 2096 3502 2147 3502 2153 3503 2147 3503 2151 3503 2151 3504 2147 3504 2146 3504 2151 3505 2146 3505 1766 3505 1766 3506 2146 3506 2145 3506 1766 3507 2145 3507 1588 3507 1588 3508 2145 3508 2144 3508 1588 3509 2144 3509 1589 3509 1589 3510 2144 3510 2143 3510 1589 3511 2143 3511 1701 3511 1701 3512 2143 3512 2142 3512 1701 3513 2142 3513 1700 3513 1700 3514 2142 3514 2141 3514 1700 3515 2141 3515 1698 3515 1698 3516 2141 3516 1682 3516 1698 3517 1682 3517 1696 3517 1696 3518 1682 3518 1681 3518 1696 3519 1681 3519 1694 3519 1694 3520 1681 3520 2130 3520 1694 3521 2130 3521 1692 3521 1692 3522 2130 3522 2129 3522 1692 3523 2129 3523 1708 3523 1670 3524 2118 3524 1672 3524 1672 3525 2118 3525 2119 3525 1672 3526 2119 3526 1674 3526 1674 3527 2119 3527 2120 3527 1674 3528 2120 3528 1676 3528 1676 3529 2120 3529 2121 3529 1676 3530 2121 3530 1678 3530 1678 3531 2121 3531 2122 3531 1678 3532 2122 3532 1680 3532 1680 3533 2122 3533 2123 3533 1680 3534 2123 3534 1668 3534 2099 3535 2027 3535 2101 3535 2101 3536 2027 3536 2026 3536 2101 3537 2026 3537 2111 3537 2111 3538 2026 3538 2024 3538 2111 3539 2024 3539 2109 3539 2109 3540 2024 3540 2022 3540 2109 3541 2022 3541 2107 3541 2107 3542 2022 3542 2020 3542 2107 3543 2020 3543 2105 3543 2105 3544 2020 3544 2019 3544 2105 3545 2019 3545 2103 3545 2103 3546 2019 3546 2157 3546 2103 3547 2157 3547 2135 3547 2135 3548 2157 3548 2158 3548 2135 3549 2158 3549 2133 3549 2133 3550 2158 3550 2159 3550 2133 3551 2159 3551 2131 3551 2131 3552 2159 3552 2160 3552 2131 3553 2160 3553 2129 3553 2129 3554 2160 3554 2161 3554 2129 3555 2161 3555 1708 3555 1708 3556 2161 3556 2162 3556 1708 3557 2162 3557 1709 3557 2044 3558 2043 3558 2163 3558 2163 3559 2043 3559 2164 3559 2163 3560 2164 3560 2165 3560 2165 3561 2164 3561 2166 3561 2165 3562 2166 3562 2167 3562 2167 3563 2166 3563 2168 3563 2167 3564 2168 3564 2169 3564 2169 3565 2168 3565 2170 3565 2169 3566 2170 3566 1733 3566 1793 3567 1792 3567 2171 3567 2171 3568 1792 3568 2172 3568 2171 3569 2172 3569 2173 3569 2173 3570 2172 3570 2174 3570 2173 3571 2174 3571 2046 3571 2046 3572 2174 3572 2175 3572 2046 3573 2175 3573 1911 3573 1911 3574 2175 3574 1905 3574 1911 3575 1905 3575 1912 3575 1912 3576 1905 3576 1907 3576 1912 3577 1907 3577 1914 3577 1914 3578 1907 3578 1909 3578 1914 3579 1909 3579 1916 3579 1733 3580 1732 3580 2169 3580 2169 3581 1732 3581 1793 3581 2169 3582 1793 3582 2167 3582 2167 3583 1793 3583 2171 3583 2167 3584 2171 3584 2165 3584 2165 3585 2171 3585 2173 3585 2165 3586 2173 3586 2163 3586 2163 3587 2173 3587 2046 3587 2163 3588 2046 3588 2044 3588 2044 3589 2046 3589 2047 3589 2044 3590 2047 3590 2045 3590 2045 3591 2047 3591 2048 3591 2045 3592 2048 3592 2176 3592 2176 3593 2048 3593 2049 3593 2176 3594 2049 3594 2112 3594 2112 3595 2049 3595 2050 3595 2112 3596 2050 3596 2113 3596 1685 3597 1707 3597 1684 3597 1684 3598 1707 3598 1730 3598 1684 3599 1730 3599 1683 3599 1683 3600 1730 3600 1729 3600 1683 3601 1729 3601 1690 3601 1690 3602 1729 3602 1727 3602 1690 3603 1727 3603 1689 3603 1689 3604 1727 3604 1725 3604 1689 3605 1725 3605 1688 3605 1688 3606 1725 3606 1723 3606 1688 3607 1723 3607 1687 3607 1687 3608 1723 3608 1739 3608 1687 3609 1739 3609 1686 3609 1686 3610 1739 3610 1738 3610 1686 3611 1738 3611 2177 3611 2177 3612 1738 3612 1736 3612 2177 3613 1736 3613 2178 3613 2178 3614 1736 3614 1734 3614 2178 3615 1734 3615 2179 3615 2179 3616 1734 3616 1577 3616 2179 3617 1577 3617 2180 3617 2180 3618 1577 3618 1540 3618 2180 3619 1540 3619 1802 3619 1802 3620 1540 3620 1547 3620 1802 3621 1547 3621 1548 3621 1821 3622 1906 3622 1819 3622 1819 3623 1906 3623 1905 3623 1819 3624 1905 3624 1817 3624 1817 3625 1905 3625 2175 3625 1817 3626 2175 3626 1812 3626 1812 3627 2175 3627 2174 3627 1812 3628 2174 3628 1810 3628 1810 3629 2174 3629 2172 3629 1810 3630 2172 3630 1794 3630 1794 3631 2172 3631 1792 3631 1794 3632 1792 3632 1795 3632 1795 3633 1792 3633 1791 3633 1795 3634 1791 3634 1798 3634 1238 3635 1836 3635 1838 3635 1838 3636 1836 3636 1837 3636 1838 3637 1837 3637 1842 3637 1842 3638 1837 3638 1816 3638 1842 3639 1816 3639 1843 3639 1843 3640 1816 3640 1815 3640 1843 3641 1815 3641 1844 3641 1844 3642 1815 3642 1852 3642 1844 3643 1852 3643 1845 3643 1845 3644 1852 3644 1851 3644 1845 3645 1851 3645 1846 3645 1846 3646 1851 3646 1850 3646 1846 3647 1850 3647 1805 3647 1805 3648 1850 3648 1849 3648 1805 3649 1849 3649 1806 3649 1806 3650 1849 3650 1848 3650 1806 3651 1848 3651 1807 3651 1807 3652 1848 3652 1847 3652 1807 3653 1847 3653 1804 3653 1804 3654 1847 3654 1800 3654 1804 3655 1800 3655 1802 3655 1802 3656 1800 3656 1799 3656 1802 3657 1799 3657 2180 3657 2180 3658 1799 3658 1798 3658 2180 3659 1798 3659 2179 3659 2179 3660 1798 3660 1791 3660 2179 3661 1791 3661 2178 3661 2178 3662 1791 3662 1731 3662 2178 3663 1731 3663 2177 3663 2177 3664 1731 3664 1733 3664 2177 3665 1733 3665 1686 3665 1686 3666 1733 3666 2170 3666 1686 3667 2170 3667 1669 3667 1669 3668 2170 3668 2168 3668 1669 3669 2168 3669 1670 3669 1670 3670 2168 3670 2166 3670 1670 3671 2166 3671 2118 3671 2118 3672 2166 3672 2164 3672 2118 3673 2164 3673 2034 3673 2034 3674 2164 3674 2043 3674 2034 3675 2043 3675 2035 3675 2035 3676 2043 3676 2045 3676 2035 3677 2045 3677 2037 3677 2037 3678 2045 3678 2176 3678 2037 3679 2176 3679 2039 3679 2039 3680 2176 3680 2112 3680 2039 3681 2112 3681 2041 3681 2041 3682 2112 3682 2114 3682 2041 3683 2114 3683 2042 3683 2042 3684 2114 3684 2115 3684 2042 3685 2115 3685 2123 3685 2123 3686 2115 3686 2116 3686 2123 3687 2116 3687 1668 3687 1668 3688 2116 3688 2117 3688 1668 3689 2117 3689 1666 3689 1666 3690 2117 3690 2149 3690 1666 3691 2149 3691 1685 3691 1685 3692 2149 3692 1765 3692 1685 3693 1765 3693 1706 3693 1706 3694 1765 3694 1764 3694 1706 3695 1764 3695 1721 3695 1721 3696 1764 3696 1763 3696 1721 3697 1763 3697 1758 3697 1758 3698 1763 3698 1762 3698 1758 3699 1762 3699 1775 3699 1775 3700 1762 3700 1761 3700 1775 3701 1761 3701 1757 3701 1757 3702 1761 3702 1760 3702 1757 3703 1760 3703 1753 3703 1753 3704 1760 3704 1715 3704 1753 3705 1715 3705 1754 3705 1754 3706 1715 3706 1713 3706 1754 3707 1713 3707 1774 3707 1774 3708 1713 3708 1711 3708 1774 3709 1711 3709 1593 3709 1593 3710 1711 3710 1709 3710 1593 3711 1709 3711 1591 3711 1591 3712 1709 3712 2162 3712 1591 3713 2162 3713 1747 3713 1747 3714 2162 3714 2161 3714 1747 3715 2161 3715 2128 3715 2128 3716 2161 3716 2160 3716 2128 3717 2160 3717 2127 3717 2127 3718 2160 3718 2159 3718 2127 3719 2159 3719 2126 3719 2126 3720 2159 3720 2158 3720 2126 3721 2158 3721 2125 3721 2125 3722 2158 3722 2157 3722 2125 3723 2157 3723 2124 3723 2124 3724 2157 3724 2019 3724 2124 3725 2019 3725 1985 3725 1985 3726 2019 3726 2021 3726 1985 3727 2021 3727 1950 3727 1950 3728 2021 3728 2023 3728 1950 3729 2023 3729 1951 3729 1951 3730 2023 3730 2025 3730 1951 3731 2025 3731 1930 3731 1930 3732 2025 3732 2027 3732 1930 3733 2027 3733 1931 3733 1931 3734 2027 3734 2099 3734 1931 3735 2099 3735 1968 3735 1968 3736 2099 3736 2098 3736 1968 3737 2098 3737 1969 3737 1969 3738 2098 3738 2148 3738 1969 3739 2148 3739 1578 3739 1578 3740 2148 3740 2156 3740 1578 3741 2156 3741 1579 3741 1579 3742 2156 3742 2030 3742 1579 3743 2030 3743 1995 3743 1995 3744 2030 3744 2029 3744 1995 3745 2029 3745 2011 3745 2011 3746 2029 3746 2031 3746 2011 3747 2031 3747 2012 3747 2012 3748 2031 3748 2113 3748 2012 3749 2113 3749 2013 3749 2013 3750 2113 3750 2050 3750 2013 3751 2050 3751 2014 3751 2014 3752 2050 3752 1917 3752 2014 3753 1917 3753 2015 3753 2015 3754 1917 3754 1916 3754 2015 3755 1916 3755 2016 3755 2016 3756 1916 3756 1909 3756 2016 3757 1909 3757 2017 3757 2017 3758 1909 3758 1908 3758 2017 3759 1908 3759 2018 3759 2018 3760 1908 3760 1906 3760 2018 3761 1906 3761 1910 3761 1910 3762 1906 3762 1821 3762 1910 3763 1821 3763 1823 3763 1823 3764 1821 3764 1834 3764 1823 3765 1834 3765 1824 3765 1824 3766 1834 3766 1835 3766 1824 3767 1835 3767 1826 3767 1826 3768 1835 3768 1833 3768 1826 3769 1833 3769 1822 3769 1822 3770 1833 3770 1254 3770 1822 3771 1254 3771 1256 3771 1256 3772 1254 3772 1253 3772 1256 3773 1253 3773 1252 3773 1831 3774 1516 3774 1245 3774 1831 3775 1245 3775 1832 3775 1832 3776 1245 3776 1243 3776 1243 3777 1245 3777 1244 3777 835 3778 837 3778 1151 3778 1151 3779 837 3779 1289 3779 1289 3780 837 3780 1290 3780 1290 3781 837 3781 839 3781 1290 3782 839 3782 1292 3782 1292 3783 839 3783 1293 3783 1293 3784 839 3784 840 3784 1293 3785 840 3785 1288 3785 1288 3786 840 3786 1286 3786 1286 3787 840 3787 842 3787 1286 3788 842 3788 1280 3788 1280 3789 842 3789 845 3789 1280 3790 845 3790 1281 3790 1281 3791 845 3791 847 3791 1281 3792 847 3792 1283 3792 1283 3793 847 3793 1284 3793 1284 3794 847 3794 849 3794 1284 3795 849 3795 1278 3795 1275 3796 992 3796 1598 3796 1598 3797 992 3797 994 3797 1278 3798 849 3798 1277 3798 1277 3799 849 3799 884 3799 1277 3800 884 3800 1275 3800 1642 3801 1645 3801 1005 3801 1005 3802 1645 3802 1644 3802 1005 3803 1644 3803 994 3803 994 3804 1644 3804 1646 3804 994 3805 1646 3805 1598 3805 1642 3806 1005 3806 1641 3806 1641 3807 1005 3807 1007 3807 1641 3808 1007 3808 1630 3808 1630 3809 1007 3809 1631 3809 1631 3810 1007 3810 1009 3810 1631 3811 1009 3811 1633 3811 1633 3812 1009 3812 1634 3812 1634 3813 1009 3813 1060 3813 1634 3814 1060 3814 1635 3814 1635 3815 1060 3815 1636 3815 1636 3816 1060 3816 1062 3816 1636 3817 1062 3817 1638 3817 1638 3818 1062 3818 1064 3818 1638 3819 1064 3819 1639 3819 1639 3820 1064 3820 1640 3820 1640 3821 1064 3821 1065 3821 1640 3822 1065 3822 1107 3822 1013 3823 2181 3823 2182 3823 142 3824 1089 3824 2183 3824 2183 3825 1089 3825 1013 3825 2183 3826 1013 3826 2184 3826 2184 3827 1013 3827 2182 3827 146 3828 922 3828 145 3828 145 3829 922 3829 144 3829 2181 3830 1013 3830 2185 3830 2185 3831 1013 3831 1053 3831 2185 3832 1053 3832 2186 3832 2186 3833 1053 3833 2187 3833 2187 3834 1053 3834 1055 3834 2187 3835 1055 3835 2188 3835 2188 3836 1055 3836 2189 3836 2189 3837 1055 3837 960 3837 2189 3838 960 3838 2190 3838 2190 3839 960 3839 2191 3839 2191 3840 960 3840 961 3840 2191 3841 961 3841 2192 3841 963 3842 2193 3842 961 3842 961 3843 2193 3843 2194 3843 961 3844 2194 3844 2192 3844 814 3845 824 3845 166 3845 166 3846 259 3846 814 3846 814 3847 259 3847 268 3847 814 3848 268 3848 2195 3848 2195 3849 2196 3849 814 3849 814 3850 2196 3850 2197 3850 814 3851 2197 3851 2198 3851 2198 3852 2199 3852 814 3852 814 3853 2199 3853 2200 3853 2200 3854 2201 3854 814 3854 814 3855 2201 3855 2202 3855 814 3856 2202 3856 2203 3856 2203 3857 2204 3857 965 3857 2204 3858 2205 3858 965 3858 965 3859 2205 3859 2206 3859 965 3860 2206 3860 2207 3860 2207 3861 2208 3861 965 3861 965 3862 2208 3862 2209 3862 965 3863 2209 3863 2210 3863 2210 3864 2211 3864 965 3864 965 3865 2211 3865 2212 3865 965 3866 2212 3866 2213 3866 2213 3867 2214 3867 965 3867 965 3868 2214 3868 2215 3868 965 3869 2215 3869 963 3869 963 3870 2215 3870 2216 3870 963 3871 2216 3871 2193 3871 158 3872 160 3872 857 3872 857 3873 160 3873 162 3873 857 3874 162 3874 824 3874 824 3875 162 3875 164 3875 824 3876 164 3876 166 3876 154 3877 153 3877 915 3877 915 3878 153 3878 253 3878 915 3879 253 3879 857 3879 857 3880 253 3880 252 3880 857 3881 252 3881 158 3881 917 3882 157 3882 915 3882 915 3883 157 3883 156 3883 915 3884 156 3884 154 3884 920 3885 151 3885 917 3885 917 3886 151 3886 149 3886 917 3887 149 3887 157 3887 146 3888 147 3888 922 3888 922 3889 147 3889 141 3889 922 3890 141 3890 920 3890 920 3891 141 3891 152 3891 920 3892 152 3892 151 3892 1275 3893 884 3893 992 3893 992 3894 884 3894 814 3894 992 3895 814 3895 965 3895 965 3896 814 3896 2203 3896 144 3897 922 3897 142 3897 142 3898 922 3898 925 3898 142 3899 925 3899 1089 3899 1089 3900 925 3900 927 3900 1089 3901 927 3901 1091 3901 1091 3902 927 3902 929 3902 1091 3903 929 3903 1093 3903 1093 3904 929 3904 931 3904 1093 3905 931 3905 1095 3905 1095 3906 931 3906 933 3906 1095 3907 933 3907 1104 3907 982 3908 816 3908 981 3908 981 3909 816 3909 815 3909 981 3910 815 3910 979 3910 979 3911 815 3911 894 3911 979 3912 894 3912 1021 3912 1021 3913 894 3913 893 3913 1021 3914 893 3914 1022 3914 1022 3915 893 3915 892 3915 1022 3916 892 3916 1034 3916 1034 3917 892 3917 903 3917 1034 3918 903 3918 1032 3918 1032 3919 903 3919 902 3919 1032 3920 902 3920 1033 3920 1033 3921 902 3921 889 3921 1033 3922 889 3922 969 3922 969 3923 889 3923 900 3923 969 3924 900 3924 970 3924 970 3925 900 3925 810 3925 970 3926 810 3926 1010 3926 1010 3927 810 3927 809 3927 1010 3928 809 3928 997 3928 997 3929 809 3929 910 3929 997 3930 910 3930 995 3930 995 3931 910 3931 909 3931 995 3932 909 3932 1054 3932 1054 3933 909 3933 911 3933 1054 3934 911 3934 1056 3934 1056 3935 911 3935 897 3935 1056 3936 897 3936 1057 3936 1057 3937 897 3937 895 3937 1057 3938 895 3938 968 3938 968 3939 895 3939 859 3939 968 3940 859 3940 967 3940 967 3941 859 3941 858 3941 967 3942 858 3942 966 3942 966 3943 858 3943 856 3943 966 3944 856 3944 972 3944 972 3945 856 3945 855 3945 972 3946 855 3946 973 3946 973 3947 855 3947 813 3947 973 3948 813 3948 974 3948 974 3949 813 3949 812 3949 974 3950 812 3950 975 3950 975 3951 812 3951 907 3951 975 3952 907 3952 983 3952 983 3953 907 3953 906 3953 983 3954 906 3954 984 3954 984 3955 906 3955 905 3955 984 3956 905 3956 959 3956 959 3957 905 3957 852 3957 959 3958 852 3958 1028 3958 1028 3959 852 3959 864 3959 1028 3960 864 3960 987 3960 987 3961 864 3961 863 3961 987 3962 863 3962 1016 3962 1016 3963 863 3963 861 3963 1016 3964 861 3964 1017 3964 1017 3965 861 3965 820 3965 1017 3966 820 3966 1019 3966 1019 3967 820 3967 873 3967 1019 3968 873 3968 1082 3968 1082 3969 873 3969 872 3969 1082 3970 872 3970 1084 3970 1084 3971 872 3971 870 3971 1084 3972 870 3972 1086 3972 1086 3973 870 3973 868 3973 1086 3974 868 3974 1087 3974 1087 3975 868 3975 866 3975 1087 3976 866 3976 978 3976 978 3977 866 3977 865 3977 978 3978 865 3978 982 3978 982 3979 865 3979 816 3979 1072 3980 951 3980 1074 3980 1074 3981 951 3981 949 3981 1074 3982 949 3982 1075 3982 1075 3983 949 3983 948 3983 1075 3984 948 3984 1077 3984 1077 3985 948 3985 946 3985 1077 3986 946 3986 1079 3986 1079 3987 946 3987 944 3987 1079 3988 944 3988 1097 3988 1097 3989 944 3989 942 3989 1097 3990 942 3990 1098 3990 1098 3991 942 3991 941 3991 1098 3992 941 3992 1100 3992 1100 3993 941 3993 939 3993 1100 3994 939 3994 1102 3994 1102 3995 939 3995 936 3995 1102 3996 936 3996 1096 3996 1096 3997 936 3997 934 3997 1096 3998 934 3998 1094 3998 1094 3999 934 3999 932 3999 1094 4000 932 4000 1092 4000 1092 4001 932 4001 930 4001 1092 4002 930 4002 1090 4002 1090 4003 930 4003 928 4003 1090 4004 928 4004 1088 4004 1088 4005 928 4005 926 4005 1088 4006 926 4006 1011 4006 1011 4007 926 4007 924 4007 1011 4008 924 4008 1012 4008 1012 4009 924 4009 923 4009 1012 4010 923 4010 1014 4010 1014 4011 923 4011 921 4011 1014 4012 921 4012 1015 4012 1015 4013 921 4013 919 4013 1015 4014 919 4014 1023 4014 1023 4015 919 4015 918 4015 1023 4016 918 4016 1024 4016 1024 4017 918 4017 916 4017 1024 4018 916 4018 1025 4018 1025 4019 916 4019 914 4019 1025 4020 914 4020 996 4020 996 4021 914 4021 913 4021 996 4022 913 4022 998 4022 998 4023 913 4023 899 4023 998 4024 899 4024 999 4024 999 4025 899 4025 898 4025 999 4026 898 4026 1000 4026 1000 4027 898 4027 896 4027 1000 4028 896 4028 1001 4028 1001 4029 896 4029 912 4029 1001 4030 912 4030 1002 4030 1002 4031 912 4031 908 4031 1002 4032 908 4032 971 4032 971 4033 908 4033 811 4033 971 4034 811 4034 1031 4034 1031 4035 811 4035 891 4035 1031 4036 891 4036 1035 4036 1035 4037 891 4037 890 4037 1035 4038 890 4038 1020 4038 1020 4039 890 4039 888 4039 1020 4040 888 4040 1036 4040 1036 4041 888 4041 887 4041 1036 4042 887 4042 1037 4042 1037 4043 887 4043 901 4043 1037 4044 901 4044 1038 4044 1038 4045 901 4045 953 4045 1038 4046 953 4046 1069 4046 1069 4047 953 4047 955 4047 1069 4048 955 4048 1070 4048 1070 4049 955 4049 956 4049 1070 4050 956 4050 1072 4050 1072 4051 956 4051 951 4051 1066 4052 878 4052 1067 4052 1067 4053 878 4053 877 4053 1067 4054 877 4054 1068 4054 1068 4055 877 4055 874 4055 1068 4056 874 4056 1018 4056 1018 4057 874 4057 875 4057 1018 4058 875 4058 985 4058 985 4059 875 4059 876 4059 985 4060 876 4060 986 4060 986 4061 876 4061 821 4061 986 4062 821 4062 988 4062 988 4063 821 4063 819 4063 988 4064 819 4064 989 4064 989 4065 819 4065 818 4065 989 4066 818 4066 1026 4066 1026 4067 818 4067 860 4067 1026 4068 860 4068 1027 4068 1027 4069 860 4069 862 4069 1027 4070 862 4070 1029 4070 1029 4071 862 4071 854 4071 1029 4072 854 4072 1030 4072 1030 4073 854 4073 853 4073 1030 4074 853 4074 957 4074 957 4075 853 4075 851 4075 957 4076 851 4076 958 4076 958 4077 851 4077 850 4077 958 4078 850 4078 962 4078 962 4079 850 4079 904 4079 962 4080 904 4080 964 4080 964 4081 904 4081 823 4081 964 4082 823 4082 990 4082 990 4083 823 4083 822 4083 990 4084 822 4084 991 4084 991 4085 822 4085 886 4085 991 4086 886 4086 993 4086 993 4087 886 4087 885 4087 993 4088 885 4088 1003 4088 1003 4089 885 4089 883 4089 1003 4090 883 4090 1004 4090 1004 4091 883 4091 882 4091 1004 4092 882 4092 1006 4092 1006 4093 882 4093 848 4093 1006 4094 848 4094 1008 4094 1008 4095 848 4095 846 4095 1008 4096 846 4096 1058 4096 1058 4097 846 4097 844 4097 1058 4098 844 4098 1059 4098 1059 4099 844 4099 843 4099 1059 4100 843 4100 1061 4100 1061 4101 843 4101 841 4101 1061 4102 841 4102 1063 4102 1063 4103 841 4103 838 4103 1063 4104 838 4104 1049 4104 1049 4105 838 4105 836 4105 1049 4106 836 4106 1047 4106 1047 4107 836 4107 834 4107 1047 4108 834 4108 1045 4108 1045 4109 834 4109 832 4109 1045 4110 832 4110 1043 4110 1043 4111 832 4111 830 4111 1043 4112 830 4112 1041 4112 1041 4113 830 4113 828 4113 1041 4114 828 4114 1039 4114 1039 4115 828 4115 826 4115 1039 4116 826 4116 1050 4116 1050 4117 826 4117 881 4117 1050 4118 881 4118 1051 4118 1051 4119 881 4119 880 4119 1051 4120 880 4120 1052 4120 1052 4121 880 4121 879 4121 1052 4122 879 4122 1066 4122 1066 4123 879 4123 878 4123 2217 4124 2218 4124 2219 4124 2220 4125 2221 4125 2222 4125 2223 4126 2224 4126 2225 4126 2226 4127 2227 4127 2228 4127 489 4128 492 4128 2229 4128 2230 4129 2231 4129 2232 4129 779 4130 780 4130 2233 4130 2234 4131 2235 4131 2236 4131 2237 4132 2238 4132 2239 4132 2240 4133 563 4133 798 4133 2241 4134 2242 4134 2243 4134 2243 4135 2242 4135 2244 4135 2243 4136 2244 4136 2245 4136 2246 4137 2247 4137 2248 4137 2249 4138 2250 4138 2251 4138 2252 4139 2253 4139 2254 4139 2255 4140 2256 4140 2257 4140 2258 4141 2257 4141 2259 4141 2260 4142 2259 4142 2261 4142 2262 4143 2261 4143 2263 4143 2264 4144 2263 4144 2265 4144 1155 4145 2266 4145 2267 4145 1157 4146 1158 4146 2268 4146 695 4147 711 4147 2269 4147 472 4148 471 4148 2270 4148 461 4149 460 4149 458 4149 511 4150 2271 4150 510 4150 2272 4151 2273 4151 497 4151 2274 4152 2275 4152 497 4152 490 4153 2276 4153 488 4153 488 4154 2276 4154 2277 4154 488 4155 2277 4155 485 4155 480 4156 485 4156 2278 4156 2278 4157 485 4157 2279 4157 480 4158 2238 4158 481 4158 481 4159 2238 4159 2237 4159 2280 4160 483 4160 2281 4160 2281 4161 483 4161 481 4161 2282 4162 477 4162 2283 4162 2283 4163 477 4163 476 4163 463 4164 462 4164 2284 4164 2285 4165 473 4165 2286 4165 2286 4166 473 4166 463 4166 475 4167 2287 4167 2288 4167 475 4168 2289 4168 2290 4168 578 4169 475 4169 2291 4169 578 4170 2291 4170 471 4170 466 4171 465 4171 2270 4171 2270 4172 465 4172 472 4172 469 4173 468 4173 466 4173 466 4174 468 4174 470 4174 2292 4175 449 4175 564 4175 450 4176 447 4176 2293 4176 2294 4177 559 4177 2295 4177 2295 4178 559 4178 558 4178 2296 4179 713 4179 777 4179 2296 4180 777 4180 2297 4180 2297 4181 777 4181 561 4181 2297 4182 561 4182 2294 4182 2294 4183 561 4183 559 4183 2298 4184 557 4184 2299 4184 2299 4185 557 4185 556 4185 1180 4186 1179 4186 2300 4186 2300 4187 1179 4187 1178 4187 2300 4188 1178 4188 1177 4188 2300 4189 1177 4189 2301 4189 2301 4190 1177 4190 1176 4190 2301 4191 1176 4191 2302 4191 2302 4192 1176 4192 1175 4192 2302 4193 1175 4193 2303 4193 2303 4194 1175 4194 1174 4194 2303 4195 1174 4195 2304 4195 2304 4196 1174 4196 1173 4196 2304 4197 1173 4197 2305 4197 2305 4198 1173 4198 1172 4198 2305 4199 1172 4199 2306 4199 2306 4200 1172 4200 1171 4200 2306 4201 1171 4201 2307 4201 2307 4202 1171 4202 1170 4202 2307 4203 1170 4203 2308 4203 2308 4204 1170 4204 1169 4204 2308 4205 1169 4205 2309 4205 2309 4206 1169 4206 1106 4206 2309 4207 1106 4207 2310 4207 2310 4208 1106 4208 1105 4208 2310 4209 1105 4209 2311 4209 2311 4210 1105 4210 1184 4210 2311 4211 1184 4211 2312 4211 2313 4212 2314 4212 1182 4212 1182 4213 2314 4213 1183 4213 1183 4214 2314 4214 2315 4214 1183 4215 2315 4215 1164 4215 1164 4216 2315 4216 2316 4216 1164 4217 2316 4217 1165 4217 1165 4218 2316 4218 2317 4218 1165 4219 2317 4219 1166 4219 1166 4220 2317 4220 2318 4220 1166 4221 2318 4221 1167 4221 2319 4222 1163 4222 1162 4222 2319 4223 1162 4223 2318 4223 2318 4224 1162 4224 1168 4224 2318 4225 1168 4225 1167 4225 1163 4226 2319 4226 1160 4226 1160 4227 2319 4227 2320 4227 1160 4228 2320 4228 1161 4228 2268 4229 1158 4229 2320 4229 2320 4230 1158 4230 1159 4230 2320 4231 1159 4231 1161 4231 2321 4232 1152 4232 1156 4232 2266 4233 1155 4233 2321 4233 2321 4234 1155 4234 1153 4234 2321 4235 1153 4235 1152 4235 2267 4236 526 4236 1155 4236 1155 4237 526 4237 527 4237 1155 4238 527 4238 1154 4238 1154 4239 527 4239 530 4239 2322 4240 2323 4240 2324 4240 2325 4241 2326 4241 2327 4241 2327 4242 2326 4242 2328 4242 2327 4243 2328 4243 2329 4243 2329 4244 2328 4244 2322 4244 2322 4245 2324 4245 2329 4245 2329 4246 2324 4246 2254 4246 2329 4247 2254 4247 2327 4247 2327 4248 2254 4248 2253 4248 2327 4249 2253 4249 2325 4249 2330 4250 2252 4250 2331 4250 2331 4251 2252 4251 2254 4251 2331 4252 2254 4252 2332 4252 2332 4253 2254 4253 2324 4253 2332 4254 2324 4254 2333 4254 2333 4255 2324 4255 2323 4255 2333 4256 2323 4256 2334 4256 2263 4257 2264 4257 2262 4257 2262 4258 2264 4258 2335 4258 2262 4259 2335 4259 2336 4259 2336 4260 2335 4260 2337 4260 2336 4261 2337 4261 2338 4261 2338 4262 2337 4262 2339 4262 2338 4263 2339 4263 2340 4263 2256 4264 2255 4264 2341 4264 2341 4265 2255 4265 2342 4265 2341 4266 2342 4266 2343 4266 2344 4267 2345 4267 2346 4267 2346 4268 2345 4268 2347 4268 2346 4269 2347 4269 2343 4269 2343 4270 2347 4270 2218 4270 2343 4271 2218 4271 2341 4271 2341 4272 2218 4272 2217 4272 2341 4273 2217 4273 2256 4273 2259 4274 2260 4274 2258 4274 2258 4275 2260 4275 2348 4275 2258 4276 2348 4276 2349 4276 2349 4277 2348 4277 2350 4277 2349 4278 2350 4278 2351 4278 2351 4279 2350 4279 2352 4279 2351 4280 2352 4280 2353 4280 2261 4281 2262 4281 2260 4281 2260 4282 2262 4282 2336 4282 2260 4283 2336 4283 2348 4283 2348 4284 2336 4284 2338 4284 2348 4285 2338 4285 2350 4285 2350 4286 2338 4286 2340 4286 2350 4287 2340 4287 2352 4287 558 4288 562 4288 2330 4288 2330 4289 562 4289 2354 4289 2330 4290 2354 4290 2252 4290 2252 4291 2354 4291 2355 4291 2252 4292 2355 4292 2253 4292 2253 4293 2355 4293 2356 4293 2253 4294 2356 4294 2325 4294 2325 4295 2356 4295 2357 4295 2325 4296 2357 4296 2326 4296 2358 4297 2359 4297 2360 4297 2360 4298 2359 4298 2334 4298 2360 4299 2334 4299 2361 4299 2361 4300 2334 4300 2323 4300 2361 4301 2323 4301 2362 4301 2362 4302 2323 4302 2322 4302 2362 4303 2322 4303 2363 4303 2363 4304 2322 4304 2328 4304 2363 4305 2328 4305 2364 4305 2364 4306 2328 4306 2326 4306 2364 4307 2326 4307 2365 4307 2365 4308 2326 4308 2357 4308 2365 4309 2357 4309 2366 4309 2366 4310 2357 4310 2367 4310 562 4311 450 4311 2354 4311 2354 4312 450 4312 2293 4312 2354 4313 2293 4313 2355 4313 2355 4314 2293 4314 2368 4314 2355 4315 2368 4315 2356 4315 2356 4316 2368 4316 2369 4316 2356 4317 2369 4317 2357 4317 2357 4318 2369 4318 2370 4318 2357 4319 2370 4319 2367 4319 2367 4320 2370 4320 2371 4320 2250 4321 2249 4321 2372 4321 2372 4322 2249 4322 2373 4322 2372 4323 2373 4323 2374 4323 2375 4324 2376 4324 2377 4324 2377 4325 2376 4325 2378 4325 2377 4326 2378 4326 2379 4326 2379 4327 2378 4327 2380 4327 2379 4328 2380 4328 2381 4328 2382 4329 2383 4329 2384 4329 2384 4330 2383 4330 2385 4330 2384 4331 2385 4331 2386 4331 2386 4332 2385 4332 2374 4332 2386 4333 2374 4333 2387 4333 2387 4334 2374 4334 2373 4334 2387 4335 2373 4335 2388 4335 2388 4336 2373 4336 2249 4336 2388 4337 2249 4337 2389 4337 2389 4338 2249 4338 2251 4338 2389 4339 2251 4339 2390 4339 2391 4340 2392 4340 2393 4340 2393 4341 2392 4341 2394 4341 2393 4342 2394 4342 2395 4342 2395 4343 2394 4343 2396 4343 2395 4344 2396 4344 2397 4344 2398 4345 2399 4345 2400 4345 2400 4346 2399 4346 2401 4346 2400 4347 2401 4347 2402 4347 2402 4348 2401 4348 2403 4348 2402 4349 2403 4349 2404 4349 2404 4350 2403 4350 2405 4350 2404 4351 2405 4351 2406 4351 2406 4352 2405 4352 2407 4352 2406 4353 2407 4353 2375 4353 2375 4354 2407 4354 2408 4354 2375 4355 2408 4355 2376 4355 2409 4356 2410 4356 2411 4356 2411 4357 2410 4357 2412 4357 2411 4358 2412 4358 2413 4358 2413 4359 2412 4359 2414 4359 2413 4360 2414 4360 2415 4360 2416 4361 2409 4361 2417 4361 2417 4362 2409 4362 2411 4362 2417 4363 2411 4363 2418 4363 2418 4364 2411 4364 2413 4364 2418 4365 2413 4365 2419 4365 2419 4366 2413 4366 2415 4366 2248 4367 2247 4367 2420 4367 2420 4368 2247 4368 2421 4368 2420 4369 2421 4369 2422 4369 2422 4370 2421 4370 2423 4370 2422 4371 2423 4371 2424 4371 2425 4372 2426 4372 2427 4372 2427 4373 2426 4373 2428 4373 2429 4374 2430 4374 2431 4374 2431 4375 2430 4375 2432 4375 2431 4376 2432 4376 2433 4376 2433 4377 2432 4377 2434 4377 2433 4378 2434 4378 2435 4378 2435 4379 2434 4379 2428 4379 2435 4380 2428 4380 2436 4380 2436 4381 2428 4381 2426 4381 2430 4382 2246 4382 2432 4382 2432 4383 2246 4383 2248 4383 2432 4384 2248 4384 2434 4384 2434 4385 2248 4385 2420 4385 2434 4386 2420 4386 2428 4386 2428 4387 2420 4387 2422 4387 2428 4388 2422 4388 2427 4388 2427 4389 2422 4389 2424 4389 2427 4390 2424 4390 2425 4390 2383 4391 2391 4391 2385 4391 2385 4392 2391 4392 2393 4392 2385 4393 2393 4393 2374 4393 2374 4394 2393 4394 2395 4394 2374 4395 2395 4395 2372 4395 2372 4396 2395 4396 2397 4396 2372 4397 2397 4397 2250 4397 2437 4398 2438 4398 2439 4398 793 4399 795 4399 2440 4399 807 4400 805 4400 2438 4400 808 4401 807 4401 2425 4401 2425 4402 807 4402 2438 4402 2425 4403 2438 4403 2426 4403 2426 4404 2438 4404 2437 4404 2426 4405 2437 4405 2436 4405 2423 4406 2441 4406 2424 4406 2424 4407 2441 4407 2440 4407 2424 4408 2440 4408 2425 4408 2425 4409 2440 4409 795 4409 2425 4410 795 4410 808 4410 2240 4411 798 4411 2442 4411 2442 4412 798 4412 797 4412 2442 4413 797 4413 2443 4413 2443 4414 797 4414 796 4414 2443 4415 796 4415 793 4415 2443 4416 793 4416 2444 4416 2444 4417 2445 4417 2443 4417 2443 4418 2445 4418 2446 4418 2443 4419 2446 4419 2447 4419 2443 4420 2447 4420 2442 4420 2442 4421 2447 4421 2292 4421 2442 4422 2292 4422 2240 4422 2240 4423 2292 4423 564 4423 2240 4424 564 4424 563 4424 2448 4425 802 4425 2449 4425 2449 4426 802 4426 806 4426 806 4427 801 4427 2449 4427 2449 4428 801 4428 800 4428 2449 4429 800 4429 2450 4429 2450 4430 800 4430 799 4430 2450 4431 799 4431 2451 4431 2451 4432 799 4432 794 4432 2451 4433 794 4433 2452 4433 2452 4434 794 4434 792 4434 2452 4435 792 4435 2453 4435 2453 4436 792 4436 2454 4436 2453 4437 2454 4437 2455 4437 2455 4438 2454 4438 2245 4438 2455 4439 2245 4439 2456 4439 2456 4440 2245 4440 2244 4440 804 4441 803 4441 2448 4441 2448 4442 803 4442 802 4442 805 4443 804 4443 2438 4443 2438 4444 804 4444 2448 4444 2438 4445 2448 4445 2439 4445 2439 4446 2448 4446 2449 4446 2439 4447 2449 4447 2382 4447 2382 4448 2449 4448 2450 4448 2382 4449 2450 4449 2383 4449 2383 4450 2450 4450 2451 4450 2383 4451 2451 4451 2391 4451 2391 4452 2451 4452 2452 4452 2391 4453 2452 4453 2392 4453 2392 4454 2452 4454 2453 4454 2392 4455 2453 4455 2394 4455 2394 4456 2453 4456 2455 4456 2394 4457 2455 4457 2396 4457 2396 4458 2455 4458 2456 4458 785 4459 784 4459 2457 4459 2457 4460 784 4460 783 4460 2457 4461 783 4461 2458 4461 2458 4462 783 4462 786 4462 2458 4463 786 4463 2459 4463 2459 4464 786 4464 790 4464 2459 4465 790 4465 791 4465 2460 4466 2461 4466 2462 4466 2463 4467 2464 4467 2460 4467 2460 4468 2464 4468 2461 4468 2461 4469 2464 4469 2465 4469 2461 4470 2465 4470 2466 4470 2467 4471 2468 4471 2469 4471 2469 4472 2468 4472 2470 4472 2471 4473 2472 4473 2473 4473 2474 4474 2475 4474 2476 4474 2477 4475 2476 4475 2478 4475 2478 4476 2476 4476 2479 4476 2476 4477 2284 4477 2479 4477 2479 4478 2284 4478 462 4478 2479 4479 462 4479 2478 4479 2478 4480 462 4480 477 4480 2478 4481 477 4481 2477 4481 2477 4482 477 4482 2282 4482 2477 4483 2282 4483 2476 4483 2476 4484 2282 4484 2283 4484 2476 4485 2283 4485 2480 4485 2480 4486 2283 4486 476 4486 2481 4487 2482 4487 2483 4487 2483 4488 2484 4488 2485 4488 2486 4489 2487 4489 2236 4489 2234 4490 2236 4490 2488 4490 2235 4491 2234 4491 463 4491 463 4492 2234 4492 2488 4492 463 4493 2488 4493 2286 4493 2286 4494 2488 4494 2236 4494 2286 4495 2236 4495 2285 4495 2285 4496 2236 4496 2487 4496 2285 4497 2487 4497 473 4497 473 4498 2487 4498 2486 4498 473 4499 2486 4499 2489 4499 2489 4500 2486 4500 2236 4500 2489 4501 2236 4501 2483 4501 2467 4502 2490 4502 2491 4502 2491 4503 2490 4503 2492 4503 2491 4504 2492 4504 2236 4504 2469 4505 2493 4505 2494 4505 2494 4506 2493 4506 2233 4506 466 4507 2270 4507 2495 4507 2495 4508 2270 4508 471 4508 2495 4509 471 4509 2483 4509 2483 4510 471 4510 2291 4510 2483 4511 2291 4511 2481 4511 2481 4512 2291 4512 475 4512 2481 4513 475 4513 2482 4513 2482 4514 475 4514 2290 4514 2482 4515 2290 4515 2483 4515 2483 4516 2290 4516 2289 4516 2483 4517 2289 4517 2484 4517 2484 4518 2289 4518 475 4518 2484 4519 475 4519 2485 4519 2485 4520 475 4520 2288 4520 2485 4521 2288 4521 2483 4521 2483 4522 2288 4522 2287 4522 2483 4523 2287 4523 2489 4523 2489 4524 2287 4524 475 4524 2489 4525 475 4525 473 4525 787 4526 2495 4526 788 4526 788 4527 2495 4527 789 4527 787 4528 575 4528 2495 4528 2495 4529 575 4529 466 4529 466 4530 575 4530 469 4530 2236 4531 2492 4531 2483 4531 2483 4532 2492 4532 2496 4532 2483 4533 2496 4533 2495 4533 2495 4534 2496 4534 782 4534 2495 4535 782 4535 789 4535 2467 4536 2469 4536 2490 4536 2490 4537 2469 4537 2494 4537 2490 4538 2494 4538 2492 4538 2492 4539 2494 4539 2233 4539 2492 4540 2233 4540 2496 4540 2496 4541 2233 4541 780 4541 2496 4542 780 4542 782 4542 2226 4543 2497 4543 2498 4543 2226 4544 2498 4544 2227 4544 2227 4545 2498 4545 2499 4545 2227 4546 2499 4546 2500 4546 2501 4547 458 4547 457 4547 1157 4548 2268 4548 1156 4548 1156 4549 2268 4549 2502 4549 1156 4550 2502 4550 2321 4550 2321 4551 2502 4551 2503 4551 2321 4552 2503 4552 2266 4552 2266 4553 2503 4553 2501 4553 2266 4554 2501 4554 2267 4554 2267 4555 2501 4555 457 4555 2267 4556 457 4556 526 4556 522 4557 521 4557 2504 4557 2504 4558 521 4558 2505 4558 2505 4559 521 4559 750 4559 523 4560 524 4560 522 4560 523 4561 522 4561 743 4561 743 4562 522 4562 2504 4562 743 4563 2504 4563 2506 4563 517 4564 516 4564 2507 4564 2507 4565 516 4565 2506 4565 2506 4566 516 4566 743 4566 518 4567 519 4567 517 4567 518 4568 517 4568 513 4568 513 4569 517 4569 2507 4569 513 4570 2507 4570 2508 4570 513 4571 2508 4571 514 4571 514 4572 2508 4572 2509 4572 2505 4573 2510 4573 2504 4573 2504 4574 2510 4574 2511 4574 2504 4575 2511 4575 2506 4575 2506 4576 2511 4576 2512 4576 2506 4577 2512 4577 2507 4577 2507 4578 2512 4578 2513 4578 2507 4579 2513 4579 2508 4579 2508 4580 2513 4580 2514 4580 2508 4581 2514 4581 2509 4581 2509 4582 2514 4582 2515 4582 2509 4583 2515 4583 2516 4583 2510 4584 2500 4584 2511 4584 2511 4585 2500 4585 2499 4585 2511 4586 2499 4586 2512 4586 2512 4587 2499 4587 2498 4587 2512 4588 2498 4588 2513 4588 2513 4589 2498 4589 2497 4589 2513 4590 2497 4590 2514 4590 2514 4591 2497 4591 2517 4591 2514 4592 2517 4592 2515 4592 505 4593 507 4593 2271 4593 2271 4594 507 4594 510 4594 511 4595 514 4595 2271 4595 2271 4596 514 4596 2509 4596 2271 4597 2509 4597 505 4597 505 4598 2509 4598 2516 4598 505 4599 2516 4599 504 4599 2518 4600 503 4600 504 4600 2518 4601 504 4601 2519 4601 502 4602 503 4602 499 4602 499 4603 503 4603 2518 4603 499 4604 2518 4604 2519 4604 499 4605 2519 4605 496 4605 2520 4606 496 4606 2519 4606 2520 4607 2519 4607 2521 4607 2521 4608 2519 4608 2522 4608 2521 4609 2522 4609 2523 4609 2523 4610 2522 4610 2524 4610 2523 4611 2524 4611 2525 4611 2526 4612 2527 4612 2520 4612 2528 4613 2529 4613 2520 4613 2520 4614 2529 4614 2530 4614 492 4615 495 4615 2528 4615 2528 4616 495 4616 2529 4616 2529 4617 495 4617 497 4617 2529 4618 497 4618 2530 4618 2530 4619 497 4619 2273 4619 2530 4620 2273 4620 2520 4620 2520 4621 2273 4621 2272 4621 2520 4622 2272 4622 2526 4622 2526 4623 2272 4623 497 4623 2526 4624 497 4624 2527 4624 2527 4625 497 4625 2275 4625 2527 4626 2275 4626 2520 4626 2520 4627 2275 4627 2274 4627 2520 4628 2274 4628 496 4628 496 4629 2274 4629 497 4629 490 4630 489 4630 2276 4630 2276 4631 489 4631 2471 4631 2276 4632 2471 4632 2277 4632 2277 4633 2471 4633 2473 4633 2277 4634 2473 4634 485 4634 485 4635 2473 4635 2472 4635 485 4636 2472 4636 2279 4636 2279 4637 2472 4637 2471 4637 2279 4638 2471 4638 2278 4638 2231 4639 2230 4639 2531 4639 2531 4640 2230 4640 2532 4640 2531 4641 2532 4641 2471 4641 2238 4642 480 4642 2278 4642 2238 4643 2278 4643 2239 4643 2239 4644 2278 4644 2471 4644 2239 4645 2471 4645 2533 4645 2533 4646 2471 4646 2532 4646 2533 4647 2532 4647 2534 4647 2534 4648 2532 4648 2230 4648 2534 4649 2230 4649 2535 4649 2535 4650 2230 4650 2232 4650 2535 4651 2232 4651 2536 4651 1182 4652 1181 4652 2313 4652 2313 4653 1181 4653 1180 4653 2313 4654 1180 4654 2537 4654 2537 4655 1180 4655 2300 4655 2537 4656 2300 4656 2538 4656 2538 4657 2300 4657 2539 4657 2539 4658 2300 4658 2301 4658 452 4659 656 4659 2540 4659 2540 4660 656 4660 2541 4660 2540 4661 2541 4661 2542 4661 2542 4662 2541 4662 2543 4662 2542 4663 2543 4663 2544 4663 2544 4664 2543 4664 2545 4664 2544 4665 2545 4665 2546 4665 2546 4666 2545 4666 2547 4666 2546 4667 2547 4667 2548 4667 2547 4668 2549 4668 2548 4668 2548 4669 2549 4669 2550 4669 2548 4670 2550 4670 2551 4670 2551 4671 2550 4671 2552 4671 2551 4672 2552 4672 2553 4672 2553 4673 2552 4673 2554 4673 2553 4674 2554 4674 2555 4674 2555 4675 2554 4675 2556 4675 2555 4676 2556 4676 2557 4676 2557 4677 2556 4677 2558 4677 2557 4678 2558 4678 2559 4678 2559 4679 2558 4679 2560 4679 2559 4680 2560 4680 2561 4680 2561 4681 2560 4681 2562 4681 2561 4682 2562 4682 2563 4682 2563 4683 2562 4683 2564 4683 2563 4684 2564 4684 2565 4684 2565 4685 2564 4685 2566 4685 2565 4686 2566 4686 2567 4686 2567 4687 2566 4687 2568 4687 2567 4688 2568 4688 2569 4688 2569 4689 2568 4689 2570 4689 2569 4690 2570 4690 2571 4690 2571 4691 2570 4691 2572 4691 2571 4692 2572 4692 2573 4692 2573 4693 2572 4693 2574 4693 2573 4694 2574 4694 2575 4694 2575 4695 2574 4695 2576 4695 2575 4696 2576 4696 2577 4696 2577 4697 2576 4697 2578 4697 2577 4698 2578 4698 2579 4698 2579 4699 2578 4699 2580 4699 2579 4700 2580 4700 2581 4700 2581 4701 2580 4701 2582 4701 2581 4702 2582 4702 2583 4702 2583 4703 2582 4703 2584 4703 2583 4704 2584 4704 2585 4704 656 4705 654 4705 2541 4705 2541 4706 654 4706 2586 4706 2541 4707 2586 4707 2543 4707 2543 4708 2586 4708 2587 4708 2543 4709 2587 4709 2545 4709 2545 4710 2587 4710 2588 4710 2545 4711 2588 4711 2547 4711 2547 4712 2588 4712 2589 4712 2547 4713 2589 4713 2549 4713 2549 4714 2589 4714 2590 4714 2549 4715 2590 4715 2550 4715 2550 4716 2590 4716 2591 4716 2550 4717 2591 4717 2552 4717 2552 4718 2591 4718 2592 4718 2552 4719 2592 4719 2554 4719 2554 4720 2592 4720 2593 4720 2554 4721 2593 4721 2556 4721 2556 4722 2593 4722 2594 4722 2556 4723 2594 4723 2558 4723 2558 4724 2594 4724 2595 4724 2558 4725 2595 4725 2560 4725 2560 4726 2595 4726 2596 4726 2560 4727 2596 4727 2562 4727 2562 4728 2596 4728 2597 4728 2562 4729 2597 4729 2564 4729 2564 4730 2597 4730 2598 4730 2564 4731 2598 4731 2566 4731 2566 4732 2598 4732 2599 4732 2566 4733 2599 4733 2568 4733 2568 4734 2599 4734 2600 4734 2568 4735 2600 4735 2570 4735 2570 4736 2600 4736 2601 4736 2570 4737 2601 4737 2572 4737 2572 4738 2601 4738 2602 4738 2572 4739 2602 4739 2574 4739 2574 4740 2602 4740 2603 4740 2574 4741 2603 4741 2576 4741 2576 4742 2603 4742 2604 4742 2576 4743 2604 4743 2578 4743 2578 4744 2604 4744 2605 4744 2578 4745 2605 4745 2580 4745 2580 4746 2605 4746 2606 4746 2580 4747 2606 4747 2582 4747 2582 4748 2606 4748 2607 4748 2582 4749 2607 4749 2584 4749 2584 4750 2607 4750 2608 4750 2584 4751 2608 4751 2585 4751 2585 4752 2608 4752 2609 4752 2585 4753 2609 4753 2610 4753 2610 4754 2609 4754 2611 4754 2610 4755 2611 4755 2525 4755 2525 4756 2611 4756 2612 4756 2525 4757 2612 4757 2523 4757 2523 4758 2612 4758 2613 4758 2523 4759 2613 4759 2521 4759 2521 4760 2613 4760 2614 4760 2521 4761 2614 4761 2520 4761 2520 4762 2614 4762 2229 4762 2520 4763 2229 4763 2528 4763 2528 4764 2229 4764 492 4764 654 4765 679 4765 2586 4765 2586 4766 679 4766 2615 4766 2586 4767 2615 4767 2587 4767 2587 4768 2615 4768 2616 4768 2587 4769 2616 4769 2588 4769 2588 4770 2616 4770 2617 4770 2588 4771 2617 4771 2589 4771 2589 4772 2617 4772 2618 4772 2589 4773 2618 4773 2590 4773 2590 4774 2618 4774 2619 4774 2590 4775 2619 4775 2591 4775 2591 4776 2619 4776 2620 4776 2591 4777 2620 4777 2592 4777 2592 4778 2620 4778 2621 4778 2592 4779 2621 4779 2593 4779 2593 4780 2621 4780 2622 4780 2593 4781 2622 4781 2594 4781 2594 4782 2622 4782 2623 4782 2594 4783 2623 4783 2595 4783 2595 4784 2623 4784 2624 4784 2595 4785 2624 4785 2596 4785 2596 4786 2624 4786 2625 4786 2596 4787 2625 4787 2597 4787 2597 4788 2625 4788 2626 4788 2597 4789 2626 4789 2598 4789 2598 4790 2626 4790 2627 4790 2598 4791 2627 4791 2599 4791 2599 4792 2627 4792 2628 4792 2599 4793 2628 4793 2600 4793 2600 4794 2628 4794 2629 4794 2600 4795 2629 4795 2601 4795 2601 4796 2629 4796 2630 4796 2601 4797 2630 4797 2602 4797 2602 4798 2630 4798 2631 4798 2602 4799 2631 4799 2603 4799 2603 4800 2631 4800 2632 4800 2603 4801 2632 4801 2604 4801 2604 4802 2632 4802 2633 4802 2604 4803 2633 4803 2605 4803 2605 4804 2633 4804 2634 4804 2605 4805 2634 4805 2606 4805 2606 4806 2634 4806 2635 4806 2606 4807 2635 4807 2607 4807 2607 4808 2635 4808 2636 4808 2607 4809 2636 4809 2608 4809 2608 4810 2636 4810 2637 4810 2608 4811 2637 4811 2609 4811 2318 4812 2638 4812 2319 4812 2319 4813 2638 4813 2228 4813 2319 4814 2228 4814 2320 4814 2320 4815 2228 4815 2227 4815 2320 4816 2227 4816 2268 4816 2268 4817 2227 4817 2500 4817 2268 4818 2500 4818 2502 4818 2502 4819 2500 4819 2510 4819 2502 4820 2510 4820 2503 4820 2503 4821 2510 4821 2505 4821 2503 4822 2505 4822 2501 4822 2501 4823 2505 4823 750 4823 2501 4824 750 4824 458 4824 458 4825 750 4825 461 4825 2298 4826 2299 4826 2639 4826 2639 4827 2299 4827 2640 4827 2639 4828 2640 4828 2641 4828 2641 4829 2225 4829 2642 4829 2642 4830 2225 4830 2224 4830 2642 4831 2224 4831 2643 4831 2644 4832 2645 4832 2646 4832 2646 4833 2645 4833 2647 4833 2646 4834 2647 4834 2648 4834 2648 4835 2647 4835 2649 4835 2648 4836 2649 4836 2650 4836 2649 4837 2651 4837 2650 4837 2650 4838 2651 4838 2652 4838 2650 4839 2652 4839 2653 4839 2653 4840 2652 4840 2654 4840 2653 4841 2654 4841 2655 4841 2656 4842 2657 4842 2658 4842 2658 4843 2657 4843 2659 4843 2658 4844 2659 4844 2660 4844 2660 4845 2659 4845 2661 4845 2660 4846 2661 4846 2662 4846 2662 4847 2661 4847 2663 4847 2662 4848 2663 4848 2664 4848 2664 4849 2663 4849 2665 4849 2664 4850 2665 4850 2666 4850 2666 4851 2665 4851 2667 4851 2666 4852 2667 4852 2668 4852 2668 4853 2667 4853 2669 4853 2668 4854 2669 4854 2670 4854 2670 4855 2669 4855 2671 4855 2670 4856 2671 4856 2644 4856 2644 4857 2671 4857 2672 4857 2644 4858 2672 4858 2645 4858 2641 4859 2640 4859 2225 4859 2225 4860 2640 4860 2673 4860 2225 4861 2673 4861 2223 4861 556 4862 712 4862 2299 4862 2299 4863 712 4863 2674 4863 2299 4864 2674 4864 2640 4864 2640 4865 2674 4865 2675 4865 2640 4866 2675 4866 2673 4866 2676 4867 2657 4867 2677 4867 2677 4868 2657 4868 2656 4868 2677 4869 2656 4869 2678 4869 2679 4870 2680 4870 2681 4870 2681 4871 2680 4871 2682 4871 2681 4872 2682 4872 2683 4872 2683 4873 2682 4873 2684 4873 2683 4874 2684 4874 2685 4874 2685 4875 2684 4875 2686 4875 2685 4876 2686 4876 2687 4876 2687 4877 2686 4877 2688 4877 2687 4878 2688 4878 2689 4878 2690 4879 2691 4879 2692 4879 2690 4880 2692 4880 2693 4880 2693 4881 2692 4881 2694 4881 2693 4882 2694 4882 2695 4882 2695 4883 2694 4883 2696 4883 2695 4884 2696 4884 2697 4884 2698 4885 2699 4885 2700 4885 2700 4886 2699 4886 2701 4886 2702 4887 2701 4887 2675 4887 2675 4888 2701 4888 2699 4888 2675 4889 2699 4889 2673 4889 2673 4890 2699 4890 2698 4890 2673 4891 2698 4891 2223 4891 2678 4892 2703 4892 2677 4892 2677 4893 2703 4893 2704 4893 2677 4894 2704 4894 2676 4894 2676 4895 2704 4895 2705 4895 2676 4896 2705 4896 2706 4896 2707 4897 2708 4897 2709 4897 2709 4898 2708 4898 2710 4898 2709 4899 2710 4899 2711 4899 2712 4900 2713 4900 2714 4900 2714 4901 2713 4901 2715 4901 2714 4902 2715 4902 2716 4902 2716 4903 2715 4903 2717 4903 2716 4904 2717 4904 2718 4904 2713 4905 2719 4905 2715 4905 2715 4906 2719 4906 2720 4906 2715 4907 2720 4907 2717 4907 2717 4908 2720 4908 2721 4908 2722 4909 2723 4909 2724 4909 2724 4910 2723 4910 2725 4910 2724 4911 2725 4911 2726 4911 2726 4912 2725 4912 2727 4912 2726 4913 2727 4913 2728 4913 2728 4914 2727 4914 2729 4914 2728 4915 2729 4915 2730 4915 2730 4916 2729 4916 2731 4916 2730 4917 2731 4917 2732 4917 2732 4918 2731 4918 2733 4918 2732 4919 2733 4919 2734 4919 2734 4920 2733 4920 2735 4920 2734 4921 2735 4921 2736 4921 2736 4922 2735 4922 2737 4922 2295 4923 2738 4923 2294 4923 2294 4924 2738 4924 2702 4924 2294 4925 2702 4925 2297 4925 2297 4926 2702 4926 2675 4926 2297 4927 2675 4927 2296 4927 2296 4928 2675 4928 2674 4928 2296 4929 2674 4929 713 4929 713 4930 2674 4930 712 4930 2739 4931 2740 4931 2741 4931 2739 4932 2741 4932 2742 4932 2742 4933 2741 4933 2743 4933 2742 4934 2743 4934 2706 4934 2678 4935 2643 4935 2703 4935 2703 4936 2643 4936 2224 4936 2703 4937 2224 4937 2704 4937 2704 4938 2224 4938 2223 4938 2704 4939 2223 4939 2705 4939 2705 4940 2223 4940 2698 4940 2705 4941 2698 4941 2706 4941 2706 4942 2698 4942 2700 4942 2706 4943 2700 4943 2742 4943 2742 4944 2700 4944 2701 4944 2742 4945 2701 4945 2739 4945 2739 4946 2701 4946 2702 4946 2739 4947 2702 4947 2740 4947 2740 4948 2702 4948 2738 4948 2723 4949 2689 4949 2725 4949 2725 4950 2689 4950 2688 4950 2725 4951 2688 4951 2727 4951 2727 4952 2688 4952 2686 4952 2727 4953 2686 4953 2729 4953 2729 4954 2686 4954 2684 4954 2729 4955 2684 4955 2731 4955 2731 4956 2684 4956 2682 4956 2731 4957 2682 4957 2733 4957 2733 4958 2682 4958 2680 4958 2733 4959 2680 4959 2735 4959 2735 4960 2680 4960 2679 4960 2735 4961 2679 4961 2737 4961 2737 4962 2679 4962 2358 4962 2737 4963 2358 4963 2744 4963 2744 4964 2358 4964 2360 4964 2744 4965 2360 4965 2745 4965 2745 4966 2360 4966 2361 4966 2745 4967 2361 4967 2746 4967 2746 4968 2361 4968 2362 4968 2746 4969 2362 4969 2747 4969 2747 4970 2362 4970 2363 4970 2747 4971 2363 4971 2748 4971 2748 4972 2363 4972 2364 4972 2748 4973 2364 4973 2749 4973 2749 4974 2364 4974 2365 4974 2749 4975 2365 4975 2750 4975 2750 4976 2365 4976 2366 4976 2750 4977 2366 4977 2751 4977 2751 4978 2366 4978 2367 4978 2751 4979 2367 4979 2752 4979 2752 4980 2367 4980 2371 4980 2752 4981 2371 4981 2753 4981 2753 4982 2371 4982 2370 4982 2753 4983 2370 4983 2754 4983 2754 4984 2370 4984 2369 4984 2754 4985 2369 4985 2755 4985 2755 4986 2369 4986 2368 4986 2755 4987 2368 4987 2756 4987 2756 4988 2368 4988 2293 4988 2756 4989 2293 4989 2757 4989 2757 4990 2293 4990 447 4990 2757 4991 447 4991 449 4991 2696 4992 2722 4992 2697 4992 2697 4993 2722 4993 2724 4993 2697 4994 2724 4994 2758 4994 2758 4995 2724 4995 2726 4995 2758 4996 2726 4996 2759 4996 2759 4997 2726 4997 2728 4997 2759 4998 2728 4998 2760 4998 2760 4999 2728 4999 2730 4999 2760 5000 2730 5000 2761 5000 2761 5001 2730 5001 2732 5001 2761 5002 2732 5002 2762 5002 2762 5003 2732 5003 2734 5003 2762 5004 2734 5004 2763 5004 2763 5005 2734 5005 2736 5005 2763 5006 2736 5006 2764 5006 2764 5007 2736 5007 2737 5007 2764 5008 2737 5008 2765 5008 2765 5009 2737 5009 2744 5009 2765 5010 2744 5010 2766 5010 2766 5011 2744 5011 2745 5011 2766 5012 2745 5012 2767 5012 2767 5013 2745 5013 2746 5013 2767 5014 2746 5014 2768 5014 2768 5015 2746 5015 2747 5015 2768 5016 2747 5016 2769 5016 2769 5017 2747 5017 2748 5017 2769 5018 2748 5018 2770 5018 2770 5019 2748 5019 2749 5019 2770 5020 2749 5020 2771 5020 2771 5021 2749 5021 2750 5021 2771 5022 2750 5022 2772 5022 2772 5023 2750 5023 2751 5023 2772 5024 2751 5024 2773 5024 2773 5025 2751 5025 2752 5025 2773 5026 2752 5026 2774 5026 2774 5027 2752 5027 2753 5027 2774 5028 2753 5028 2444 5028 2444 5029 2753 5029 2754 5029 2444 5030 2754 5030 2445 5030 2445 5031 2754 5031 2755 5031 2445 5032 2755 5032 2446 5032 2446 5033 2755 5033 2756 5033 2446 5034 2756 5034 2447 5034 2447 5035 2756 5035 2757 5035 2447 5036 2757 5036 2292 5036 2292 5037 2757 5037 449 5037 2775 5038 2776 5038 2777 5038 2777 5039 2776 5039 2707 5039 2777 5040 2707 5040 2778 5040 2778 5041 2707 5041 2709 5041 2778 5042 2709 5042 2779 5042 2779 5043 2709 5043 2711 5043 2779 5044 2711 5044 2219 5044 2219 5045 2218 5045 2779 5045 2779 5046 2218 5046 2347 5046 2779 5047 2347 5047 2778 5047 2778 5048 2347 5048 2345 5048 2778 5049 2345 5049 2777 5049 2777 5050 2345 5050 2344 5050 2777 5051 2344 5051 2775 5051 2265 5052 2398 5052 2264 5052 2264 5053 2398 5053 2400 5053 2264 5054 2400 5054 2335 5054 2335 5055 2400 5055 2402 5055 2335 5056 2402 5056 2337 5056 2337 5057 2402 5057 2404 5057 2337 5058 2404 5058 2339 5058 2339 5059 2404 5059 2406 5059 2339 5060 2406 5060 2340 5060 2340 5061 2406 5061 2375 5061 2340 5062 2375 5062 2352 5062 2352 5063 2375 5063 2377 5063 2352 5064 2377 5064 2353 5064 2353 5065 2377 5065 2379 5065 2353 5066 2379 5066 2780 5066 2780 5067 2379 5067 2381 5067 2780 5068 2381 5068 2781 5068 2781 5069 2381 5069 2782 5069 2781 5070 2782 5070 2783 5070 2783 5071 2782 5071 2784 5071 2783 5072 2784 5072 2718 5072 2718 5073 2784 5073 2785 5073 2718 5074 2785 5074 2716 5074 2716 5075 2785 5075 2786 5075 2716 5076 2786 5076 2714 5076 2714 5077 2786 5077 2222 5077 2714 5078 2222 5078 2712 5078 2712 5079 2222 5079 2221 5079 2257 5080 2258 5080 2255 5080 2255 5081 2258 5081 2349 5081 2255 5082 2349 5082 2342 5082 2342 5083 2349 5083 2351 5083 2342 5084 2351 5084 2343 5084 2343 5085 2351 5085 2353 5085 2343 5086 2353 5086 2346 5086 2346 5087 2353 5087 2780 5087 2346 5088 2780 5088 2344 5088 2344 5089 2780 5089 2781 5089 2344 5090 2781 5090 2775 5090 2775 5091 2781 5091 2783 5091 2775 5092 2783 5092 2776 5092 2776 5093 2783 5093 2718 5093 2776 5094 2718 5094 2707 5094 2707 5095 2718 5095 2717 5095 2707 5096 2717 5096 2708 5096 2708 5097 2717 5097 2721 5097 2708 5098 2721 5098 2710 5098 2399 5099 2429 5099 2401 5099 2401 5100 2429 5100 2431 5100 2401 5101 2431 5101 2403 5101 2403 5102 2431 5102 2433 5102 2403 5103 2433 5103 2405 5103 2405 5104 2433 5104 2435 5104 2405 5105 2435 5105 2407 5105 2407 5106 2435 5106 2436 5106 2407 5107 2436 5107 2408 5107 2408 5108 2436 5108 2437 5108 2408 5109 2437 5109 2376 5109 2376 5110 2437 5110 2439 5110 2376 5111 2439 5111 2378 5111 2378 5112 2439 5112 2382 5112 2378 5113 2382 5113 2380 5113 2380 5114 2382 5114 2384 5114 2380 5115 2384 5115 2381 5115 2381 5116 2384 5116 2386 5116 2381 5117 2386 5117 2782 5117 2782 5118 2386 5118 2387 5118 2782 5119 2387 5119 2784 5119 2784 5120 2387 5120 2388 5120 2784 5121 2388 5121 2785 5121 2785 5122 2388 5122 2389 5122 2785 5123 2389 5123 2786 5123 2786 5124 2389 5124 2390 5124 2786 5125 2390 5125 2222 5125 2719 5126 2691 5126 2720 5126 2720 5127 2691 5127 2690 5127 2720 5128 2690 5128 2721 5128 2721 5129 2690 5129 2693 5129 2721 5130 2693 5130 2710 5130 2710 5131 2693 5131 2695 5131 2710 5132 2695 5132 2711 5132 2711 5133 2695 5133 2697 5133 2711 5134 2697 5134 2219 5134 2219 5135 2697 5135 2758 5135 2219 5136 2758 5136 2217 5136 2217 5137 2758 5137 2759 5137 2217 5138 2759 5138 2256 5138 2256 5139 2759 5139 2760 5139 2256 5140 2760 5140 2257 5140 2257 5141 2760 5141 2761 5141 2257 5142 2761 5142 2259 5142 2259 5143 2761 5143 2762 5143 2259 5144 2762 5144 2261 5144 2261 5145 2762 5145 2763 5145 2261 5146 2763 5146 2263 5146 2263 5147 2763 5147 2764 5147 2263 5148 2764 5148 2265 5148 2265 5149 2764 5149 2765 5149 2265 5150 2765 5150 2398 5150 2398 5151 2765 5151 2766 5151 2398 5152 2766 5152 2399 5152 2399 5153 2766 5153 2767 5153 2399 5154 2767 5154 2429 5154 2429 5155 2767 5155 2768 5155 2429 5156 2768 5156 2430 5156 2430 5157 2768 5157 2769 5157 2430 5158 2769 5158 2246 5158 2246 5159 2769 5159 2770 5159 2246 5160 2770 5160 2247 5160 2247 5161 2770 5161 2771 5161 2247 5162 2771 5162 2421 5162 2421 5163 2771 5163 2772 5163 2421 5164 2772 5164 2423 5164 2423 5165 2772 5165 2773 5165 2423 5166 2773 5166 2441 5166 2441 5167 2773 5167 2774 5167 2441 5168 2774 5168 2440 5168 2440 5169 2774 5169 2444 5169 2440 5170 2444 5170 793 5170 2419 5171 2787 5171 2418 5171 2418 5172 2787 5172 2788 5172 2418 5173 2788 5173 2417 5173 2417 5174 2788 5174 2789 5174 2417 5175 2789 5175 2416 5175 2416 5176 2789 5176 2790 5176 681 5177 695 5177 2791 5177 2791 5178 695 5178 2269 5178 2791 5179 2269 5179 2792 5179 2792 5180 2269 5180 2793 5180 2792 5181 2793 5181 2794 5181 2794 5182 2793 5182 2795 5182 2794 5183 2795 5183 2796 5183 2796 5184 2795 5184 2797 5184 2796 5185 2797 5185 2798 5185 2798 5186 2797 5186 2799 5186 2798 5187 2799 5187 2800 5187 2800 5188 2799 5188 2801 5188 2800 5189 2801 5189 2802 5189 2802 5190 2801 5190 2803 5190 2802 5191 2803 5191 2804 5191 2804 5192 2803 5192 2805 5192 2804 5193 2805 5193 2806 5193 2806 5194 2805 5194 2807 5194 2806 5195 2807 5195 2808 5195 2808 5196 2807 5196 2809 5196 2808 5197 2809 5197 2810 5197 2810 5198 2809 5198 2811 5198 2810 5199 2811 5199 2812 5199 2812 5200 2811 5200 2813 5200 2812 5201 2813 5201 2814 5201 2814 5202 2813 5202 2815 5202 2814 5203 2815 5203 2816 5203 2816 5204 2815 5204 2817 5204 2816 5205 2817 5205 2818 5205 2818 5206 2817 5206 2819 5206 2818 5207 2819 5207 2820 5207 2820 5208 2819 5208 2821 5208 2820 5209 2821 5209 2822 5209 2822 5210 2821 5210 2823 5210 2822 5211 2823 5211 2824 5211 2824 5212 2823 5212 2825 5212 2824 5213 2825 5213 2826 5213 2826 5214 2825 5214 2827 5214 2826 5215 2827 5215 2828 5215 2828 5216 2827 5216 2829 5216 2828 5217 2829 5217 2830 5217 2830 5218 2829 5218 2831 5218 2830 5219 2831 5219 2832 5219 2832 5220 2831 5220 2833 5220 2832 5221 2833 5221 2834 5221 2834 5222 2833 5222 2835 5222 2834 5223 2835 5223 2836 5223 711 5224 557 5224 2269 5224 2269 5225 557 5225 2298 5225 2269 5226 2298 5226 2793 5226 2793 5227 2298 5227 2639 5227 2793 5228 2639 5228 2795 5228 2795 5229 2639 5229 2641 5229 2795 5230 2641 5230 2797 5230 2797 5231 2641 5231 2642 5231 2797 5232 2642 5232 2799 5232 2799 5233 2642 5233 2643 5233 2799 5234 2643 5234 2801 5234 2801 5235 2643 5235 2678 5235 2801 5236 2678 5236 2803 5236 2803 5237 2678 5237 2656 5237 2803 5238 2656 5238 2805 5238 2805 5239 2656 5239 2658 5239 2805 5240 2658 5240 2807 5240 2807 5241 2658 5241 2660 5241 2807 5242 2660 5242 2809 5242 2809 5243 2660 5243 2662 5243 2809 5244 2662 5244 2811 5244 2811 5245 2662 5245 2664 5245 2811 5246 2664 5246 2813 5246 2813 5247 2664 5247 2666 5247 2813 5248 2666 5248 2815 5248 2815 5249 2666 5249 2668 5249 2815 5250 2668 5250 2817 5250 2817 5251 2668 5251 2670 5251 2817 5252 2670 5252 2819 5252 2819 5253 2670 5253 2644 5253 2819 5254 2644 5254 2821 5254 2821 5255 2644 5255 2646 5255 2821 5256 2646 5256 2823 5256 2823 5257 2646 5257 2648 5257 2823 5258 2648 5258 2825 5258 2825 5259 2648 5259 2650 5259 2825 5260 2650 5260 2827 5260 2827 5261 2650 5261 2653 5261 2827 5262 2653 5262 2829 5262 2829 5263 2653 5263 2655 5263 2829 5264 2655 5264 2831 5264 2831 5265 2655 5265 2837 5265 2831 5266 2837 5266 2833 5266 2833 5267 2837 5267 2838 5267 2833 5268 2838 5268 2835 5268 2835 5269 2838 5269 2839 5269 2835 5270 2839 5270 2836 5270 2836 5271 2839 5271 2840 5271 2836 5272 2840 5272 2536 5272 2536 5273 2840 5273 2841 5273 2536 5274 2841 5274 2535 5274 2535 5275 2841 5275 2842 5275 2535 5276 2842 5276 2534 5276 2534 5277 2842 5277 2843 5277 2534 5278 2843 5278 2533 5278 2533 5279 2843 5279 2844 5279 2533 5280 2844 5280 2239 5280 2239 5281 2844 5281 2476 5281 2239 5282 2476 5282 2237 5282 2237 5283 2476 5283 2475 5283 2237 5284 2475 5284 481 5284 481 5285 2475 5285 2474 5285 481 5286 2474 5286 2281 5286 2281 5287 2474 5287 2476 5287 2281 5288 2476 5288 2280 5288 2280 5289 2476 5289 2480 5289 2280 5290 2480 5290 483 5290 483 5291 2480 5291 476 5291 2220 5292 2845 5292 2846 5292 2846 5293 2845 5293 2847 5293 2846 5294 2847 5294 2848 5294 2848 5295 2847 5295 2849 5295 2848 5296 2849 5296 2850 5296 2850 5297 2849 5297 2851 5297 2850 5298 2851 5298 2852 5298 2852 5299 2851 5299 2466 5299 2852 5300 2466 5300 2470 5300 2470 5301 2466 5301 2465 5301 2470 5302 2465 5302 2469 5302 2469 5303 2465 5303 2464 5303 2469 5304 2464 5304 2493 5304 2493 5305 2464 5305 2463 5305 2493 5306 2463 5306 2233 5306 2233 5307 2463 5307 778 5307 2233 5308 778 5308 779 5308 679 5309 681 5309 2615 5309 2615 5310 681 5310 2791 5310 2615 5311 2791 5311 2616 5311 2616 5312 2791 5312 2792 5312 2616 5313 2792 5313 2617 5313 2617 5314 2792 5314 2794 5314 2617 5315 2794 5315 2618 5315 2618 5316 2794 5316 2796 5316 2618 5317 2796 5317 2619 5317 2619 5318 2796 5318 2798 5318 2619 5319 2798 5319 2620 5319 2620 5320 2798 5320 2800 5320 2620 5321 2800 5321 2621 5321 2621 5322 2800 5322 2802 5322 2621 5323 2802 5323 2622 5323 2622 5324 2802 5324 2804 5324 2622 5325 2804 5325 2623 5325 2623 5326 2804 5326 2806 5326 2623 5327 2806 5327 2624 5327 2624 5328 2806 5328 2808 5328 2624 5329 2808 5329 2625 5329 2625 5330 2808 5330 2810 5330 2625 5331 2810 5331 2626 5331 2626 5332 2810 5332 2812 5332 2626 5333 2812 5333 2627 5333 2627 5334 2812 5334 2814 5334 2627 5335 2814 5335 2628 5335 2628 5336 2814 5336 2816 5336 2628 5337 2816 5337 2629 5337 2629 5338 2816 5338 2818 5338 2629 5339 2818 5339 2630 5339 2630 5340 2818 5340 2820 5340 2630 5341 2820 5341 2631 5341 2631 5342 2820 5342 2822 5342 2631 5343 2822 5343 2632 5343 2632 5344 2822 5344 2824 5344 2632 5345 2824 5345 2633 5345 2633 5346 2824 5346 2826 5346 2633 5347 2826 5347 2634 5347 2634 5348 2826 5348 2828 5348 2634 5349 2828 5349 2635 5349 2635 5350 2828 5350 2830 5350 2635 5351 2830 5351 2636 5351 2636 5352 2830 5352 2832 5352 2636 5353 2832 5353 2637 5353 2637 5354 2832 5354 2834 5354 2637 5355 2834 5355 2609 5355 2609 5356 2834 5356 2836 5356 2609 5357 2836 5357 2611 5357 2611 5358 2836 5358 2536 5358 2611 5359 2536 5359 2612 5359 2612 5360 2536 5360 2232 5360 2612 5361 2232 5361 2613 5361 2613 5362 2232 5362 2231 5362 2613 5363 2231 5363 2614 5363 2614 5364 2231 5364 2531 5364 2614 5365 2531 5365 2229 5365 2229 5366 2531 5366 2471 5366 2229 5367 2471 5367 489 5367 2845 5368 2790 5368 2847 5368 2847 5369 2790 5369 2789 5369 2847 5370 2789 5370 2849 5370 2849 5371 2789 5371 2788 5371 2849 5372 2788 5372 2851 5372 2851 5373 2788 5373 2787 5373 2851 5374 2787 5374 2466 5374 2466 5375 2787 5375 2419 5375 2466 5376 2419 5376 2461 5376 2461 5377 2419 5377 2415 5377 2461 5378 2415 5378 2462 5378 2462 5379 2415 5379 2414 5379 2519 5380 504 5380 2516 5380 2519 5381 2516 5381 2522 5381 2522 5382 2516 5382 2515 5382 2522 5383 2515 5383 2524 5383 2524 5384 2515 5384 2517 5384 2524 5385 2517 5385 2525 5385 2525 5386 2517 5386 2497 5386 2525 5387 2497 5387 2610 5387 2610 5388 2497 5388 2226 5388 2610 5389 2226 5389 2585 5389 2585 5390 2226 5390 2228 5390 2585 5391 2228 5391 2583 5391 2583 5392 2228 5392 2638 5392 2583 5393 2638 5393 2581 5393 2581 5394 2638 5394 2318 5394 2581 5395 2318 5395 2579 5395 2579 5396 2318 5396 2317 5396 2579 5397 2317 5397 2577 5397 2577 5398 2317 5398 2316 5398 2577 5399 2316 5399 2575 5399 2575 5400 2316 5400 2315 5400 2575 5401 2315 5401 2573 5401 2573 5402 2315 5402 2314 5402 2573 5403 2314 5403 2571 5403 2571 5404 2314 5404 2313 5404 2571 5405 2313 5405 2569 5405 2569 5406 2313 5406 2537 5406 2569 5407 2537 5407 2567 5407 2567 5408 2537 5408 2538 5408 2567 5409 2538 5409 2565 5409 2565 5410 2538 5410 2539 5410 2565 5411 2539 5411 2563 5411 2563 5412 2539 5412 2301 5412 2563 5413 2301 5413 2561 5413 2561 5414 2301 5414 2302 5414 2561 5415 2302 5415 2559 5415 2559 5416 2302 5416 2303 5416 2559 5417 2303 5417 2557 5417 2557 5418 2303 5418 2304 5418 2557 5419 2304 5419 2555 5419 2555 5420 2304 5420 2305 5420 2555 5421 2305 5421 2553 5421 2553 5422 2305 5422 2306 5422 2553 5423 2306 5423 2551 5423 2551 5424 2306 5424 2307 5424 2551 5425 2307 5425 2548 5425 2548 5426 2307 5426 2308 5426 2548 5427 2308 5427 2546 5427 2546 5428 2308 5428 2309 5428 2546 5429 2309 5429 2544 5429 2544 5430 2309 5430 2310 5430 2544 5431 2310 5431 2542 5431 2542 5432 2310 5432 2311 5432 2542 5433 2311 5433 2540 5433 2540 5434 2311 5434 2312 5434 2540 5435 2312 5435 452 5435 452 5436 2312 5436 1184 5436 452 5437 1184 5437 453 5437 792 5438 785 5438 2454 5438 2454 5439 785 5439 2457 5439 2454 5440 2457 5440 2245 5440 2245 5441 2457 5441 2458 5441 2245 5442 2458 5442 2243 5442 2243 5443 2458 5443 2459 5443 2243 5444 2459 5444 2241 5444 2241 5445 2459 5445 791 5445 2241 5446 791 5446 781 5446 2220 5447 2222 5447 2845 5447 2845 5448 2222 5448 2390 5448 2845 5449 2390 5449 2790 5449 2790 5450 2390 5450 2251 5450 2790 5451 2251 5451 2416 5451 2416 5452 2251 5452 2250 5452 2416 5453 2250 5453 2409 5453 2409 5454 2250 5454 2397 5454 2409 5455 2397 5455 2410 5455 2410 5456 2397 5456 2396 5456 2410 5457 2396 5457 2412 5457 2412 5458 2396 5458 2456 5458 2412 5459 2456 5459 2414 5459 2414 5460 2456 5460 2244 5460 2414 5461 2244 5461 2462 5461 2462 5462 2244 5462 2242 5462 2462 5463 2242 5463 2460 5463 2460 5464 2242 5464 2241 5464 2460 5465 2241 5465 2463 5465 2463 5466 2241 5466 781 5466 2463 5467 781 5467 778 5467 2235 5468 463 5468 2284 5468 2235 5469 2284 5469 2236 5469 2236 5470 2284 5470 2476 5470 2236 5471 2476 5471 2491 5471 2491 5472 2476 5472 2844 5472 2491 5473 2844 5473 2467 5473 2467 5474 2844 5474 2843 5474 2467 5475 2843 5475 2468 5475 2468 5476 2843 5476 2842 5476 2468 5477 2842 5477 2470 5477 2470 5478 2842 5478 2841 5478 2470 5479 2841 5479 2852 5479 2852 5480 2841 5480 2840 5480 2852 5481 2840 5481 2850 5481 2850 5482 2840 5482 2839 5482 2850 5483 2839 5483 2848 5483 2848 5484 2839 5484 2838 5484 2848 5485 2838 5485 2846 5485 2846 5486 2838 5486 2837 5486 2846 5487 2837 5487 2220 5487 2220 5488 2837 5488 2655 5488 2220 5489 2655 5489 2221 5489 2221 5490 2655 5490 2654 5490 2221 5491 2654 5491 2712 5491 2712 5492 2654 5492 2652 5492 2712 5493 2652 5493 2713 5493 2713 5494 2652 5494 2651 5494 2713 5495 2651 5495 2719 5495 2719 5496 2651 5496 2649 5496 2719 5497 2649 5497 2691 5497 2691 5498 2649 5498 2647 5498 2691 5499 2647 5499 2692 5499 2692 5500 2647 5500 2645 5500 2692 5501 2645 5501 2694 5501 2694 5502 2645 5502 2672 5502 2694 5503 2672 5503 2696 5503 2696 5504 2672 5504 2671 5504 2696 5505 2671 5505 2722 5505 2722 5506 2671 5506 2669 5506 2722 5507 2669 5507 2723 5507 2723 5508 2669 5508 2667 5508 2723 5509 2667 5509 2689 5509 2689 5510 2667 5510 2665 5510 2689 5511 2665 5511 2687 5511 2687 5512 2665 5512 2663 5512 2687 5513 2663 5513 2685 5513 2685 5514 2663 5514 2661 5514 2685 5515 2661 5515 2683 5515 2683 5516 2661 5516 2659 5516 2683 5517 2659 5517 2681 5517 2681 5518 2659 5518 2657 5518 2681 5519 2657 5519 2679 5519 2679 5520 2657 5520 2676 5520 2679 5521 2676 5521 2358 5521 2358 5522 2676 5522 2706 5522 2358 5523 2706 5523 2359 5523 2359 5524 2706 5524 2743 5524 2359 5525 2743 5525 2334 5525 2334 5526 2743 5526 2741 5526 2334 5527 2741 5527 2333 5527 2333 5528 2741 5528 2740 5528 2333 5529 2740 5529 2332 5529 2332 5530 2740 5530 2738 5530 2332 5531 2738 5531 2331 5531 2331 5532 2738 5532 2295 5532 2331 5533 2295 5533 2330 5533 2330 5534 2295 5534 558 5534 2853 5535 2854 5535 2855 5535 2856 5536 2857 5536 2858 5536 2859 5537 2860 5537 2861 5537 2862 5538 2863 5538 2864 5538 2865 5539 2866 5539 2867 5539 2868 5540 2869 5540 2870 5540 398 5541 399 5541 2871 5541 2872 5542 2873 5542 2874 5542 2875 5543 2876 5543 2877 5543 2878 5544 424 5544 416 5544 2879 5545 2880 5545 2881 5545 2881 5546 2880 5546 2882 5546 2881 5547 2882 5547 2883 5547 2884 5548 2885 5548 2886 5548 2887 5549 2888 5549 2889 5549 2890 5550 2891 5550 2892 5550 2893 5551 2892 5551 2894 5551 2895 5552 2894 5552 2896 5552 2897 5553 2896 5553 2898 5553 2899 5554 2898 5554 2900 5554 2901 5555 2902 5555 2903 5555 2186 5556 2187 5556 2904 5556 269 5557 369 5557 2905 5557 33 5558 32 5558 2906 5558 168 5559 167 5559 2907 5559 48 5560 47 5560 2908 5560 2909 5561 132 5561 35 5561 130 5562 129 5562 2909 5562 2909 5563 129 5563 133 5563 2909 5564 133 5564 132 5564 2910 5565 118 5565 127 5565 122 5566 121 5566 2910 5566 2910 5567 121 5567 119 5567 2910 5568 119 5568 118 5568 2911 5569 111 5569 38 5569 108 5570 107 5570 2911 5570 2911 5571 107 5571 112 5571 2911 5572 112 5572 111 5572 101 5573 100 5573 2912 5573 2912 5574 100 5574 99 5574 2913 5575 93 5575 92 5575 2914 5576 2915 5576 78 5576 78 5577 2916 5577 79 5577 79 5578 2916 5578 2917 5578 79 5579 2917 5579 81 5579 81 5580 2917 5580 82 5580 71 5581 2918 5581 2919 5581 2920 5582 2921 5582 72 5582 41 5583 70 5583 2922 5583 2922 5584 70 5584 69 5584 2922 5585 69 5585 2923 5585 44 5586 42 5586 2924 5586 45 5587 2925 5587 65 5587 65 5588 2925 5588 2926 5588 65 5589 2926 5589 63 5589 48 5590 2908 5590 61 5590 60 5591 2873 5591 50 5591 50 5592 2873 5592 2872 5592 50 5593 2872 5593 51 5593 2927 5594 2928 5594 51 5594 51 5595 2928 5595 53 5595 194 5596 56 5596 2929 5596 2929 5597 56 5597 54 5597 2929 5598 54 5598 53 5598 57 5599 59 5599 58 5599 178 5600 180 5600 2930 5600 2930 5601 180 5601 181 5601 2931 5602 355 5602 354 5602 2931 5603 354 5603 2932 5603 2932 5604 354 5604 31 5604 2932 5605 31 5605 2933 5605 2933 5606 31 5606 19 5606 2933 5607 19 5607 226 5607 355 5608 2931 5608 177 5608 177 5609 2931 5609 2934 5609 177 5610 2934 5610 175 5610 2195 5611 2935 5611 2196 5611 2196 5612 2935 5612 2936 5612 2196 5613 2936 5613 2937 5613 2938 5614 2199 5614 2939 5614 2939 5615 2199 5615 2198 5615 2939 5616 2198 5616 2937 5616 2937 5617 2198 5617 2197 5617 2937 5618 2197 5618 2196 5618 2202 5619 2201 5619 2938 5619 2938 5620 2201 5620 2200 5620 2938 5621 2200 5621 2199 5621 2938 5622 2203 5622 2202 5622 2940 5623 2941 5623 2938 5623 2938 5624 2941 5624 2942 5624 2938 5625 2942 5625 2203 5625 2206 5626 2205 5626 2943 5626 2943 5627 2205 5627 2204 5627 2943 5628 2204 5628 2942 5628 2942 5629 2204 5629 2203 5629 2206 5630 2943 5630 2207 5630 2207 5631 2943 5631 2944 5631 2207 5632 2944 5632 2208 5632 2208 5633 2944 5633 2945 5633 2208 5634 2945 5634 2209 5634 2209 5635 2945 5635 2946 5635 2209 5636 2946 5636 2210 5636 2210 5637 2946 5637 2211 5637 2211 5638 2946 5638 2947 5638 2211 5639 2947 5639 2212 5639 2212 5640 2947 5640 2213 5640 2213 5641 2947 5641 2948 5641 2213 5642 2948 5642 2214 5642 2948 5643 2949 5643 2214 5643 2214 5644 2949 5644 2950 5644 2214 5645 2950 5645 2215 5645 2192 5646 2194 5646 2951 5646 2951 5647 2194 5647 2193 5647 2951 5648 2193 5648 2950 5648 2950 5649 2193 5649 2216 5649 2950 5650 2216 5650 2215 5650 2904 5651 2187 5651 2952 5651 2187 5652 2188 5652 2952 5652 2952 5653 2188 5653 2189 5653 2952 5654 2189 5654 2190 5654 137 5655 135 5655 2953 5655 2953 5656 135 5656 134 5656 2953 5657 134 5657 143 5657 142 5658 2183 5658 143 5658 143 5659 2183 5659 2184 5659 143 5660 2184 5660 2953 5660 2953 5661 2184 5661 2182 5661 2953 5662 2182 5662 2954 5662 2954 5663 2182 5663 2181 5663 2954 5664 2181 5664 2904 5664 2904 5665 2181 5665 2185 5665 2904 5666 2185 5666 2186 5666 2955 5667 2956 5667 2902 5667 2902 5668 2956 5668 2957 5668 2902 5669 2957 5669 2903 5669 2903 5670 2957 5670 2958 5670 2959 5671 2958 5671 2960 5671 2960 5672 2958 5672 2957 5672 2960 5673 2957 5673 2961 5673 2961 5674 2957 5674 2956 5674 2961 5675 2956 5675 2962 5675 2962 5676 2956 5676 2955 5676 2962 5677 2955 5677 2963 5677 2964 5678 2963 5678 2965 5678 2965 5679 2963 5679 2955 5679 2965 5680 2955 5680 2966 5680 2966 5681 2955 5681 2902 5681 2966 5682 2902 5682 2967 5682 2967 5683 2902 5683 2901 5683 2967 5684 2901 5684 2968 5684 2898 5685 2899 5685 2897 5685 2897 5686 2899 5686 2969 5686 2897 5687 2969 5687 2970 5687 2970 5688 2969 5688 2971 5688 2970 5689 2971 5689 2972 5689 2972 5690 2971 5690 2973 5690 2972 5691 2973 5691 2974 5691 2891 5692 2890 5692 2975 5692 2975 5693 2890 5693 2976 5693 2975 5694 2976 5694 2977 5694 2978 5695 2979 5695 2980 5695 2980 5696 2979 5696 2981 5696 2980 5697 2981 5697 2977 5697 2977 5698 2981 5698 2854 5698 2977 5699 2854 5699 2975 5699 2975 5700 2854 5700 2853 5700 2975 5701 2853 5701 2891 5701 2894 5702 2895 5702 2893 5702 2893 5703 2895 5703 2982 5703 2893 5704 2982 5704 2983 5704 2983 5705 2982 5705 2984 5705 2983 5706 2984 5706 2985 5706 2985 5707 2984 5707 2986 5707 2985 5708 2986 5708 2987 5708 2896 5709 2897 5709 2895 5709 2895 5710 2897 5710 2970 5710 2895 5711 2970 5711 2982 5711 2982 5712 2970 5712 2972 5712 2982 5713 2972 5713 2984 5713 2984 5714 2972 5714 2974 5714 2984 5715 2974 5715 2986 5715 2964 5716 2965 5716 2988 5716 2988 5717 2965 5717 2966 5717 2988 5718 2966 5718 2989 5718 2989 5719 2966 5719 2967 5719 2989 5720 2967 5720 2990 5720 2990 5721 2967 5721 2968 5721 2990 5722 2968 5722 179 5722 2991 5723 2992 5723 2993 5723 2993 5724 2992 5724 2959 5724 2993 5725 2959 5725 2994 5725 2994 5726 2959 5726 2960 5726 2994 5727 2960 5727 2995 5727 2995 5728 2960 5728 2961 5728 2995 5729 2961 5729 2996 5729 2996 5730 2961 5730 2962 5730 2996 5731 2962 5731 2997 5731 2997 5732 2962 5732 2963 5732 2997 5733 2963 5733 2998 5733 2998 5734 2963 5734 2964 5734 2998 5735 2964 5735 2999 5735 2999 5736 2964 5736 3000 5736 179 5737 178 5737 2990 5737 2990 5738 178 5738 2930 5738 2990 5739 2930 5739 2989 5739 2989 5740 2930 5740 3001 5740 2989 5741 3001 5741 2988 5741 2988 5742 3001 5742 3002 5742 2988 5743 3002 5743 2964 5743 2964 5744 3002 5744 3003 5744 2964 5745 3003 5745 3000 5745 3000 5746 3003 5746 3004 5746 2888 5747 2887 5747 3005 5747 3005 5748 2887 5748 3006 5748 3005 5749 3006 5749 3007 5749 3008 5750 3009 5750 3010 5750 3010 5751 3009 5751 3011 5751 3010 5752 3011 5752 3012 5752 3012 5753 3011 5753 3013 5753 3012 5754 3013 5754 3014 5754 3015 5755 3016 5755 3017 5755 3017 5756 3016 5756 3018 5756 3017 5757 3018 5757 3019 5757 3019 5758 3018 5758 3007 5758 3019 5759 3007 5759 3020 5759 3020 5760 3007 5760 3006 5760 3020 5761 3006 5761 3021 5761 3021 5762 3006 5762 2887 5762 3021 5763 2887 5763 3022 5763 3022 5764 2887 5764 2889 5764 3022 5765 2889 5765 3023 5765 3024 5766 3025 5766 3026 5766 3026 5767 3025 5767 3027 5767 3026 5768 3027 5768 3028 5768 3028 5769 3027 5769 3029 5769 3028 5770 3029 5770 3030 5770 3031 5771 3032 5771 3033 5771 3033 5772 3032 5772 3034 5772 3033 5773 3034 5773 3035 5773 3035 5774 3034 5774 3036 5774 3035 5775 3036 5775 3037 5775 3037 5776 3036 5776 3038 5776 3037 5777 3038 5777 3039 5777 3039 5778 3038 5778 3040 5778 3039 5779 3040 5779 3008 5779 3008 5780 3040 5780 3041 5780 3008 5781 3041 5781 3009 5781 3042 5782 3043 5782 3044 5782 3044 5783 3043 5783 3045 5783 3044 5784 3045 5784 3046 5784 3046 5785 3045 5785 3047 5785 3046 5786 3047 5786 3048 5786 3049 5787 3042 5787 3050 5787 3050 5788 3042 5788 3044 5788 3050 5789 3044 5789 3051 5789 3051 5790 3044 5790 3046 5790 3051 5791 3046 5791 3052 5791 3052 5792 3046 5792 3048 5792 30 5793 2878 5793 234 5793 234 5794 2878 5794 3053 5794 234 5795 3053 5795 3054 5795 3054 5796 3053 5796 3055 5796 2886 5797 2885 5797 3056 5797 3056 5798 2885 5798 3057 5798 3056 5799 3057 5799 3058 5799 3058 5800 3057 5800 3059 5800 3058 5801 3059 5801 3060 5801 3061 5802 3062 5802 3063 5802 3063 5803 3062 5803 3064 5803 3065 5804 3066 5804 3067 5804 3067 5805 3066 5805 3068 5805 3067 5806 3068 5806 3069 5806 3069 5807 3068 5807 3070 5807 3069 5808 3070 5808 3071 5808 3071 5809 3070 5809 3064 5809 3071 5810 3064 5810 3072 5810 3072 5811 3064 5811 3062 5811 3066 5812 2884 5812 3068 5812 3068 5813 2884 5813 2886 5813 3068 5814 2886 5814 3070 5814 3070 5815 2886 5815 3056 5815 3070 5816 3056 5816 3064 5816 3064 5817 3056 5817 3058 5817 3064 5818 3058 5818 3063 5818 3063 5819 3058 5819 3060 5819 3063 5820 3060 5820 3061 5820 3016 5821 3024 5821 3018 5821 3018 5822 3024 5822 3026 5822 3018 5823 3026 5823 3007 5823 3007 5824 3026 5824 3028 5824 3007 5825 3028 5825 3005 5825 3005 5826 3028 5826 3030 5826 3005 5827 3030 5827 2888 5827 3073 5828 3074 5828 3075 5828 411 5829 413 5829 3076 5829 426 5830 423 5830 3074 5830 427 5831 426 5831 3061 5831 3061 5832 426 5832 3074 5832 3061 5833 3074 5833 3062 5833 3062 5834 3074 5834 3073 5834 3062 5835 3073 5835 3072 5835 3059 5836 3077 5836 3060 5836 3060 5837 3077 5837 3076 5837 3060 5838 3076 5838 3061 5838 3061 5839 3076 5839 413 5839 3061 5840 413 5840 427 5840 2878 5841 416 5841 3078 5841 3078 5842 416 5842 415 5842 3078 5843 415 5843 411 5843 3078 5844 411 5844 3079 5844 3079 5845 3080 5845 3078 5845 3078 5846 3080 5846 3081 5846 3078 5847 3081 5847 3082 5847 3078 5848 3082 5848 2878 5848 3083 5849 420 5849 3084 5849 3084 5850 420 5850 425 5850 425 5851 419 5851 3084 5851 3084 5852 419 5852 418 5852 3084 5853 418 5853 3085 5853 3085 5854 418 5854 417 5854 3085 5855 417 5855 3086 5855 3086 5856 417 5856 412 5856 3086 5857 412 5857 3087 5857 3087 5858 412 5858 410 5858 3087 5859 410 5859 3088 5859 3088 5860 410 5860 3089 5860 3088 5861 3089 5861 3090 5861 3090 5862 3089 5862 2883 5862 3090 5863 2883 5863 3091 5863 3091 5864 2883 5864 2882 5864 422 5865 421 5865 3083 5865 3083 5866 421 5866 420 5866 423 5867 422 5867 3074 5867 3074 5868 422 5868 3083 5868 3074 5869 3083 5869 3075 5869 3075 5870 3083 5870 3084 5870 3075 5871 3084 5871 3015 5871 3015 5872 3084 5872 3085 5872 3015 5873 3085 5873 3016 5873 3016 5874 3085 5874 3086 5874 3016 5875 3086 5875 3024 5875 3024 5876 3086 5876 3087 5876 3024 5877 3087 5877 3025 5877 3025 5878 3087 5878 3088 5878 3025 5879 3088 5879 3027 5879 3027 5880 3088 5880 3090 5880 3027 5881 3090 5881 3029 5881 3029 5882 3090 5882 3091 5882 409 5883 414 5883 3092 5883 3092 5884 414 5884 405 5884 3092 5885 405 5885 3093 5885 3093 5886 405 5886 406 5886 3093 5887 406 5887 3094 5887 3094 5888 406 5888 407 5888 3094 5889 407 5889 408 5889 3095 5890 3096 5890 3097 5890 3098 5891 3099 5891 3095 5891 3095 5892 3099 5892 3096 5892 3096 5893 3099 5893 3100 5893 3096 5894 3100 5894 3101 5894 3102 5895 3103 5895 3104 5895 3104 5896 3103 5896 3105 5896 3106 5897 3107 5897 3108 5897 42 5898 41 5898 2924 5898 2924 5899 41 5899 2922 5899 2924 5900 2922 5900 3108 5900 3108 5901 2922 5901 2923 5901 3108 5902 2923 5902 3106 5902 3106 5903 2923 5903 69 5903 3106 5904 69 5904 3107 5904 3109 5905 3110 5905 3111 5905 3112 5906 3113 5906 3109 5906 3109 5907 3113 5907 3114 5907 67 5908 73 5908 3110 5908 3110 5909 73 5909 72 5909 3110 5910 72 5910 3111 5910 3111 5911 72 5911 2921 5911 3111 5912 2921 5912 3109 5912 3109 5913 2921 5913 2920 5913 3109 5914 2920 5914 3112 5914 3112 5915 2920 5915 72 5915 3112 5916 72 5916 3113 5916 3113 5917 72 5917 71 5917 3113 5918 71 5918 3114 5918 3114 5919 71 5919 2919 5919 3114 5920 2919 5920 3109 5920 3109 5921 2919 5921 2918 5921 3109 5922 2918 5922 3115 5922 3115 5923 2918 5923 71 5923 3115 5924 71 5924 77 5924 47 5925 63 5925 2908 5925 2908 5926 63 5926 2926 5926 2908 5927 2926 5927 2877 5927 2877 5928 2926 5928 2925 5928 2877 5929 2925 5929 2875 5929 2875 5930 2925 5930 45 5930 2875 5931 45 5931 2876 5931 3116 5932 3117 5932 3118 5932 3119 5933 3120 5933 3118 5933 3102 5934 3121 5934 3122 5934 3122 5935 3121 5935 3123 5935 3122 5936 3123 5936 2874 5936 3104 5937 3124 5937 3125 5937 3125 5938 3124 5938 2871 5938 395 5939 394 5939 396 5939 396 5940 394 5940 393 5940 396 5941 393 5941 3126 5941 3126 5942 393 5942 195 5942 3126 5943 195 5943 3118 5943 2874 5944 3118 5944 2872 5944 2872 5945 3118 5945 3117 5945 2872 5946 3117 5946 51 5946 51 5947 3117 5947 3116 5947 51 5948 3116 5948 2927 5948 2927 5949 3116 5949 3118 5949 2927 5950 3118 5950 2928 5950 2928 5951 3118 5951 3120 5951 2928 5952 3120 5952 53 5952 53 5953 3120 5953 3119 5953 53 5954 3119 5954 2929 5954 2929 5955 3119 5955 3118 5955 2929 5956 3118 5956 194 5956 194 5957 3118 5957 195 5957 402 5958 3126 5958 403 5958 403 5959 3126 5959 404 5959 402 5960 192 5960 3126 5960 3126 5961 192 5961 396 5961 396 5962 192 5962 191 5962 396 5963 191 5963 57 5963 57 5964 191 5964 59 5964 2874 5965 3123 5965 3118 5965 3118 5966 3123 5966 3127 5966 3118 5967 3127 5967 3126 5967 3126 5968 3127 5968 401 5968 3126 5969 401 5969 404 5969 3102 5970 3104 5970 3121 5970 3121 5971 3104 5971 3125 5971 3121 5972 3125 5972 3123 5972 3123 5973 3125 5973 2871 5973 3123 5974 2871 5974 3127 5974 3127 5975 2871 5975 399 5975 3127 5976 399 5976 401 5976 2862 5977 3128 5977 3129 5977 2862 5978 3129 5978 2863 5978 2863 5979 3129 5979 3130 5979 2863 5980 3130 5980 3131 5980 3132 5981 3131 5981 3133 5981 3133 5982 3131 5982 3130 5982 3133 5983 3130 5983 3134 5983 3134 5984 3130 5984 3129 5984 3134 5985 3129 5985 3135 5985 3135 5986 3129 5986 3128 5986 3135 5987 3128 5987 3136 5987 35 5988 138 5988 2909 5988 2909 5989 138 5989 3137 5989 2909 5990 3137 5990 130 5990 130 5991 3137 5991 3138 5991 130 5992 3138 5992 131 5992 131 5993 3138 5993 123 5993 3139 5994 126 5994 3138 5994 3138 5995 126 5995 124 5995 3138 5996 124 5996 123 5996 127 5997 126 5997 2910 5997 2910 5998 126 5998 3139 5998 2910 5999 3139 5999 122 5999 122 6000 3139 6000 3140 6000 122 6001 3140 6001 113 6001 113 6002 3140 6002 114 6002 3141 6003 117 6003 3140 6003 3140 6004 117 6004 116 6004 3140 6005 116 6005 114 6005 38 6006 117 6006 2911 6006 2911 6007 117 6007 3141 6007 2911 6008 3141 6008 108 6008 108 6009 3141 6009 3142 6009 108 6010 3142 6010 109 6010 109 6011 3142 6011 110 6011 3137 6012 3132 6012 3138 6012 3138 6013 3132 6013 3133 6013 3138 6014 3133 6014 3139 6014 3139 6015 3133 6015 3134 6015 3139 6016 3134 6016 3140 6016 3140 6017 3134 6017 3135 6017 3140 6018 3135 6018 3141 6018 3141 6019 3135 6019 3136 6019 3141 6020 3136 6020 3142 6020 3128 6021 3143 6021 3136 6021 3136 6022 3143 6022 3144 6022 3136 6023 3144 6023 3142 6023 3142 6024 3144 6024 3145 6024 3142 6025 3145 6025 2912 6025 2912 6026 3145 6026 98 6026 2912 6027 98 6027 101 6027 99 6028 105 6028 2912 6028 2912 6029 105 6029 103 6029 2912 6030 103 6030 3142 6030 3142 6031 103 6031 102 6031 3142 6032 102 6032 110 6032 92 6033 91 6033 2913 6033 2913 6034 91 6034 94 6034 2913 6035 94 6035 3146 6035 3146 6036 94 6036 96 6036 2869 6037 2868 6037 3147 6037 3147 6038 2868 6038 3148 6038 3147 6039 3148 6039 3146 6039 3146 6040 3148 6040 3149 6040 3146 6041 3149 6041 2913 6041 3150 6042 3151 6042 3152 6042 3152 6043 3153 6043 3154 6043 82 6044 2917 6044 3152 6044 3152 6045 2917 6045 2916 6045 3152 6046 2916 6046 3150 6046 3150 6047 2916 6047 78 6047 3150 6048 78 6048 3151 6048 3151 6049 78 6049 2915 6049 3151 6050 2915 6050 3152 6050 3152 6051 2915 6051 2914 6051 3152 6052 2914 6052 3153 6052 3153 6053 2914 6053 78 6053 3153 6054 78 6054 3154 6054 3154 6055 78 6055 3155 6055 3154 6056 3155 6056 3152 6056 84 6057 87 6057 3149 6057 3149 6058 87 6058 89 6058 3149 6059 89 6059 2913 6059 2913 6060 89 6060 90 6060 2913 6061 90 6061 93 6061 2866 6062 2865 6062 3156 6062 3156 6063 2865 6063 3157 6063 3156 6064 3157 6064 3109 6064 69 6065 67 6065 3107 6065 3107 6066 67 6066 3110 6066 3107 6067 3110 6067 3108 6067 3108 6068 3110 6068 3109 6068 3108 6069 3109 6069 3158 6069 3158 6070 3109 6070 3157 6070 3158 6071 3157 6071 3159 6071 3159 6072 3157 6072 2865 6072 3159 6073 2865 6073 3160 6073 3160 6074 2865 6074 2867 6074 3160 6075 2867 6075 3161 6075 2938 6076 3162 6076 2940 6076 2939 6077 3163 6077 2938 6077 2938 6078 3163 6078 3164 6078 2938 6079 3164 6079 3165 6079 2938 6080 3165 6080 3162 6080 3166 6081 3167 6081 3168 6081 3169 6082 3168 6082 3170 6082 3170 6083 3168 6083 3167 6083 3170 6084 3167 6084 3171 6084 3171 6085 3167 6085 3172 6085 3172 6086 2942 6086 3173 6086 3173 6087 2942 6087 2941 6087 3173 6088 2941 6088 3174 6088 3174 6089 2941 6089 2940 6089 3174 6090 2940 6090 3175 6090 3175 6091 2940 6091 3162 6091 3175 6092 3162 6092 3176 6092 3176 6093 3162 6093 3165 6093 3176 6094 3165 6094 3177 6094 3177 6095 3165 6095 3164 6095 3177 6096 3164 6096 3178 6096 3178 6097 3164 6097 3163 6097 3178 6098 3163 6098 3179 6098 3179 6099 3163 6099 2939 6099 3179 6100 2939 6100 3180 6100 3180 6101 2939 6101 2937 6101 3180 6102 2937 6102 3181 6102 3181 6103 2937 6103 2936 6103 3181 6104 2936 6104 3182 6104 3182 6105 2936 6105 2935 6105 3182 6106 2935 6106 3183 6106 3183 6107 2935 6107 2195 6107 3183 6108 2195 6108 267 6108 267 6109 2195 6109 268 6109 266 6110 269 6110 3184 6110 3184 6111 269 6111 2905 6111 3184 6112 2905 6112 3185 6112 3185 6113 2905 6113 3186 6113 3185 6114 3186 6114 3187 6114 3187 6115 3186 6115 3188 6115 3187 6116 3188 6116 3189 6116 3189 6117 3188 6117 3190 6117 3189 6118 3190 6118 3191 6118 3172 6119 3167 6119 2942 6119 2942 6120 3167 6120 3166 6120 2942 6121 3166 6121 2943 6121 2943 6122 3166 6122 3168 6122 2943 6123 3168 6123 2944 6123 2944 6124 3168 6124 3169 6124 2944 6125 3169 6125 2945 6125 2945 6126 3169 6126 3192 6126 2945 6127 3192 6127 2946 6127 2946 6128 3192 6128 3193 6128 2946 6129 3193 6129 2947 6129 2947 6130 3193 6130 3194 6130 2947 6131 3194 6131 2948 6131 2948 6132 3194 6132 3195 6132 2948 6133 3195 6133 2949 6133 2949 6134 3195 6134 3196 6134 2949 6135 3196 6135 2950 6135 2190 6136 2191 6136 2952 6136 2952 6137 2191 6137 2192 6137 2952 6138 2192 6138 3197 6138 3197 6139 2192 6139 2951 6139 3197 6140 2951 6140 3198 6140 3198 6141 2951 6141 2950 6141 3198 6142 2950 6142 3199 6142 3199 6143 2950 6143 3196 6143 167 6144 169 6144 2907 6144 2907 6145 169 6145 3200 6145 2907 6146 3200 6146 3201 6146 3190 6147 3202 6147 3191 6147 3191 6148 3202 6148 3203 6148 3191 6149 3203 6149 3204 6149 3204 6150 3203 6150 3205 6150 3204 6151 3205 6151 3206 6151 3206 6152 3205 6152 3207 6152 3206 6153 3207 6153 3208 6153 3208 6154 3207 6154 3209 6154 3208 6155 3209 6155 3210 6155 3210 6156 3209 6156 3211 6156 3210 6157 3211 6157 3212 6157 3212 6158 3211 6158 3213 6158 3212 6159 3213 6159 3214 6159 3214 6160 3213 6160 3215 6160 3214 6161 3215 6161 3216 6161 3216 6162 3215 6162 3217 6162 3216 6163 3217 6163 3218 6163 3218 6164 3217 6164 3219 6164 3218 6165 3219 6165 3220 6165 3220 6166 3219 6166 3221 6166 3220 6167 3221 6167 3222 6167 3222 6168 3221 6168 3223 6168 3222 6169 3223 6169 3224 6169 3224 6170 3223 6170 3225 6170 3224 6171 3225 6171 3226 6171 3226 6172 3225 6172 3227 6172 3226 6173 3227 6173 3228 6173 3228 6174 3227 6174 3229 6174 3228 6175 3229 6175 3230 6175 3230 6176 3229 6176 3231 6176 3230 6177 3231 6177 3232 6177 3232 6178 3231 6178 3233 6178 3232 6179 3233 6179 3234 6179 3234 6180 3233 6180 3235 6180 3234 6181 3235 6181 3236 6181 3236 6182 3235 6182 3237 6182 3236 6183 3237 6183 3238 6183 369 6184 277 6184 2905 6184 2905 6185 277 6185 3239 6185 2905 6186 3239 6186 3186 6186 3186 6187 3239 6187 3240 6187 3186 6188 3240 6188 3188 6188 3188 6189 3240 6189 3241 6189 3188 6190 3241 6190 3190 6190 3190 6191 3241 6191 3242 6191 3190 6192 3242 6192 3202 6192 3202 6193 3242 6193 3243 6193 3202 6194 3243 6194 3203 6194 3203 6195 3243 6195 3244 6195 3203 6196 3244 6196 3205 6196 3205 6197 3244 6197 3245 6197 3205 6198 3245 6198 3207 6198 3207 6199 3245 6199 3246 6199 3207 6200 3246 6200 3209 6200 3209 6201 3246 6201 3247 6201 3209 6202 3247 6202 3211 6202 3211 6203 3247 6203 3248 6203 3211 6204 3248 6204 3213 6204 3213 6205 3248 6205 3249 6205 3213 6206 3249 6206 3215 6206 3215 6207 3249 6207 3250 6207 3215 6208 3250 6208 3217 6208 3217 6209 3250 6209 3251 6209 3217 6210 3251 6210 3219 6210 3219 6211 3251 6211 3252 6211 3219 6212 3252 6212 3221 6212 3221 6213 3252 6213 3253 6213 3221 6214 3253 6214 3223 6214 3223 6215 3253 6215 3254 6215 3223 6216 3254 6216 3225 6216 3225 6217 3254 6217 3255 6217 3225 6218 3255 6218 3227 6218 3227 6219 3255 6219 3256 6219 3227 6220 3256 6220 3229 6220 3229 6221 3256 6221 3257 6221 3229 6222 3257 6222 3231 6222 3231 6223 3257 6223 3258 6223 3231 6224 3258 6224 3233 6224 3233 6225 3258 6225 3259 6225 3233 6226 3259 6226 3235 6226 3235 6227 3259 6227 3260 6227 3235 6228 3260 6228 3237 6228 3237 6229 3260 6229 3261 6229 3237 6230 3261 6230 3238 6230 3238 6231 3261 6231 3262 6231 3238 6232 3262 6232 3263 6232 3263 6233 3262 6233 3264 6233 3263 6234 3264 6234 2870 6234 2870 6235 3264 6235 3265 6235 2870 6236 3265 6236 2868 6236 2868 6237 3265 6237 3266 6237 2868 6238 3266 6238 3148 6238 3148 6239 3266 6239 3267 6239 3148 6240 3267 6240 3149 6240 3149 6241 3267 6241 3152 6241 3149 6242 3152 6242 84 6242 84 6243 3152 6243 3155 6243 84 6244 3155 6244 85 6244 85 6245 3155 6245 78 6245 277 6246 33 6246 3239 6246 3239 6247 33 6247 2906 6247 3239 6248 2906 6248 3240 6248 3240 6249 2906 6249 3268 6249 3240 6250 3268 6250 3241 6250 3241 6251 3268 6251 3269 6251 3241 6252 3269 6252 3242 6252 3242 6253 3269 6253 3270 6253 3242 6254 3270 6254 3243 6254 3243 6255 3270 6255 3271 6255 3243 6256 3271 6256 3244 6256 3244 6257 3271 6257 3272 6257 3244 6258 3272 6258 3245 6258 3245 6259 3272 6259 3273 6259 3245 6260 3273 6260 3246 6260 3246 6261 3273 6261 3274 6261 3246 6262 3274 6262 3247 6262 3247 6263 3274 6263 3275 6263 3247 6264 3275 6264 3248 6264 3248 6265 3275 6265 3276 6265 3248 6266 3276 6266 3249 6266 3249 6267 3276 6267 3277 6267 3249 6268 3277 6268 3250 6268 3250 6269 3277 6269 3278 6269 3250 6270 3278 6270 3251 6270 3251 6271 3278 6271 3279 6271 3251 6272 3279 6272 3252 6272 3252 6273 3279 6273 3280 6273 3252 6274 3280 6274 3253 6274 3253 6275 3280 6275 3281 6275 3253 6276 3281 6276 3254 6276 3254 6277 3281 6277 3282 6277 3254 6278 3282 6278 3255 6278 3255 6279 3282 6279 3283 6279 3255 6280 3283 6280 3256 6280 3256 6281 3283 6281 3284 6281 3256 6282 3284 6282 3257 6282 3257 6283 3284 6283 3285 6283 3257 6284 3285 6284 3258 6284 3258 6285 3285 6285 3286 6285 3258 6286 3286 6286 3259 6286 3259 6287 3286 6287 3287 6287 3259 6288 3287 6288 3260 6288 3260 6289 3287 6289 3288 6289 3260 6290 3288 6290 3261 6290 3261 6291 3288 6291 3289 6291 3261 6292 3289 6292 3262 6292 3199 6293 3290 6293 3198 6293 3198 6294 3290 6294 2864 6294 3198 6295 2864 6295 3197 6295 3197 6296 2864 6296 2863 6296 3197 6297 2863 6297 2952 6297 2952 6298 2863 6298 3131 6298 2952 6299 3131 6299 2904 6299 2904 6300 3131 6300 3132 6300 2904 6301 3132 6301 2954 6301 2954 6302 3132 6302 3137 6302 2954 6303 3137 6303 2953 6303 2953 6304 3137 6304 138 6304 2953 6305 138 6305 137 6305 170 6306 172 6306 3291 6306 3291 6307 172 6307 3292 6307 3291 6308 3292 6308 3293 6308 3293 6309 3292 6309 3294 6309 3293 6310 3294 6310 3295 6310 3295 6311 2861 6311 3296 6311 3296 6312 2861 6312 2860 6312 3296 6313 2860 6313 3297 6313 3298 6314 3299 6314 3300 6314 3300 6315 3299 6315 3301 6315 3300 6316 3301 6316 3302 6316 3302 6317 3301 6317 3303 6317 3302 6318 3303 6318 3304 6318 3303 6319 3305 6319 3304 6319 3304 6320 3305 6320 3306 6320 3304 6321 3306 6321 3307 6321 3307 6322 3306 6322 3308 6322 3307 6323 3308 6323 3309 6323 3310 6324 3311 6324 3312 6324 3312 6325 3311 6325 3313 6325 3312 6326 3313 6326 3314 6326 3314 6327 3313 6327 3315 6327 3314 6328 3315 6328 3316 6328 3316 6329 3315 6329 3317 6329 3316 6330 3317 6330 3318 6330 3318 6331 3317 6331 3319 6331 3318 6332 3319 6332 3320 6332 3320 6333 3319 6333 3321 6333 3320 6334 3321 6334 3322 6334 3322 6335 3321 6335 3323 6335 3322 6336 3323 6336 3324 6336 3324 6337 3323 6337 3325 6337 3324 6338 3325 6338 3298 6338 3298 6339 3325 6339 3326 6339 3298 6340 3326 6340 3299 6340 3295 6341 3294 6341 2861 6341 2861 6342 3294 6342 3327 6342 2861 6343 3327 6343 2859 6343 172 6344 176 6344 3292 6344 3292 6345 176 6345 3328 6345 3292 6346 3328 6346 3294 6346 3294 6347 3328 6347 3329 6347 3294 6348 3329 6348 3327 6348 3330 6349 3311 6349 3331 6349 3331 6350 3311 6350 3310 6350 3331 6351 3310 6351 3332 6351 3333 6352 3334 6352 3335 6352 3335 6353 3334 6353 3336 6353 3335 6354 3336 6354 3337 6354 3337 6355 3336 6355 3338 6355 3337 6356 3338 6356 3339 6356 3339 6357 3338 6357 3340 6357 3339 6358 3340 6358 3341 6358 3341 6359 3340 6359 3342 6359 3341 6360 3342 6360 3343 6360 3344 6361 3345 6361 3346 6361 3344 6362 3346 6362 3347 6362 3347 6363 3346 6363 3348 6363 3347 6364 3348 6364 3349 6364 3349 6365 3348 6365 3350 6365 3349 6366 3350 6366 3351 6366 3352 6367 3353 6367 3354 6367 3354 6368 3353 6368 3355 6368 3356 6369 3355 6369 3329 6369 3329 6370 3355 6370 3353 6370 3329 6371 3353 6371 3327 6371 3327 6372 3353 6372 3352 6372 3327 6373 3352 6373 2859 6373 3332 6374 3357 6374 3331 6374 3331 6375 3357 6375 3358 6375 3331 6376 3358 6376 3330 6376 3330 6377 3358 6377 3359 6377 3330 6378 3359 6378 3360 6378 3361 6379 3362 6379 3363 6379 3363 6380 3362 6380 3364 6380 3363 6381 3364 6381 3365 6381 3366 6382 3367 6382 3368 6382 3368 6383 3367 6383 3369 6383 3368 6384 3369 6384 3370 6384 3370 6385 3369 6385 3371 6385 3370 6386 3371 6386 3372 6386 3367 6387 3373 6387 3369 6387 3369 6388 3373 6388 3374 6388 3369 6389 3374 6389 3371 6389 3371 6390 3374 6390 3375 6390 3376 6391 3377 6391 3378 6391 3378 6392 3377 6392 3379 6392 3378 6393 3379 6393 3380 6393 3380 6394 3379 6394 3381 6394 3380 6395 3381 6395 3382 6395 3382 6396 3381 6396 3383 6396 3382 6397 3383 6397 3384 6397 3384 6398 3383 6398 3385 6398 3384 6399 3385 6399 3386 6399 3386 6400 3385 6400 3387 6400 3386 6401 3387 6401 3388 6401 3388 6402 3387 6402 3389 6402 3388 6403 3389 6403 3390 6403 3390 6404 3389 6404 3391 6404 2933 6405 3392 6405 2932 6405 2932 6406 3392 6406 3356 6406 2932 6407 3356 6407 2931 6407 2931 6408 3356 6408 3329 6408 2931 6409 3329 6409 2934 6409 2934 6410 3329 6410 3328 6410 2934 6411 3328 6411 175 6411 175 6412 3328 6412 176 6412 3393 6413 3394 6413 3395 6413 3393 6414 3395 6414 3396 6414 3396 6415 3395 6415 3397 6415 3396 6416 3397 6416 3360 6416 3332 6417 3297 6417 3357 6417 3357 6418 3297 6418 2860 6418 3357 6419 2860 6419 3358 6419 3358 6420 2860 6420 2859 6420 3358 6421 2859 6421 3359 6421 3359 6422 2859 6422 3352 6422 3359 6423 3352 6423 3360 6423 3360 6424 3352 6424 3354 6424 3360 6425 3354 6425 3396 6425 3396 6426 3354 6426 3355 6426 3396 6427 3355 6427 3393 6427 3393 6428 3355 6428 3356 6428 3393 6429 3356 6429 3394 6429 3394 6430 3356 6430 3392 6430 3377 6431 3343 6431 3379 6431 3379 6432 3343 6432 3342 6432 3379 6433 3342 6433 3381 6433 3381 6434 3342 6434 3340 6434 3381 6435 3340 6435 3383 6435 3383 6436 3340 6436 3338 6436 3383 6437 3338 6437 3385 6437 3385 6438 3338 6438 3336 6438 3385 6439 3336 6439 3387 6439 3387 6440 3336 6440 3334 6440 3387 6441 3334 6441 3389 6441 3389 6442 3334 6442 3333 6442 3389 6443 3333 6443 3391 6443 3391 6444 3333 6444 2991 6444 3391 6445 2991 6445 3398 6445 3398 6446 2991 6446 2993 6446 3398 6447 2993 6447 3399 6447 3399 6448 2993 6448 2994 6448 3399 6449 2994 6449 3400 6449 3400 6450 2994 6450 2995 6450 3400 6451 2995 6451 3401 6451 3401 6452 2995 6452 2996 6452 3401 6453 2996 6453 3402 6453 3402 6454 2996 6454 2997 6454 3402 6455 2997 6455 3403 6455 3403 6456 2997 6456 2998 6456 3403 6457 2998 6457 3404 6457 3404 6458 2998 6458 2999 6458 3404 6459 2999 6459 3405 6459 3405 6460 2999 6460 3000 6460 3405 6461 3000 6461 3406 6461 3406 6462 3000 6462 3004 6462 3406 6463 3004 6463 3407 6463 3407 6464 3004 6464 3003 6464 3407 6465 3003 6465 3408 6465 3408 6466 3003 6466 3002 6466 3408 6467 3002 6467 3409 6467 3409 6468 3002 6468 3001 6468 3409 6469 3001 6469 3055 6469 3055 6470 3001 6470 2930 6470 3055 6471 2930 6471 3054 6471 3054 6472 2930 6472 181 6472 3054 6473 181 6473 234 6473 30 6474 424 6474 2878 6474 3053 6475 2878 6475 3082 6475 3053 6476 3082 6476 3055 6476 3055 6477 3082 6477 3081 6477 3055 6478 3081 6478 3409 6478 3409 6479 3081 6479 3080 6479 3409 6480 3080 6480 3408 6480 3408 6481 3080 6481 3079 6481 3408 6482 3079 6482 3407 6482 3407 6483 3079 6483 3410 6483 3407 6484 3410 6484 3406 6484 3406 6485 3410 6485 3411 6485 3406 6486 3411 6486 3405 6486 3405 6487 3411 6487 3412 6487 3405 6488 3412 6488 3404 6488 3404 6489 3412 6489 3413 6489 3404 6490 3413 6490 3403 6490 3403 6491 3413 6491 3414 6491 3403 6492 3414 6492 3402 6492 3402 6493 3414 6493 3415 6493 3402 6494 3415 6494 3401 6494 3401 6495 3415 6495 3416 6495 3401 6496 3416 6496 3400 6496 3400 6497 3416 6497 3417 6497 3400 6498 3417 6498 3399 6498 3399 6499 3417 6499 3418 6499 3399 6500 3418 6500 3398 6500 3398 6501 3418 6501 3419 6501 3398 6502 3419 6502 3391 6502 3391 6503 3419 6503 3420 6503 3391 6504 3420 6504 3390 6504 3390 6505 3420 6505 3421 6505 3390 6506 3421 6506 3388 6506 3388 6507 3421 6507 3422 6507 3388 6508 3422 6508 3386 6508 3386 6509 3422 6509 3423 6509 3386 6510 3423 6510 3384 6510 3384 6511 3423 6511 3424 6511 3384 6512 3424 6512 3382 6512 3382 6513 3424 6513 3425 6513 3382 6514 3425 6514 3380 6514 3380 6515 3425 6515 3426 6515 3380 6516 3426 6516 3378 6516 3378 6517 3426 6517 3351 6517 3378 6518 3351 6518 3376 6518 3376 6519 3351 6519 3350 6519 3427 6520 3428 6520 3429 6520 3429 6521 3428 6521 3361 6521 3429 6522 3361 6522 3430 6522 3430 6523 3361 6523 3363 6523 3430 6524 3363 6524 3431 6524 3431 6525 3363 6525 3365 6525 3431 6526 3365 6526 2855 6526 2855 6527 2854 6527 3431 6527 3431 6528 2854 6528 2981 6528 3431 6529 2981 6529 3430 6529 3430 6530 2981 6530 2979 6530 3430 6531 2979 6531 3429 6531 3429 6532 2979 6532 2978 6532 3429 6533 2978 6533 3427 6533 2900 6534 3031 6534 2899 6534 2899 6535 3031 6535 3033 6535 2899 6536 3033 6536 2969 6536 2969 6537 3033 6537 3035 6537 2969 6538 3035 6538 2971 6538 2971 6539 3035 6539 3037 6539 2971 6540 3037 6540 2973 6540 2973 6541 3037 6541 3039 6541 2973 6542 3039 6542 2974 6542 2974 6543 3039 6543 3008 6543 2974 6544 3008 6544 2986 6544 2986 6545 3008 6545 3010 6545 2986 6546 3010 6546 2987 6546 2987 6547 3010 6547 3012 6547 2987 6548 3012 6548 3432 6548 3432 6549 3012 6549 3014 6549 3432 6550 3014 6550 3433 6550 3433 6551 3014 6551 3434 6551 3433 6552 3434 6552 3435 6552 3435 6553 3434 6553 3436 6553 3435 6554 3436 6554 3372 6554 3372 6555 3436 6555 3437 6555 3372 6556 3437 6556 3370 6556 3370 6557 3437 6557 3438 6557 3370 6558 3438 6558 3368 6558 3368 6559 3438 6559 2858 6559 3368 6560 2858 6560 3366 6560 3366 6561 2858 6561 2857 6561 2892 6562 2893 6562 2890 6562 2890 6563 2893 6563 2983 6563 2890 6564 2983 6564 2976 6564 2976 6565 2983 6565 2985 6565 2976 6566 2985 6566 2977 6566 2977 6567 2985 6567 2987 6567 2977 6568 2987 6568 2980 6568 2980 6569 2987 6569 3432 6569 2980 6570 3432 6570 2978 6570 2978 6571 3432 6571 3433 6571 2978 6572 3433 6572 3427 6572 3427 6573 3433 6573 3435 6573 3427 6574 3435 6574 3428 6574 3428 6575 3435 6575 3372 6575 3428 6576 3372 6576 3361 6576 3361 6577 3372 6577 3371 6577 3361 6578 3371 6578 3362 6578 3362 6579 3371 6579 3375 6579 3362 6580 3375 6580 3364 6580 3032 6581 3065 6581 3034 6581 3034 6582 3065 6582 3067 6582 3034 6583 3067 6583 3036 6583 3036 6584 3067 6584 3069 6584 3036 6585 3069 6585 3038 6585 3038 6586 3069 6586 3071 6586 3038 6587 3071 6587 3040 6587 3040 6588 3071 6588 3072 6588 3040 6589 3072 6589 3041 6589 3041 6590 3072 6590 3073 6590 3041 6591 3073 6591 3009 6591 3009 6592 3073 6592 3075 6592 3009 6593 3075 6593 3011 6593 3011 6594 3075 6594 3015 6594 3011 6595 3015 6595 3013 6595 3013 6596 3015 6596 3017 6596 3013 6597 3017 6597 3014 6597 3014 6598 3017 6598 3019 6598 3014 6599 3019 6599 3434 6599 3434 6600 3019 6600 3020 6600 3434 6601 3020 6601 3436 6601 3436 6602 3020 6602 3021 6602 3436 6603 3021 6603 3437 6603 3437 6604 3021 6604 3022 6604 3437 6605 3022 6605 3438 6605 3438 6606 3022 6606 3023 6606 3438 6607 3023 6607 2858 6607 3373 6608 3345 6608 3374 6608 3374 6609 3345 6609 3344 6609 3374 6610 3344 6610 3375 6610 3375 6611 3344 6611 3347 6611 3375 6612 3347 6612 3364 6612 3364 6613 3347 6613 3349 6613 3364 6614 3349 6614 3365 6614 3365 6615 3349 6615 3351 6615 3365 6616 3351 6616 2855 6616 2855 6617 3351 6617 3426 6617 2855 6618 3426 6618 2853 6618 2853 6619 3426 6619 3425 6619 2853 6620 3425 6620 2891 6620 2891 6621 3425 6621 3424 6621 2891 6622 3424 6622 2892 6622 2892 6623 3424 6623 3423 6623 2892 6624 3423 6624 2894 6624 2894 6625 3423 6625 3422 6625 2894 6626 3422 6626 2896 6626 2896 6627 3422 6627 3421 6627 2896 6628 3421 6628 2898 6628 2898 6629 3421 6629 3420 6629 2898 6630 3420 6630 2900 6630 2900 6631 3420 6631 3419 6631 2900 6632 3419 6632 3031 6632 3031 6633 3419 6633 3418 6633 3031 6634 3418 6634 3032 6634 3032 6635 3418 6635 3417 6635 3032 6636 3417 6636 3065 6636 3065 6637 3417 6637 3416 6637 3065 6638 3416 6638 3066 6638 3066 6639 3416 6639 3415 6639 3066 6640 3415 6640 2884 6640 2884 6641 3415 6641 3414 6641 2884 6642 3414 6642 2885 6642 2885 6643 3414 6643 3413 6643 2885 6644 3413 6644 3057 6644 3057 6645 3413 6645 3412 6645 3057 6646 3412 6646 3059 6646 3059 6647 3412 6647 3411 6647 3059 6648 3411 6648 3077 6648 3077 6649 3411 6649 3410 6649 3077 6650 3410 6650 3076 6650 3076 6651 3410 6651 3079 6651 3076 6652 3079 6652 411 6652 3052 6653 3439 6653 3051 6653 3051 6654 3439 6654 3440 6654 3051 6655 3440 6655 3050 6655 3050 6656 3440 6656 3441 6656 3050 6657 3441 6657 3049 6657 3049 6658 3441 6658 3442 6658 311 6659 168 6659 3443 6659 3443 6660 168 6660 2907 6660 3443 6661 2907 6661 3444 6661 3444 6662 2907 6662 3201 6662 3444 6663 3201 6663 3445 6663 3445 6664 3201 6664 3446 6664 3445 6665 3446 6665 3447 6665 3447 6666 3446 6666 3448 6666 3447 6667 3448 6667 3449 6667 3449 6668 3448 6668 3450 6668 3449 6669 3450 6669 3451 6669 3451 6670 3450 6670 3452 6670 3451 6671 3452 6671 3453 6671 3453 6672 3452 6672 3454 6672 3453 6673 3454 6673 3455 6673 3455 6674 3454 6674 3456 6674 3455 6675 3456 6675 3457 6675 3457 6676 3456 6676 3458 6676 3457 6677 3458 6677 3459 6677 3459 6678 3458 6678 3460 6678 3459 6679 3460 6679 3461 6679 3461 6680 3460 6680 3462 6680 3461 6681 3462 6681 3463 6681 3463 6682 3462 6682 3464 6682 3463 6683 3464 6683 3465 6683 3465 6684 3464 6684 3466 6684 3465 6685 3466 6685 3467 6685 3467 6686 3466 6686 3468 6686 3467 6687 3468 6687 3469 6687 3469 6688 3468 6688 3470 6688 3469 6689 3470 6689 3471 6689 3471 6690 3470 6690 3472 6690 3471 6691 3472 6691 3473 6691 3473 6692 3472 6692 3474 6692 3473 6693 3474 6693 3475 6693 3475 6694 3474 6694 3476 6694 3475 6695 3476 6695 3477 6695 3477 6696 3476 6696 3478 6696 3477 6697 3478 6697 3479 6697 3479 6698 3478 6698 3480 6698 3479 6699 3480 6699 3481 6699 3481 6700 3480 6700 3482 6700 3481 6701 3482 6701 3483 6701 3483 6702 3482 6702 3484 6702 3483 6703 3484 6703 3485 6703 3485 6704 3484 6704 3486 6704 3485 6705 3486 6705 3487 6705 169 6706 170 6706 3200 6706 3200 6707 170 6707 3291 6707 3200 6708 3291 6708 3201 6708 3201 6709 3291 6709 3293 6709 3201 6710 3293 6710 3446 6710 3446 6711 3293 6711 3295 6711 3446 6712 3295 6712 3448 6712 3448 6713 3295 6713 3296 6713 3448 6714 3296 6714 3450 6714 3450 6715 3296 6715 3297 6715 3450 6716 3297 6716 3452 6716 3452 6717 3297 6717 3332 6717 3452 6718 3332 6718 3454 6718 3454 6719 3332 6719 3310 6719 3454 6720 3310 6720 3456 6720 3456 6721 3310 6721 3312 6721 3456 6722 3312 6722 3458 6722 3458 6723 3312 6723 3314 6723 3458 6724 3314 6724 3460 6724 3460 6725 3314 6725 3316 6725 3460 6726 3316 6726 3462 6726 3462 6727 3316 6727 3318 6727 3462 6728 3318 6728 3464 6728 3464 6729 3318 6729 3320 6729 3464 6730 3320 6730 3466 6730 3466 6731 3320 6731 3322 6731 3466 6732 3322 6732 3468 6732 3468 6733 3322 6733 3324 6733 3468 6734 3324 6734 3470 6734 3470 6735 3324 6735 3298 6735 3470 6736 3298 6736 3472 6736 3472 6737 3298 6737 3300 6737 3472 6738 3300 6738 3474 6738 3474 6739 3300 6739 3302 6739 3474 6740 3302 6740 3476 6740 3476 6741 3302 6741 3304 6741 3476 6742 3304 6742 3478 6742 3478 6743 3304 6743 3307 6743 3478 6744 3307 6744 3480 6744 3480 6745 3307 6745 3309 6745 3480 6746 3309 6746 3482 6746 3482 6747 3309 6747 3488 6747 3482 6748 3488 6748 3484 6748 3484 6749 3488 6749 3489 6749 3484 6750 3489 6750 3486 6750 3486 6751 3489 6751 3490 6751 3486 6752 3490 6752 3487 6752 3487 6753 3490 6753 3491 6753 3487 6754 3491 6754 3161 6754 3161 6755 3491 6755 3492 6755 3161 6756 3492 6756 3160 6756 3160 6757 3492 6757 3493 6757 3160 6758 3493 6758 3159 6758 3159 6759 3493 6759 3494 6759 3159 6760 3494 6760 3158 6760 3158 6761 3494 6761 3495 6761 3158 6762 3495 6762 3108 6762 3108 6763 3495 6763 2877 6763 3108 6764 2877 6764 2924 6764 2924 6765 2877 6765 2876 6765 2924 6766 2876 6766 44 6766 44 6767 2876 6767 45 6767 2856 6768 3496 6768 3497 6768 3497 6769 3496 6769 3498 6769 3497 6770 3498 6770 3499 6770 3499 6771 3498 6771 3500 6771 3499 6772 3500 6772 3501 6772 3501 6773 3500 6773 3502 6773 3501 6774 3502 6774 3503 6774 3503 6775 3502 6775 3101 6775 3503 6776 3101 6776 3105 6776 3105 6777 3101 6777 3100 6777 3105 6778 3100 6778 3104 6778 3104 6779 3100 6779 3099 6779 3104 6780 3099 6780 3124 6780 3124 6781 3099 6781 3098 6781 3124 6782 3098 6782 2871 6782 2871 6783 3098 6783 397 6783 2871 6784 397 6784 398 6784 32 6785 311 6785 2906 6785 2906 6786 311 6786 3443 6786 2906 6787 3443 6787 3268 6787 3268 6788 3443 6788 3444 6788 3268 6789 3444 6789 3269 6789 3269 6790 3444 6790 3445 6790 3269 6791 3445 6791 3270 6791 3270 6792 3445 6792 3447 6792 3270 6793 3447 6793 3271 6793 3271 6794 3447 6794 3449 6794 3271 6795 3449 6795 3272 6795 3272 6796 3449 6796 3451 6796 3272 6797 3451 6797 3273 6797 3273 6798 3451 6798 3453 6798 3273 6799 3453 6799 3274 6799 3274 6800 3453 6800 3455 6800 3274 6801 3455 6801 3275 6801 3275 6802 3455 6802 3457 6802 3275 6803 3457 6803 3276 6803 3276 6804 3457 6804 3459 6804 3276 6805 3459 6805 3277 6805 3277 6806 3459 6806 3461 6806 3277 6807 3461 6807 3278 6807 3278 6808 3461 6808 3463 6808 3278 6809 3463 6809 3279 6809 3279 6810 3463 6810 3465 6810 3279 6811 3465 6811 3280 6811 3280 6812 3465 6812 3467 6812 3280 6813 3467 6813 3281 6813 3281 6814 3467 6814 3469 6814 3281 6815 3469 6815 3282 6815 3282 6816 3469 6816 3471 6816 3282 6817 3471 6817 3283 6817 3283 6818 3471 6818 3473 6818 3283 6819 3473 6819 3284 6819 3284 6820 3473 6820 3475 6820 3284 6821 3475 6821 3285 6821 3285 6822 3475 6822 3477 6822 3285 6823 3477 6823 3286 6823 3286 6824 3477 6824 3479 6824 3286 6825 3479 6825 3287 6825 3287 6826 3479 6826 3481 6826 3287 6827 3481 6827 3288 6827 3288 6828 3481 6828 3483 6828 3288 6829 3483 6829 3289 6829 3289 6830 3483 6830 3485 6830 3289 6831 3485 6831 3262 6831 3262 6832 3485 6832 3487 6832 3262 6833 3487 6833 3264 6833 3264 6834 3487 6834 3161 6834 3264 6835 3161 6835 3265 6835 3265 6836 3161 6836 2867 6836 3265 6837 2867 6837 3266 6837 3266 6838 2867 6838 2866 6838 3266 6839 2866 6839 3267 6839 3267 6840 2866 6840 3156 6840 3267 6841 3156 6841 3152 6841 3152 6842 3156 6842 3109 6842 3152 6843 3109 6843 82 6843 82 6844 3109 6844 3115 6844 82 6845 3115 6845 75 6845 75 6846 3115 6846 77 6846 3496 6847 3442 6847 3498 6847 3498 6848 3442 6848 3441 6848 3498 6849 3441 6849 3500 6849 3500 6850 3441 6850 3440 6850 3500 6851 3440 6851 3502 6851 3502 6852 3440 6852 3439 6852 3502 6853 3439 6853 3101 6853 3101 6854 3439 6854 3052 6854 3101 6855 3052 6855 3096 6855 3096 6856 3052 6856 3048 6856 3096 6857 3048 6857 3097 6857 3097 6858 3048 6858 3047 6858 267 6859 266 6859 3183 6859 3183 6860 266 6860 3184 6860 3183 6861 3184 6861 3182 6861 3182 6862 3184 6862 3185 6862 3182 6863 3185 6863 3181 6863 3181 6864 3185 6864 3187 6864 3181 6865 3187 6865 3180 6865 3180 6866 3187 6866 3189 6866 3180 6867 3189 6867 3179 6867 3179 6868 3189 6868 3191 6868 3179 6869 3191 6869 3178 6869 3178 6870 3191 6870 3204 6870 3178 6871 3204 6871 3177 6871 3177 6872 3204 6872 3206 6872 3177 6873 3206 6873 3176 6873 3176 6874 3206 6874 3208 6874 3176 6875 3208 6875 3175 6875 3175 6876 3208 6876 3210 6876 3175 6877 3210 6877 3174 6877 3174 6878 3210 6878 3212 6878 3174 6879 3212 6879 3173 6879 3173 6880 3212 6880 3214 6880 3173 6881 3214 6881 3172 6881 3172 6882 3214 6882 3216 6882 3172 6883 3216 6883 3171 6883 3171 6884 3216 6884 3218 6884 3171 6885 3218 6885 3170 6885 3170 6886 3218 6886 3220 6886 3170 6887 3220 6887 3169 6887 3169 6888 3220 6888 3222 6888 3169 6889 3222 6889 3192 6889 3192 6890 3222 6890 3224 6890 3192 6891 3224 6891 3193 6891 3193 6892 3224 6892 3226 6892 3193 6893 3226 6893 3194 6893 3194 6894 3226 6894 3228 6894 3194 6895 3228 6895 3195 6895 3195 6896 3228 6896 3230 6896 3195 6897 3230 6897 3196 6897 3196 6898 3230 6898 3232 6898 3196 6899 3232 6899 3199 6899 3199 6900 3232 6900 3234 6900 3199 6901 3234 6901 3290 6901 3290 6902 3234 6902 3236 6902 3290 6903 3236 6903 2864 6903 2864 6904 3236 6904 3238 6904 2864 6905 3238 6905 2862 6905 2862 6906 3238 6906 3263 6906 2862 6907 3263 6907 3128 6907 3128 6908 3263 6908 2870 6908 3128 6909 2870 6909 3143 6909 3143 6910 2870 6910 2869 6910 3143 6911 2869 6911 3144 6911 3144 6912 2869 6912 3147 6912 3144 6913 3147 6913 3145 6913 3145 6914 3147 6914 3146 6914 3145 6915 3146 6915 98 6915 98 6916 3146 6916 96 6916 410 6917 409 6917 3089 6917 3089 6918 409 6918 3092 6918 3089 6919 3092 6919 2883 6919 2883 6920 3092 6920 3093 6920 2883 6921 3093 6921 2881 6921 2881 6922 3093 6922 3094 6922 2881 6923 3094 6923 2879 6923 2879 6924 3094 6924 408 6924 2879 6925 408 6925 400 6925 2856 6926 2858 6926 3496 6926 3496 6927 2858 6927 3023 6927 3496 6928 3023 6928 3442 6928 3442 6929 3023 6929 2889 6929 3442 6930 2889 6930 3049 6930 3049 6931 2889 6931 2888 6931 3049 6932 2888 6932 3042 6932 3042 6933 2888 6933 3030 6933 3042 6934 3030 6934 3043 6934 3043 6935 3030 6935 3029 6935 3043 6936 3029 6936 3045 6936 3045 6937 3029 6937 3091 6937 3045 6938 3091 6938 3047 6938 3047 6939 3091 6939 2882 6939 3047 6940 2882 6940 3097 6940 3097 6941 2882 6941 2880 6941 3097 6942 2880 6942 3095 6942 3095 6943 2880 6943 2879 6943 3095 6944 2879 6944 3098 6944 3098 6945 2879 6945 400 6945 3098 6946 400 6946 397 6946 60 6947 61 6947 2873 6947 2873 6948 61 6948 2908 6948 2873 6949 2908 6949 2874 6949 2874 6950 2908 6950 2877 6950 2874 6951 2877 6951 3122 6951 3122 6952 2877 6952 3495 6952 3122 6953 3495 6953 3102 6953 3102 6954 3495 6954 3494 6954 3102 6955 3494 6955 3103 6955 3103 6956 3494 6956 3493 6956 3103 6957 3493 6957 3105 6957 3105 6958 3493 6958 3492 6958 3105 6959 3492 6959 3503 6959 3503 6960 3492 6960 3491 6960 3503 6961 3491 6961 3501 6961 3501 6962 3491 6962 3490 6962 3501 6963 3490 6963 3499 6963 3499 6964 3490 6964 3489 6964 3499 6965 3489 6965 3497 6965 3497 6966 3489 6966 3488 6966 3497 6967 3488 6967 2856 6967 2856 6968 3488 6968 3309 6968 2856 6969 3309 6969 2857 6969 2857 6970 3309 6970 3308 6970 2857 6971 3308 6971 3366 6971 3366 6972 3308 6972 3306 6972 3366 6973 3306 6973 3367 6973 3367 6974 3306 6974 3305 6974 3367 6975 3305 6975 3373 6975 3373 6976 3305 6976 3303 6976 3373 6977 3303 6977 3345 6977 3345 6978 3303 6978 3301 6978 3345 6979 3301 6979 3346 6979 3346 6980 3301 6980 3299 6980 3346 6981 3299 6981 3348 6981 3348 6982 3299 6982 3326 6982 3348 6983 3326 6983 3350 6983 3350 6984 3326 6984 3325 6984 3350 6985 3325 6985 3376 6985 3376 6986 3325 6986 3323 6986 3376 6987 3323 6987 3377 6987 3377 6988 3323 6988 3321 6988 3377 6989 3321 6989 3343 6989 3343 6990 3321 6990 3319 6990 3343 6991 3319 6991 3341 6991 3341 6992 3319 6992 3317 6992 3341 6993 3317 6993 3339 6993 3339 6994 3317 6994 3315 6994 3339 6995 3315 6995 3337 6995 3337 6996 3315 6996 3313 6996 3337 6997 3313 6997 3335 6997 3335 6998 3313 6998 3311 6998 3335 6999 3311 6999 3333 6999 3333 7000 3311 7000 3330 7000 3333 7001 3330 7001 2991 7001 2991 7002 3330 7002 3360 7002 2991 7003 3360 7003 2992 7003 2992 7004 3360 7004 3397 7004 2992 7005 3397 7005 2959 7005 2959 7006 3397 7006 3395 7006 2959 7007 3395 7007 2958 7007 2958 7008 3395 7008 3394 7008 2958 7009 3394 7009 2903 7009 2903 7010 3394 7010 3392 7010 2903 7011 3392 7011 2901 7011 2901 7012 3392 7012 2933 7012 2901 7013 2933 7013 2968 7013 2968 7014 2933 7014 226 7014 2968 7015 226 7015 179 7015</p>
                </triangles>
            </mesh>
        </geometry>
    </library_geometries>
    <library_visual_scenes>
        <visual_scene id="VisualSceneNode" name="VisualScene">
            <node id="node" name="node">
                <instance_geometry url="#shape0-lib"/>
            </node>
        </visual_scene>
    </library_visual_scenes>
    <scene>
        <instance_visual_scene url="#VisualSceneNode"/>
    </scene>
</COLLADA>
